CREATE USER erpuser1 IDENTIFIED BY root;

--##################################################
--CREATING TABLES
--##################################################

CREATE TABLE regions(
region_id NUMBER CONSTRAINT PK_REGIONS_REGIONID PRIMARY KEY,
region_name VARCHAR2(50) NOT NULL);

CREATE TABLE countries(
country_id CHAR(2) CONSTRAINT PK_COUNTRIES_COUNTRYID PRIMARY KEY,
country_name VARCHAR(40) NOT NULL,
region_id NUMBER CONSTRAINT FK_COUNTRIES_REGIONID REFERENCES REGIONS);

CREATE TABLE locations(
location_id NUMBER CONSTRAINT PK_LOCATIONS_LOCATIONID PRIMARY KEY,
address VARCHAR2(255) NOT NULL,
postal_code VARCHAR2(20),
city VARCHAR2(50),
state VARCHAR2(50),
country_id CHAR(2) CONSTRAINT FK_LOCATIONS_COUNTRYID REFERENCES COUNTRIES);

ALTER TABLE countries
MODIFY country_name VARCHAR2(40) NOT NULL;

CREATE TABLE warehouses(
warehouse_id NUMBER CONSTRAINT PK_WAREHOUSES_WAREHOUSEID PRIMARY KEY,
warehouse_name VARCHAR(255),
location_id NUMBER(12,0) CONSTRAINT FK_WAREHOUSES_LOCATIONID REFERENCES LOCATIONS);

CREATE TABLE employees(
employee_id NUMBER CONSTRAINT PK_EMPLOYEES_EMPLOYEEID PRIMARY KEY,
first_name VARCHAR(255) NOT NULL,
last_name VARCHAR(255) NOT NULL,
email VARCHAR(255) NOT NULL,
phone VARCHAR(50) NOT NULL,
hiredate DATE NOT NULL,
manager_id NUMBER(12,0) CONSTRAINT FK_EMPLOYEES_MANAGERID REFERENCES EMPLOYEES,
job_title VARCHAR(255) NOT NULL);

CREATE TABLE product_categories(
category_id NUMBER CONSTRAINT PK_PROCAT_CATEGORYID PRIMARY KEY,
category_name VARCHAR2(255) NOT NULL);

CREATE TABLE products(
product_id NUMBER CONSTRAINT PK_PRODUCTS_PRODUCTID PRIMARY KEY,
product_name VARCHAR2(255) NOT NULL,
description VARCHAR2(2000),
standard_cost NUMBER(9,2),
list_price NUMBER(9,2),
category_id NUMBER NOT NULL CONSTRAINT FK_PRODUCTS_CATEGORYID REFERENCES PRODUCT_CATEGORIES);

CREATE TABLE customers(
customer_id NUMBER CONSTRAINT PK_CUSTOMERS_CUSTOMERID PRIMARY KEY,
name VARCHAR2(255) NOT NULL,
address VARCHAR2(255),
website VARCHAR2(255),
credit_limit NUMBER(8,2));

CREATE TABLE contacts(
contact_id NUMBER CONSTRAINT PK_CONTACTS_CONTACTID PRIMARY KEY,
first_name VARCHAR2(255) NOT NULL,
last_name VARCHAR2(255) NOT NULL,
email VARCHAR2(255) NOT NULL,
phone VARCHAR2(20),
customer_id NUMBER CONSTRAINT FK_CONTACTS_CUSTOMERID REFERENCES CUSTOMERS);

CREATE TABLE orders(
order_id NUMBER CONSTRAINT PK_ORDERS_ORDERID PRIMARY KEY,
customer_id NUMBER(6,0) NOT NULL CONSTRAINT FK_ORDERS_CUSTOMERID REFERENCES CUSTOMERS,
status VARCHAR(20) NOT NULL,
salesman_id NUMBER(6,0) CONSTRAINT FK_ORDERS_SALESMANID REFERENCES EMPLOYEES,
order_date DATE NOT NULL);

CREATE TABLE order_items(
order_id NUMBER(12,0),
item_id NUMBER(12,0),
product_id NUMBER(12,0) NOT NULL,
quantity NUMBER(8,2) NOT NULL,
unit_price NUMBER(8,2) NOT NULL,
CONSTRAINT PK_ORDERITEMS_ORDERITEM PRIMARY KEY(order_id,item_id),
CONSTRAINT fk_order_items_products 
      FOREIGN KEY( product_id )
      REFERENCES products( product_id ) 
      ON DELETE CASCADE,
    CONSTRAINT fk_order_items_orders 
      FOREIGN KEY( order_id )
      REFERENCES orders( order_id ) 
      ON DELETE CASCADE
  );

CREATE TABLE inventories(
product_id NUMBER(12,0),
warehouse_id NUMBER(12,0),
quantity NUMBER(8,0) NOT NULL,
CONSTRAINT pk_inventories 
      PRIMARY KEY( product_id, warehouse_id ),
    CONSTRAINT fk_inventories_products 
      FOREIGN KEY( product_id )
      REFERENCES products( product_id ) 
      ON DELETE CASCADE,
    CONSTRAINT fk_inventories_warehouses 
      FOREIGN KEY( warehouse_id )
      REFERENCES warehouses( warehouse_id ) 
      ON DELETE CASCADE
  );

--########################################
--inserting values
--########################################

INSERT INTO REGIONS  VALUES (1,'Europe');
INSERT INTO REGIONS  VALUES (2,'Americas');
INSERT INTO REGIONS  VALUES (3,'Asia');
INSERT INTO REGIONS  VALUES (4,'Middle East and Africa');

INSERT INTO COUNTRIES  VALUES ('AR','Argentina',2);
INSERT INTO COUNTRIES  VALUES ('AU','Australia',3);
INSERT INTO COUNTRIES  VALUES ('BE','Belgium',1);
INSERT INTO COUNTRIES  VALUES ('BR','Brazil',2);
INSERT INTO COUNTRIES  VALUES ('CA','Canada',2);
INSERT INTO COUNTRIES  VALUES ('CH','Switzerland',1);
INSERT INTO COUNTRIES  VALUES ('CN','China',3);
INSERT INTO COUNTRIES  VALUES ('DE','Germany',1);
INSERT INTO COUNTRIES  VALUES ('DK','Denmark',1);
INSERT INTO COUNTRIES  VALUES ('EG','Egypt',4);
INSERT INTO COUNTRIES  VALUES ('FR','France',1);
INSERT INTO COUNTRIES  VALUES ('IL','Israel',4);
INSERT INTO COUNTRIES  VALUES ('IN','India',3);
INSERT INTO COUNTRIES  VALUES ('IT','Italy',1);
INSERT INTO COUNTRIES  VALUES ('JP','Japan',3);
INSERT INTO COUNTRIES  VALUES ('KW','Kuwait',4);
INSERT INTO COUNTRIES  VALUES ('ML','Malaysia',3);
INSERT INTO COUNTRIES  VALUES ('MX','Mexico',2);
INSERT INTO COUNTRIES  VALUES ('NG','Nigeria',4);
INSERT INTO COUNTRIES  VALUES ('NL','Netherlands',1);
INSERT INTO COUNTRIES  VALUES ('SG','Singapore',3);
INSERT INTO COUNTRIES  VALUES ('UK','United Kingdom',1);
INSERT INTO COUNTRIES  VALUES ('US','United States of America',2);
INSERT INTO COUNTRIES  VALUES ('ZM','Zambia',4);
INSERT INTO COUNTRIES  VALUES ('ZW','Zimbabwe',4);



INSERT INTO LOCATIONS  VALUES (1,'1297 Via Cola di Rie','00989','Roma',null,'IT');
INSERT INTO LOCATIONS  VALUES (2,'93091 Calle della Testa','10934','Venice',null,'IT');
INSERT INTO LOCATIONS  VALUES (3,'2017 Shinjuku-ku','1689','Tokyo','Tokyo Prefecture','JP');
INSERT INTO LOCATIONS  VALUES (4,'9450 Kamiya-cho','6823','Hiroshima',null,'JP');
INSERT INTO LOCATIONS  VALUES (5,'2014 Jabberwocky Rd','26192','Southlake','Texas','US');
INSERT INTO LOCATIONS  VALUES (6,'2011 Interiors Blvd','99236','South San Francisco','California','US');
INSERT INTO LOCATIONS  VALUES (7,'2007 Zagora St','50090','South Brunswick','New Jersey','US');
INSERT INTO LOCATIONS  VALUES (8,'2004 Charade Rd','98199','Seattle','Washington','US');
INSERT INTO LOCATIONS  VALUES (9,'147 Spadina Ave','M5V 2L7','Toronto','Ontario','CA');
INSERT INTO LOCATIONS  VALUES (10,'6092 Boxwood St','YSW 9T2','Whitehorse','Yukon','CA');
INSERT INTO LOCATIONS  VALUES (11,'40-5-12 Laogianggen','190518','Beijing',null,'CN');
INSERT INTO LOCATIONS  VALUES (12,'1298 Vileparle (E)','490231','Bombay','Maharashtra','IN');
INSERT INTO LOCATIONS  VALUES (13,'12-98 Victoria Street','2901','Sydney','New South Wales','AU');
INSERT INTO LOCATIONS  VALUES (14,'198 Clementi North','540198','Singapore',null,'SG');
INSERT INTO LOCATIONS  VALUES (15,'8204 Arthur St',null,'London',null,'UK');
INSERT INTO LOCATIONS  VALUES (16,'Magdalen Centre, The Oxford Science Park','OX9 9ZB','Oxford','Oxford','UK');
INSERT INTO LOCATIONS  VALUES (17,'9702 Chester Road','09629850293','Stretford','Manchester','UK');
INSERT INTO LOCATIONS  VALUES (18,'Schwanthalerstr 7031','80925','Munich','Bavaria','DE');
INSERT INTO LOCATIONS  VALUES (19,'Rua Frei Caneca 1360 ','01307-002','Sao Paulo','Sao Paulo','BR');
INSERT INTO LOCATIONS  VALUES (20,'20 Rue des Corps-Saints','1730','Geneva','Geneve','CH');
INSERT INTO LOCATIONS  VALUES (21,'Murtenstrasse 921','3095','Bern','BE','CH');
INSERT INTO LOCATIONS  VALUES (22,'Pieter Breughelstraat 837','3029SK','Utrecht','Utrecht','NL');
INSERT INTO LOCATIONS  VALUES (23,'Mariano Escobedo 9991','11932','Mexico City','Distrito Federal,','MX');


INSERT INTO WAREHOUSES  VALUES (1,'Southlake, Texas',5);
INSERT INTO WAREHOUSES  VALUES (2,'San Francisco',6);
INSERT INTO WAREHOUSES  VALUES (3,'New Jersey',7);
INSERT INTO WAREHOUSES  VALUES (4,'Seattle, Washington',8);
INSERT INTO WAREHOUSES  VALUES (5,'Toronto',9);
INSERT INTO WAREHOUSES  VALUES (6,'Sydney',13);
INSERT INTO WAREHOUSES  VALUES (7,'Mexico City',23);
INSERT INTO WAREHOUSES  VALUES (8,'Beijing',11);
INSERT INTO WAREHOUSES  VALUES (9,'Bombay',12);



INSERT INTO EMPLOYEES  VALUES (107,'Summer','Payne','summerpayne@examplecom','5151238181',to_date('07-JUN-16','DD-MON-RR'),106,'Public Accountant');
INSERT INTO EMPLOYEES  VALUES (106,'Rose','Stephens','rosestephens@examplecom','5151238080',to_date('07-JUN-16','DD-MON-RR'),2,'Accounting Manager');
INSERT INTO EMPLOYEES  VALUES (101,'Annabelle','Dunn','annabelledunn@examplecom','5151234444',to_date('17-SEP-16','DD-MON-RR'),2,'Administration Assistant');
INSERT INTO EMPLOYEES  VALUES (1,'Tommy','Bailey','tommybailey@examplecom','5151234567',to_date('17-JUN-16','DD-MON-RR'),null,'President');
INSERT INTO EMPLOYEES  VALUES (3,'Blake','Cooper','blakecooper@examplecom','5151234569',to_date('13-JAN-16','DD-MON-RR'),1,'Administration Vice President');
INSERT INTO EMPLOYEES  VALUES (2,'Jude','Rivera','juderivera@examplecom','5151234568',to_date('21-SEP-16','DD-MON-RR'),1,'Administration Vice President');
INSERT INTO EMPLOYEES  VALUES (11,'Tyler','Ramirez','tylerramirez@examplecom','5151244269',to_date('28-SEP-16','DD-MON-RR'),9,'Accountant');
INSERT INTO EMPLOYEES  VALUES (10,'Ryan','Gray','ryangray@examplecom','5151244169',to_date('16-AUG-16','DD-MON-RR'),9,'Accountant');
INSERT INTO EMPLOYEES  VALUES (14,'Elli','Brooks','ellibrooks@examplecom','5151244567',to_date('07-DEC-16','DD-MON-RR'),9,'Accountant');
INSERT INTO EMPLOYEES  VALUES (12,'Ellit','James','ellitjames@examplecom','5151244369',to_date('30-SEP-16','DD-MON-RR'),9,'Accountant');
INSERT INTO EMPLOYEES  VALUES (13,'Albert','Watson','albertwatson@examplecom','5151244469',to_date('07-MAR-16','DD-MON-RR'),9,'Accountant');
INSERT INTO EMPLOYEES  VALUES (9,'Mohammad','Peterson','mohammadpeterson@examplecom','5151244569',to_date('17-AUG-16','DD-MON-RR'),2,'Finance Manager');
INSERT INTO EMPLOYEES  VALUES (104,'Harper','Spencer','harperspencer@examplecom','5151237777',to_date('07-JUN-16','DD-MON-RR'),2,'Human Resources Representative');
INSERT INTO EMPLOYEES  VALUES (4,'Louie','Richardson','louierichardson@examplecom','5904234567',to_date('03-JAN-16','DD-MON-RR'),3,'Programmer');
INSERT INTO EMPLOYEES  VALUES (5,'Nathan','Cox','nathancox@examplecom','5904234568',to_date('21-MAY-16','DD-MON-RR'),4,'Programmer');
INSERT INTO EMPLOYEES  VALUES (8,'Bobby','Torres','bobbytorres@examplecom','5904235567',to_date('07-FEB-16','DD-MON-RR'),4,'Programmer');
INSERT INTO EMPLOYEES  VALUES (7,'Charles','Ward','charlesward@examplecom','5904234560',to_date('05-FEB-16','DD-MON-RR'),4,'Programmer');
INSERT INTO EMPLOYEES  VALUES (6,'Gabriel','Howard','gabrielhoward@examplecom','5904234569',to_date('25-JUN-16','DD-MON-RR'),4,'Programmer');
INSERT INTO EMPLOYEES  VALUES (102,'Emma','Perkins','emmaperkins@examplecom','5151235555',to_date('17-FEB-16','DD-MON-RR'),1,'Marketing Manager');
INSERT INTO EMPLOYEES  VALUES (103,'Amelie','Hudson','ameliehudson@examplecom','6031236666',to_date('17-AUG-16','DD-MON-RR'),102,'Marketing Representative');
INSERT INTO EMPLOYEES  VALUES (105,'Gracie','Gardner','graciegardner@examplecom','5151238888',to_date('07-JUN-16','DD-MON-RR'),2,'Public Relations Representative');
INSERT INTO EMPLOYEES  VALUES (17,'Frederick','Price','frederickprice@examplecom','5151274563',to_date('24-DEC-16','DD-MON-RR'),15,'Purchasing Clerk');
INSERT INTO EMPLOYEES  VALUES (16,'Alex','Sanders','alexsanders@examplecom','5151274562',to_date('18-MAY-16','DD-MON-RR'),15,'Purchasing Clerk');
INSERT INTO EMPLOYEES  VALUES (18,'Ollie','Bennett','olliebennett@examplecom','5151274564',to_date('24-JUL-16','DD-MON-RR'),15,'Purchasing Clerk');
INSERT INTO EMPLOYEES  VALUES (19,'Louis','Wood','louiswood@examplecom','5151274565',to_date('15-NOV-16','DD-MON-RR'),15,'Purchasing Clerk');
INSERT INTO EMPLOYEES  VALUES (20,'Dexter','Barnes','dexterbarnes@examplecom','5151274566',to_date('10-AUG-16','DD-MON-RR'),15,'Purchasing Clerk');
INSERT INTO EMPLOYEES  VALUES (15,'Rory','Kelly','rorykelly@examplecom','5151274561',to_date('07-DEC-16','DD-MON-RR'),1,'Purchasing Manager');
INSERT INTO EMPLOYEES  VALUES (49,'Isabella','Cole','isabellacole@examplecom','011441344619268',to_date('15-OCT-16','DD-MON-RR'),1,'Sales Manager');
INSERT INTO EMPLOYEES  VALUES (48,'Jessica','Woods','jessicawoods@examplecom','011441344429278',to_date('10-MAR-16','DD-MON-RR'),1,'Sales Manager');
INSERT INTO EMPLOYEES  VALUES (47,'Ella','Wallace','ellawallace@examplecom','011441344467268',to_date('05-JAN-16','DD-MON-RR'),1,'Sales Manager');
INSERT INTO EMPLOYEES  VALUES (46,'Ava','Sullivan','avasullivan@examplecom','011441344429268',to_date('01-OCT-16','DD-MON-RR'),1,'Sales Manager');
INSERT INTO EMPLOYEES  VALUES (50,'Mia','West','miawest@examplecom','011441344429018',to_date('29-JAN-16','DD-MON-RR'),1,'Sales Manager');
INSERT INTO EMPLOYEES  VALUES (56,'Evie','Harrison','evieharrison@examplecom','011441344486508',to_date('23-NOV-16','DD-MON-RR'),46,'Sales Representative');
INSERT INTO EMPLOYEES  VALUES (57,'Scarlett','Gibson','scarlettgibson@examplecom','011441345429268',to_date('30-JAN-16','DD-MON-RR'),47,'Sales Representative');
INSERT INTO EMPLOYEES  VALUES (58,'Ruby','Mcdonald','rubymcdonald@examplecom','011441345929268',to_date('04-MAR-16','DD-MON-RR'),47,'Sales Representative');
INSERT INTO EMPLOYEES  VALUES (59,'Chloe','Cruz','chloecruz@examplecom','011441345829268',to_date('01-AUG-16','DD-MON-RR'),47,'Sales Representative');
INSERT INTO EMPLOYEES  VALUES (60,'Isabelle','Marshall','isabellemarshall@examplecom','011441345729268',to_date('10-MAR-16','DD-MON-RR'),47,'Sales Representative');
INSERT INTO EMPLOYEES  VALUES (61,'Daisy','Ortiz','daisyortiz@examplecom','011441345629268',to_date('15-DEC-16','DD-MON-RR'),47,'Sales Representative');
INSERT INTO EMPLOYEES  VALUES (62,'Freya','Gomez','freyagomez@examplecom','011441345529268',to_date('03-NOV-16','DD-MON-RR'),47,'Sales Representative');
INSERT INTO EMPLOYEES  VALUES (80,'Elizabeth','Dixon','elizabethdixon@examplecom','011441644429262',to_date('04-JAN-16','DD-MON-RR'),50,'Sales Representative');
INSERT INTO EMPLOYEES  VALUES (64,'Florence','Freeman','florencefreeman@examplecom','011441346229268',to_date('19-MAR-16','DD-MON-RR'),48,'Sales Representative');
INSERT INTO EMPLOYEES  VALUES (65,'Alice','Wells','alicewells@examplecom','011441346329268',to_date('24-JAN-16','DD-MON-RR'),48,'Sales Representative');
INSERT INTO EMPLOYEES  VALUES (66,'Charlte','Webb','charltewebb@examplecom','011441346529268',to_date('23-FEB-16','DD-MON-RR'),48,'Sales Representative');
INSERT INTO EMPLOYEES  VALUES (67,'Sienna','Simpson','siennasimpson@examplecom','011441346629268',to_date('24-MAR-16','DD-MON-RR'),48,'Sales Representative');
INSERT INTO EMPLOYEES  VALUES (68,'Matilda','Stevens','matildastevens@examplecom','011441346729268',to_date('21-APR-16','DD-MON-RR'),48,'Sales Representative');
INSERT INTO EMPLOYEES  VALUES (69,'Evelyn','Tucker','evelyntucker@examplecom','011441343929268',to_date('11-MAR-16','DD-MON-RR'),49,'Sales Representative');
INSERT INTO EMPLOYEES  VALUES (70,'Eva','Porter','evaporter@examplecom','011441343829268',to_date('23-MAR-16','DD-MON-RR'),49,'Sales Representative');
INSERT INTO EMPLOYEES  VALUES (71,'Millie','Hunter','milliehunter@examplecom','011441343729268',to_date('24-JAN-16','DD-MON-RR'),49,'Sales Representative');
INSERT INTO EMPLOYEES  VALUES (72,'Sofia','Hicks','sofiahicks@examplecom','011441343629268',to_date('23-FEB-16','DD-MON-RR'),49,'Sales Representative');
INSERT INTO EMPLOYEES  VALUES (73,'Lucy','Crawford','lucycrawford@examplecom','011441343529268',to_date('24-MAR-16','DD-MON-RR'),49,'Sales Representative');
INSERT INTO EMPLOYEES  VALUES (74,'Elsie','Henry','elsiehenry@examplecom','011441343329268',to_date('21-APR-16','DD-MON-RR'),49,'Sales Representative');
INSERT INTO EMPLOYEES  VALUES (75,'Imogen','Boyd','imogenboyd@examplecom','011441644429267',to_date('11-MAY-16','DD-MON-RR'),50,'Sales Representative');
INSERT INTO EMPLOYEES  VALUES (76,'Layla','Mason','laylamason@examplecom','011441644429266',to_date('19-MAR-16','DD-MON-RR'),50,'Sales Representative');
INSERT INTO EMPLOYEES  VALUES (77,'Rosie','Morales','rosiemorales@examplecom','011441644429265',to_date('24-MAR-16','DD-MON-RR'),50,'Sales Representative');
INSERT INTO EMPLOYEES  VALUES (78,'Maya','Kennedy','mayakennedy@examplecom','011441644429264',to_date('23-APR-16','DD-MON-RR'),50,'Sales Representative');
INSERT INTO EMPLOYEES  VALUES (79,'Esme','Warren','esmewarren@examplecom','011441644429263',to_date('24-MAY-16','DD-MON-RR'),50,'Sales Representative');
INSERT INTO EMPLOYEES  VALUES (55,'Grace','Ellis','graceellis@examplecom','011441344987668',to_date('09-DEC-16','DD-MON-RR'),46,'Sales Representative');
INSERT INTO EMPLOYEES  VALUES (54,'Lily','Fisher','lilyfisher@examplecom','011441344498718',to_date('30-MAR-16','DD-MON-RR'),46,'Sales Representative');
INSERT INTO EMPLOYEES  VALUES (53,'Sophia','Reynolds','sophiareynolds@examplecom','011441344478968',to_date('20-AUG-16','DD-MON-RR'),46,'Sales Representative');
INSERT INTO EMPLOYEES  VALUES (52,'Sophie','Owens','sophieowens@examplecom','011441344345268',to_date('24-MAR-16','DD-MON-RR'),46,'Sales Representative');
INSERT INTO EMPLOYEES  VALUES (51,'Poppy','Jordan','poppyjordan@examplecom','011441344129268',to_date('30-JAN-16','DD-MON-RR'),46,'Sales Representative');
INSERT INTO EMPLOYEES  VALUES (63,'Phoebe','Murray','phoebemurray@examplecom','011441346129268',to_date('11-NOV-16','DD-MON-RR'),48,'Sales Representative');
INSERT INTO EMPLOYEES  VALUES (85,'Holly','Shaw','hollyshaw@examplecom','6505091876',to_date('27-JAN-16','DD-MON-RR'),22,'Shipping Clerk');
INSERT INTO EMPLOYEES  VALUES (86,'Emilia','Holmes','emiliaholmes@examplecom','6505092876',to_date('20-FEB-16','DD-MON-RR'),22,'Shipping Clerk');
INSERT INTO EMPLOYEES  VALUES (87,'Molly','Rice','mollyrice@examplecom','6505093876',to_date('24-JUN-16','DD-MON-RR'),22,'Shipping Clerk');
INSERT INTO EMPLOYEES  VALUES (88,'Ellie','Robertson','ellierobertson@examplecom','6505094876',to_date('07-FEB-16','DD-MON-RR'),22,'Shipping Clerk');
INSERT INTO EMPLOYEES  VALUES (89,'Jasmine','Hunt','jasminehunt@examplecom','6505051876',to_date('14-JUN-16','DD-MON-RR'),23,'Shipping Clerk');
INSERT INTO EMPLOYEES  VALUES (90,'Eliza','Black','elizablack@examplecom','6505052876',to_date('13-AUG-16','DD-MON-RR'),23,'Shipping Clerk');
INSERT INTO EMPLOYEES  VALUES (91,'Lilly','Daniels','lillydaniels@examplecom','6505053876',to_date('11-JUL-16','DD-MON-RR'),23,'Shipping Clerk');
INSERT INTO EMPLOYEES  VALUES (92,'Abigail','Palmer','abigailpalmer@examplecom','6505054876',to_date('19-DEC-16','DD-MON-RR'),23,'Shipping Clerk');
INSERT INTO EMPLOYEES  VALUES (93,'Georgia','Mills','georgiamills@examplecom','6505011876',to_date('04-FEB-16','DD-MON-RR'),24,'Shipping Clerk');
INSERT INTO EMPLOYEES  VALUES (94,'Maisie','Nichols','maisienichols@examplecom','6505012876',to_date('03-MAR-16','DD-MON-RR'),24,'Shipping Clerk');
INSERT INTO EMPLOYEES  VALUES (95,'Eleanor','Grant','eleanorgrant@examplecom','6505013876',to_date('01-JUL-16','DD-MON-RR'),24,'Shipping Clerk');
INSERT INTO EMPLOYEES  VALUES (96,'Hannah','Knight','hannahknight@examplecom','6505014876',to_date('17-MAR-16','DD-MON-RR'),24,'Shipping Clerk');
INSERT INTO EMPLOYEES  VALUES (97,'Harriet','Ferguson','harrietferguson@examplecom','6505079811',to_date('24-APR-16','DD-MON-RR'),25,'Shipping Clerk');
INSERT INTO EMPLOYEES  VALUES (98,'Amber','Rose','amberrose@examplecom','6505079822',to_date('23-MAY-16','DD-MON-RR'),25,'Shipping Clerk');
INSERT INTO EMPLOYEES  VALUES (99,'Bella','Stone','bellastone@examplecom','6505079833',to_date('21-JUN-16','DD-MON-RR'),25,'Shipping Clerk');
INSERT INTO EMPLOYEES  VALUES (100,'Thea','Hawkins','theahawkins@examplecom','6505079844',to_date('13-JAN-16','DD-MON-RR'),25,'Shipping Clerk');
INSERT INTO EMPLOYEES  VALUES (81,'Lola','Ramos','lolaramos@examplecom','6505079876',to_date('24-JAN-16','DD-MON-RR'),21,'Shipping Clerk');
INSERT INTO EMPLOYEES  VALUES (82,'Willow','Reyes','willowreyes@examplecom','6505079877',to_date('23-FEB-16','DD-MON-RR'),21,'Shipping Clerk');
INSERT INTO EMPLOYEES  VALUES (83,'Ivy','Burns','ivyburns@examplecom','6505079878',to_date('21-JUN-16','DD-MON-RR'),21,'Shipping Clerk');
INSERT INTO EMPLOYEES  VALUES (84,'Erin','Gordon','eringordon@examplecom','6505079879',to_date('03-FEB-16','DD-MON-RR'),21,'Shipping Clerk');
INSERT INTO EMPLOYEES  VALUES (33,'Reggie','Simmons','reggiesimmons@examplecom','6501248234',to_date('10-APR-16','DD-MON-RR'),22,'Stock Clerk');
INSERT INTO EMPLOYEES  VALUES (44,'Emily','Hamilton','emilyhamilton@examplecom','6501212874',to_date('15-MAR-16','DD-MON-RR'),25,'Stock Clerk');
INSERT INTO EMPLOYEES  VALUES (43,'Olivia','Ford','oliviaford@examplecom','6501212994',to_date('29-JAN-16','DD-MON-RR'),25,'Stock Clerk');
INSERT INTO EMPLOYEES  VALUES (42,'Amelia','Myers','ameliamyers@examplecom','6501218009',to_date('17-OCT-16','DD-MON-RR'),25,'Stock Clerk');
INSERT INTO EMPLOYEES  VALUES (41,'Connor','Hayes','connorhayes@examplecom','6501211834',to_date('06-APR-16','DD-MON-RR'),24,'Stock Clerk');
INSERT INTO EMPLOYEES  VALUES (26,'Leon','Powell','leonpowell@examplecom','6501241214',to_date('16-JUL-16','DD-MON-RR'),21,'Stock Clerk');
INSERT INTO EMPLOYEES  VALUES (27,'Kai','Long','kailong@examplecom','6501241224',to_date('28-SEP-16','DD-MON-RR'),21,'Stock Clerk');
INSERT INTO EMPLOYEES  VALUES (28,'Aaron','Patterson','aaronpatterson@examplecom','6501241334',to_date('14-JAN-16','DD-MON-RR'),21,'Stock Clerk');
INSERT INTO EMPLOYEES  VALUES (29,'Roman','Hughes','romanhughes@examplecom','6501241434',to_date('08-MAR-16','DD-MON-RR'),21,'Stock Clerk');
INSERT INTO EMPLOYEES  VALUES (30,'Austin','Flores','austinflores@examplecom','6501245234',to_date('20-AUG-16','DD-MON-RR'),22,'Stock Clerk');
INSERT INTO EMPLOYEES  VALUES (31,'Ellis','Washington','elliswashington@examplecom','6501246234',to_date('30-OCT-16','DD-MON-RR'),22,'Stock Clerk');
INSERT INTO EMPLOYEES  VALUES (32,'Jamie','Butler','jamiebutler@examplecom','6501247234',to_date('16-FEB-16','DD-MON-RR'),22,'Stock Clerk');
INSERT INTO EMPLOYEES  VALUES (45,'Isla','Graham','islagraham@examplecom','6501212004',to_date('09-JUL-16','DD-MON-RR'),25,'Stock Clerk');
INSERT INTO EMPLOYEES  VALUES (34,'Seth','Foster','sethfoster@examplecom','6501271934',to_date('14-JUN-16','DD-MON-RR'),23,'Stock Clerk');
INSERT INTO EMPLOYEES  VALUES (35,'Carter','Gonzales','cartergonzales@examplecom','6501271834',to_date('26-AUG-16','DD-MON-RR'),23,'Stock Clerk');
INSERT INTO EMPLOYEES  VALUES (36,'Felix','Bryant','felixbryant@examplecom','6501271734',to_date('12-DEC-16','DD-MON-RR'),23,'Stock Clerk');
INSERT INTO EMPLOYEES  VALUES (37,'Ibrahim','Alexander','ibrahimalexander@examplecom','6501271634',to_date('06-FEB-16','DD-MON-RR'),23,'Stock Clerk');
INSERT INTO EMPLOYEES  VALUES (38,'Sonny','Russell','sonnyrussell@examplecom','6501211234',to_date('14-JUL-16','DD-MON-RR'),24,'Stock Clerk');
INSERT INTO EMPLOYEES  VALUES (39,'Kian','Griffin','kiangriffin@examplecom','6501212034',to_date('26-OCT-16','DD-MON-RR'),24,'Stock Clerk');
INSERT INTO EMPLOYEES  VALUES (40,'Caleb','Diaz','calebdiaz@examplecom','6501212019',to_date('12-FEB-16','DD-MON-RR'),24,'Stock Clerk');
INSERT INTO EMPLOYEES  VALUES (25,'Ronnie','Perry','ronnieperry@examplecom','6501235234',to_date('16-NOV-16','DD-MON-RR'),1,'Stock Manager');
INSERT INTO EMPLOYEES  VALUES (24,'Callum','Jenkins','callumjenkins@examplecom','6501234234',to_date('10-OCT-16','DD-MON-RR'),1,'Stock Manager');
INSERT INTO EMPLOYEES  VALUES (23,'Jackson','Coleman','jacksoncoleman@examplecom','6501233234',to_date('01-MAY-16','DD-MON-RR'),1,'Stock Manager');
INSERT INTO EMPLOYEES  VALUES (22,'Liam','Henderson','liamhenderson@examplecom','6501232234',to_date('10-APR-16','DD-MON-RR'),1,'Stock Manager');
INSERT INTO EMPLOYEES  VALUES (21,'Jaxon','Ross','jaxonross@examplecom','6501231234',to_date('18-JUL-16','DD-MON-RR'),1,'Stock Manager');



INSERT INTO PRODUCT_CATEGORIES  VALUES (1,'CPU');
INSERT INTO PRODUCT_CATEGORIES  VALUES (2,'Video Card');
INSERT INTO PRODUCT_CATEGORIES  VALUES (3,'RAM');
INSERT INTO PRODUCT_CATEGORIES  VALUES (4,'Mher Board');
INSERT INTO PRODUCT_CATEGORIES  VALUES (5,'Storage');



INSERT INTO PRODUCTS  VALUES (228,'Intel Xeon E5-2699 V3 (OEM/Tray)','Speed:23GHz,Cores:18,TDP:145W',286751,341046,1);
INSERT INTO PRODUCTS  VALUES (248,'Intel Xeon E5-2697 V3','Speed:26GHz,Cores:14,TDP:145W',232627,277498,1);
INSERT INTO PRODUCTS  VALUES (249,'Intel Xeon E5-2698 V3 (OEM/Tray)','Speed:23GHz,Cores:16,TDP:135W',203518,266072,1);
INSERT INTO PRODUCTS  VALUES (2,'Intel Xeon E5-2697 V4','Speed:23GHz,Cores:18,TDP:145W',21444,255499,1);
INSERT INTO PRODUCTS  VALUES (45,'Intel Xeon E5-2685 V3 (OEM/Tray)','Speed:26GHz,Cores:12,TDP:120W',201211,250169,1);
INSERT INTO PRODUCTS  VALUES (46,'Intel Xeon E5-2695 V3 (OEM/Tray)','Speed:23GHz,Cores:14,TDP:120W',192513,243195,1);
INSERT INTO PRODUCTS  VALUES (47,'Intel Xeon E5-2697 V2','Speed:27GHz,Cores:12,TDP:130W',210159,237709,1);
INSERT INTO PRODUCTS  VALUES (51,'Intel Xeon E5-2695 V4','Speed:21GHz,Cores:18,TDP:120W',178035,226999,1);
INSERT INTO PRODUCTS  VALUES (91,'Intel Xeon E5-2695 V2','Speed:24GHz,Cores:12,TDP:115W',179353,225999,1);
INSERT INTO PRODUCTS  VALUES (92,'Intel Xeon E5-2643 V2 (OEM/Tray)','Speed:35GHz,Cores:6,TDP:130W',194018,2200,1);
INSERT INTO PRODUCTS  VALUES (93,'Intel Xeon E5-2690 (OEM/Tray)','Speed:29GHz,Cores:8,TDP:135W',188833,211672,1);
INSERT INTO PRODUCTS  VALUES (98,'Intel Xeon E5-2687W V3','Speed:31GHz,Cores:10,TDP:160W',178147,206499,1);
INSERT INTO PRODUCTS  VALUES (102,'Intel Xeon E5-2687W V4','Speed:30GHz,Cores:12,TDP:160W',172383,204269,1);
INSERT INTO PRODUCTS  VALUES (158,'Intel Xeon E5-2667 V3 (OEM/Tray)','Speed:32GHz,Cores:8,TDP:135W',150408,200946,1);
INSERT INTO PRODUCTS  VALUES (159,'Intel Xeon E5-2690 V4','Speed:26GHz,Cores:14,TDP:135W',149926,199449,1);
INSERT INTO PRODUCTS  VALUES (160,'Intel Xeon E5-2690 V3','Speed:26GHz,Cores:12,TDP:135W',154035,190873,1);
INSERT INTO PRODUCTS  VALUES (162,'Intel Xeon E5-2470V2','Speed:24GHz,Cores:10,TDP:95W',167195,19047,1);
INSERT INTO PRODUCTS  VALUES (163,'Intel Xeon E5-2683 V4','Speed:21GHz,Cores:16,TDP:120W',170695,189999,1);
INSERT INTO PRODUCTS  VALUES (164,'Intel Xeon E5-2637 V2 (OEM/Tray)','Speed:35GHz,Cores:4,TDP:130W',132312,1850,1);
INSERT INTO PRODUCTS  VALUES (169,'Intel Xeon E5-2683 V4 (OEM/Tray)','Speed:21GHz,Cores:16,TDP:120W',136983,184489,1);
INSERT INTO PRODUCTS  VALUES (240,'Intel Core i7-4960X Extreme Edition','Speed:36GHz,Cores:6,TDP:130W',149643,180597,1);
INSERT INTO PRODUCTS  VALUES (241,'Intel Xeon E5-2699 V4 (OEM/Tray)','Speed:22GHz,Cores:22,TDP:145W',153562,1756,1);
INSERT INTO PRODUCTS  VALUES (242,'Intel Xeon E5-1680 V3 (OEM/Tray)','Speed:32GHz,Cores:8,TDP:140W',151985,175199,1);
INSERT INTO PRODUCTS  VALUES (243,'Intel Xeon E5-2643 V4 (OEM/Tray)','Speed:34GHz,Cores:6,TDP:135W',122559,170886,1);
INSERT INTO PRODUCTS  VALUES (19,'Intel Core i7-6950X (OEM/Tray)','Speed:30GHz,Cores:10,TDP:140W',147956,170437,1);
INSERT INTO PRODUCTS  VALUES (52,'Intel Xeon E5-2670 V3','Speed:23GHz,Cores:12,TDP:120W',145394,167698,1);
INSERT INTO PRODUCTS  VALUES (165,'Intel Xeon E5-2680','Speed:27GHz,Cores:8,TDP:130W',147995,166661,1);
INSERT INTO PRODUCTS  VALUES (212,'Intel Xeon E5-2680 V4','Speed:24GHz,Cores:14,TDP:120W',136513,163999,1);
INSERT INTO PRODUCTS  VALUES (166,'Intel Xeon E5-2680 V3 (OEM/Tray)','Speed:25GHz,Cores:12,TDP:120W',116689,163889,1);
INSERT INTO PRODUCTS  VALUES (82,'Intel Core i7-6950X','Speed:30GHz,Cores:10,TDP:140W',105292,149989,1);
INSERT INTO PRODUCTS  VALUES (213,'Intel Xeon E5-2643 V3 (OEM/Tray)','Speed:34GHz,Cores:6,TDP:135W',126637,146996,1);
INSERT INTO PRODUCTS  VALUES (218,'Intel Xeon E5-2660 V4','Speed:20GHz,Cores:14,TDP:105W',119403,138889,1);
INSERT INTO PRODUCTS  VALUES (219,'Intel Xeon E5-2660 V3','Speed:26GHz,Cores:10,TDP:105W',104199,129973,1);
INSERT INTO PRODUCTS  VALUES (85,'Intel Xeon E5-2660 V3 (OEM/Tray)','Speed:26GHz,Cores:10,TDP:105W',90218,127499,1);
INSERT INTO PRODUCTS  VALUES (153,'Intel Xeon E5-2650 V2','Speed:26GHz,Cores:8,TDP:95W',96111,1249,1);
INSERT INTO PRODUCTS  VALUES (154,'Intel Xeon E5-2650 V3','Speed:23GHz,Cores:10,TDP:105W',90663,120498,1);
INSERT INTO PRODUCTS  VALUES (209,'Intel Core i7-990X Extreme Edition','Speed:347GHz,Cores:6,TDP:130W',107279,119999,1);
INSERT INTO PRODUCTS  VALUES (81,'Intel Xeon E5-2650 V4','Speed:22GHz,Cores:12,TDP:105W',94511,109999,1);
INSERT INTO PRODUCTS  VALUES (211,'Intel Xeon E5-2650','Speed:20GHz,Cores:8,TDP:95W',86903,106499,1);
INSERT INTO PRODUCTS  VALUES (210,'Intel Core i9-7900X','Speed:33GHz,Cores:10,TDP:140W',85582,102999,1);
INSERT INTO PRODUCTS  VALUES (54,'Intel Xeon E5-1660 V3 (OEM/Tray)','Speed:30GHz,Cores:8,TDP:140W',91452,101999,1);
INSERT INTO PRODUCTS  VALUES (167,'Intel Xeon E5-2650L V3 (OEM/Tray)','Speed:18GHz,Cores:12,TDP:65W',77917,101046,1);
INSERT INTO PRODUCTS  VALUES (214,'Intel Core i7-5960X','Speed:30GHz,Cores:8,TDP:140W',86559,100979,1);
INSERT INTO PRODUCTS  VALUES (53,'Intel Core 2 Extreme QX6800','Speed:293GHz,Cores:4,TDP:100W',78772,100398,1);
INSERT INTO PRODUCTS  VALUES (59,'Intel Core i7-5960X (OEM/Tray)','Speed:30GHz,Cores:8,TDP:140W',8798,97799,1);
INSERT INTO PRODUCTS  VALUES (176,'Intel Xeon E5-2650 V3 (OEM/Tray)','Speed:23GHz,Cores:10,TDP:105W',79998,93949,1);
INSERT INTO PRODUCTS  VALUES (9,'Intel Xeon E5-2640 V4','Speed:24GHz,Cores:10,TDP:90W',73871,89999,1);
INSERT INTO PRODUCTS  VALUES (119,'Intel Xeon E5-2640 V3','Speed:26GHz,Cores:8,TDP:90W',66824,89999,1);
INSERT INTO PRODUCTS  VALUES (120,'Intel Core 2 Extreme QX9775','Speed:32GHz,Cores:4,TDP:150W',73768,892,1);
INSERT INTO PRODUCTS  VALUES (16,'Intel Core i7-6900K','Speed:32GHz,Cores:8,TDP:140W',79289,88989,1);
INSERT INTO PRODUCTS  VALUES (111,'Intel Core i7-6900K (OEM/Tray)','Speed:32GHz,Cores:8,TDP:140W',62028,82737,1);
INSERT INTO PRODUCTS  VALUES (136,'AMD Opteron 6378','Speed:24GHz,Cores:16,TDP:115W',65192,82699,1);
INSERT INTO PRODUCTS  VALUES (27,'Intel Core i7-3960X Extreme Edition','Speed:33GHz,Cores:6,TDP:130W',57341,80074,1);
INSERT INTO PRODUCTS  VALUES (73,'Intel Core i7-4770K','Speed:35GHz,Cores:4,TDP:84W',71415,799,1);
INSERT INTO PRODUCTS  VALUES (70,'Intel Xeon E5-2687W','Speed:31GHz,Cores:8,TDP:150W',58116,71099,1);
INSERT INTO PRODUCTS  VALUES (74,'Intel Xeon E5-2680 V2','Speed:28GHz,Cores:10,TDP:115W',56781,70195,1);
INSERT INTO PRODUCTS  VALUES (198,'Intel Core i7-980','Speed:333GHz,Cores:6,TDP:130W',5637,69999,1);
INSERT INTO PRODUCTS  VALUES (69,'Intel Core i7-7820X','Speed:36GHz,Cores:8,TDP:140W',5111,67875,1);
INSERT INTO PRODUCTS  VALUES (71,'Intel Core i7-3930K','Speed:32GHz,Cores:6,TDP:130W',50932,660,1);
INSERT INTO PRODUCTS  VALUES (199,'Intel Xeon E5-2630 V4','Speed:22GHz,Cores:10,TDP:85W',52895,64799,1);
INSERT INTO PRODUCTS  VALUES (76,'Intel Xeon E5-2630 V3','Speed:24GHz,Cores:8,TDP:85W',49996,62999,1);
INSERT INTO PRODUCTS  VALUES (75,'Intel Core i7-4930K','Speed:34GHz,Cores:6,TDP:130W',52769,62404,1);
INSERT INTO PRODUCTS  VALUES (200,'Intel Core i7-4790K','Speed:40GHz,Cores:4,TDP:88W',46192,62095,1);
INSERT INTO PRODUCTS  VALUES (106,'Intel Xeon E5-2640 V2','Speed:20GHz,Cores:8,TDP:95W',54519,60895,1);
INSERT INTO PRODUCTS  VALUES (8,'Intel Xeon E5-1650 V4','Speed:36GHz,Cores:6,TDP:140W',53547,60199,1);
INSERT INTO PRODUCTS  VALUES (124,'Intel Xeon E5-1650 V4 (OEM/Tray)','Speed:36GHz,Cores:6,TDP:140W',45314,59499,1);
INSERT INTO PRODUCTS  VALUES (72,'Intel Xeon E5-2630 V3 (OEM/Tray)','Speed:24GHz,Cores:8,TDP:85W',4219,58999,1);
INSERT INTO PRODUCTS  VALUES (155,'Intel Xeon E5-2630 V2','Speed:26GHz,Cores:6,TDP:80W',49348,58895,1);
INSERT INTO PRODUCTS  VALUES (80,'Intel Xeon E5-1650 V3','Speed:35GHz,Cores:6,TDP:140W',39977,56489,1);
INSERT INTO PRODUCTS  VALUES (132,'Intel Core i7-5930K','Speed:35GHz,Cores:6,TDP:140W',48156,55499,1);
INSERT INTO PRODUCTS  VALUES (133,'PNY VCQP6000-PB','Chipset:Quadro P6000,Memory:24GBCore Clock:142GHz',405899,549999,2);
INSERT INTO PRODUCTS  VALUES (206,'PNY VCQM6000-24GB-PB','Chipset:Quadro M6000,Memory:24GBCore Clock:988MHz',361914,4139,2);
INSERT INTO PRODUCTS  VALUES (207,'PNY VCQM6000-PB','Chipset:Quadro M6000,Memory:12GBCore Clock:988MHz',250504,325499,2);
INSERT INTO PRODUCTS  VALUES (110,'ATI FirePro W9000','Chipset:FirePro W9000,Memory:6GBCore Clock:975MHz',278555,319297,2);
INSERT INTO PRODUCTS  VALUES (123,'ATI FirePro S9150','Chipset:FirePro S9150,Memory:16GBCore Clock:900MHz',262806,317744,2);
INSERT INTO PRODUCTS  VALUES (142,'AMD FirePro W9100','Chipset:FirePro W9100,Memory:16GBCore Clock:930MHz',248338,299889,2);
INSERT INTO PRODUCTS  VALUES (105,'EVGA 12G-P4-3992-KR','Chipset:GeForce GTX Titan Z,Memory:12GBCore Clock:732MHz',231307,279999,2);
INSERT INTO PRODUCTS  VALUES (4,'AMD 100-505989','Chipset:FirePro W9100,Memory:32GBCore Clock:930MHz',212867,269999,2);
INSERT INTO PRODUCTS  VALUES (5,'PNY VCQK6000-PB','Chipset:Quadro K6000,Memory:12GBCore Clock:902MHz',174031,229079,2);
INSERT INTO PRODUCTS  VALUES (11,'PNY VCQP5000-PB','Chipset:Quadro P5000,Memory:16GBCore Clock:161GHz',160221,201511,2);
INSERT INTO PRODUCTS  VALUES (178,'HP C2J95AT','Chipset:Quadro K5000,Memory:4GBCore Clock:706MHz',171591,199989,2);
INSERT INTO PRODUCTS  VALUES (267,'EVGA 12G-P4-1999-KR','Chipset:GeForce GTX Titan X,Memory:12GBCore Clock:115GHz',132803,179999,2);
INSERT INTO PRODUCTS  VALUES (177,'PNY VCQM5000-PB','Chipset:Quadro M5000,Memory:8GBCore Clock:861MHz',126842,175999,2);
INSERT INTO PRODUCTS  VALUES (245,'ATI FirePro S9050','Chipset:FirePro S9050,Memory:12GBCore Clock:900MHz',123704,1699,2);
INSERT INTO PRODUCTS  VALUES (161,'AMD 100-5056062','Chipset:Vega Frontier Edition Liquid,Memory:16GBCore Clock:15GHz',134384,149999,2);
INSERT INTO PRODUCTS  VALUES (186,'PNY VCQK5200-PB','Chipset:Quadro K5200,Memory:8GBCore Clock:667MHz',112939,144998,2);
INSERT INTO PRODUCTS  VALUES (48,'AMD FirePro S7000','Chipset:FirePro S7000,Memory:4GBCore Clock:950MHz',93642,12185,2);
INSERT INTO PRODUCTS  VALUES (184,'AMD 100-506061','Chipset:Vega Frontier Edition,Memory:16GBCore Clock:144GHz',70699,99999,2);
INSERT INTO PRODUCTS  VALUES (181,'ATI FirePro R5000','Chipset:FirePro R5000,Memory:2GBCore Clock:825MHz',76059,99999,2);
INSERT INTO PRODUCTS  VALUES (182,'PNY VCQK4200-PB','Chipset:Quadro K4200,Memory:4GBCore Clock:771MHz',79905,94989,2);
INSERT INTO PRODUCTS  VALUES (183,'Asus GTX780TI-3GD5','Chipset:GeForce GTX 780 Ti,Memory:3GBCore Clock:876MHz',78191,89999,2);
INSERT INTO PRODUCTS  VALUES (185,'MSI GTX 1080 TI LIGHTNING Z','Chipset:GeForce GTX 1080 Ti,Memory:11GBCore Clock:161GHz',68835,87398,2);
INSERT INTO PRODUCTS  VALUES (281,'Asus ROG-POSEIDON-GTX1080TI-P11G-GAMING','Chipset:GeForce GTX 1080 Ti,Memory:11GBCore Clock:162GHz',69614,86498,2);
INSERT INTO PRODUCTS  VALUES (216,'MSI GTX 1080 TI LIGHTNING X','Chipset:GeForce GTX 1080 Ti,Memory:11GBCore Clock:157GHz',74294,86398,2);
INSERT INTO PRODUCTS  VALUES (6,'Zac ZT-P10810A-10P','Chipset:GeForce GTX 1080 Ti,Memory:11GBCore Clock:148GHz',70235,84999,2);
INSERT INTO PRODUCTS  VALUES (108,'MSI GAMING','Chipset:GeForce GTX 780 Ti,Memory:3GBCore Clock:102GHz',75318,84999,2);
INSERT INTO PRODUCTS  VALUES (83,'Asus STRIX-GTX1080TI-O11G-GAMING','Chipset:GeForce GTX 1080 Ti,Memory:11GBCore Clock:157GHz',69113,82999,2);
INSERT INTO PRODUCTS  VALUES (215,'PNY VCQP4000-PB','Chipset:Quadro P4000,Memory:8GBCore Clock:123GHz',724,82989,2);
INSERT INTO PRODUCTS  VALUES (12,'Gigabyte GV-N108TAORUSX W-11GD','Chipset:GeForce GTX 1080 Ti,Memory:11GBCore Clock:163GHz',59605,82498,2);
INSERT INTO PRODUCTS  VALUES (114,'Zac ZT-70203-10P','Chipset:GeForce GTX 780,Memory:3GBCore Clock:101GHz',58042,82061,2);
INSERT INTO PRODUCTS  VALUES (103,'EVGA 11G-P4-6598-KR','Chipset:GeForce GTX 1080 Ti,Memory:11GBCore Clock:156GHz',66354,80999,2);
INSERT INTO PRODUCTS  VALUES (86,'MSI GTX 1080 TI SEA HAWK X','Chipset:GeForce GTX 1080 Ti,Memory:11GBCore Clock:157GHz',69132,80498,2);
INSERT INTO PRODUCTS  VALUES (3,'Corsair CB-9060011-WW','Chipset:GeForce GTX 1080 Ti,Memory:11GBCore Clock:157GHz',57351,79999,2);
INSERT INTO PRODUCTS  VALUES (174,'MSI GTX 1080 TI AERO 11G OC','Chipset:GeForce GTX 1080 Ti,Memory:11GBCore Clock:151GHz',71572,79826,2);
INSERT INTO PRODUCTS  VALUES (175,'NVIDIA VCQM4000-PB','Chipset:Quadro M4000,Memory:8GBCore Clock:N/A',68209,790,2);
INSERT INTO PRODUCTS  VALUES (58,'Gigabyte GV-N108TAORUS X-11GD','Chipset:GeForce GTX 1080 Ti,Memory:11GBCore Clock:161GHz',68835,78498,2);
INSERT INTO PRODUCTS  VALUES (270,'Gigabyte GV-N1070WF2OC-8GD','Chipset:GeForce GTX 1070,Memory:8GBCore Clock:156GHz',55162,76999,2);
INSERT INTO PRODUCTS  VALUES (223,'MSI GeForce GTX 1080 TI ARMOR 11G OC','Chipset:GeForce GTX 1080 Ti,Memory:11GBCore Clock:148GHz',64419,76498,2);
INSERT INTO PRODUCTS  VALUES (90,'EVGA 11G-P4-6696-KR','Chipset:GeForce GTX 1080 Ti,Memory:11GBCore Clock:156GHz',59446,75999,2);
INSERT INTO PRODUCTS  VALUES (220,'MSI GeForce GTX 1080 Ti GAMING X 11G','Chipset:GeForce GTX 1080 Ti,Memory:11GBCore Clock:157GHz',66659,75999,2);
INSERT INTO PRODUCTS  VALUES (221,'Zac ZT-P10810C-10P','Chipset:GeForce GTX 1080 Ti,Memory:11GBCore Clock:165GHz',53503,75999,2);
INSERT INTO PRODUCTS  VALUES (269,'Zac ZT-P10810D-10P','Chipset:GeForce GTX 1080 Ti,Memory:11GBCore Clock:157GHz',5801,75999,2);
INSERT INTO PRODUCTS  VALUES (87,'PNY VCGGTX1080T11XGPB-OC','Chipset:GeForce GTX 1080 Ti,Memory:11GBCore Clock:153GHz',60092,75999,2);
INSERT INTO PRODUCTS  VALUES (222,'Zac ZT-P10810G-10P','Chipset:GeForce GTX 1080 Ti,Memory:11GBCore Clock:151GHz',59825,75498,2);
INSERT INTO PRODUCTS  VALUES (88,'Gigabyte GV-N98TWF3OC-6GD','Chipset:GeForce GTX 980 Ti,Memory:6GBCore Clock:106GHz',63329,74999,2);
INSERT INTO PRODUCTS  VALUES (89,'PNY VCGGTX780T3XPB-OC','Chipset:GeForce GTX 780 Ti,Memory:3GBCore Clock:980MHz',59212,74999,2);
INSERT INTO PRODUCTS  VALUES (236,'MSI GTX 980 Ti Gaming 6G','Chipset:GeForce GTX 980 Ti,Memory:6GBCore Clock:118GHz',53998,74532,2);
INSERT INTO PRODUCTS  VALUES (237,'Gigabyte GV-N108TAORUS-11GD','Chipset:GeForce GTX 1080 Ti,Memory:11GBCore Clock:159GHz',6053,74498,2);
INSERT INTO PRODUCTS  VALUES (238,'EVGA 06G-P4-4998-KR','Chipset:GeForce GTX 980 Ti,Memory:6GBCore Clock:119GHz',52103,74178,2);
INSERT INTO PRODUCTS  VALUES (239,'MSI GTX 1080 Ti DUKE 11G OC','Chipset:GeForce GTX 1080 Ti,Memory:11GBCore Clock:153GHz',55507,73999,2);
INSERT INTO PRODUCTS  VALUES (244,'Crucial','Speed:DDR4-2133,Type:288-pin DIMM,CAS:15Module:4x16GBSize:64GB',113923,162099,5);
INSERT INTO PRODUCTS  VALUES (261,'GSkill TridentZ RGB','Speed:DDR4-3200,Type:288-pin DIMM,CAS:14Module:8x16GBSize:128GB',133026,150499,5);
INSERT INTO PRODUCTS  VALUES (262,'Corsair Dominator Platinum','Speed:DDR4-3200,Type:288-pin DIMM,CAS:16Module:8x16GBSize:128GB',105197,144999,5);
INSERT INTO PRODUCTS  VALUES (265,'GSkill Trident Z','Speed:DDR4-3200,Type:288-pin DIMM,CAS:14Module:8x16GBSize:128GB',116349,143199,5);
INSERT INTO PRODUCTS  VALUES (266,'GSkill Trident Z RGB','Speed:DDR4-3333,Type:288-pin DIMM,CAS:16Module:8x16GBSize:128GB',117436,141899,5);
INSERT INTO PRODUCTS  VALUES (279,'GSkill Ripjaws V Series','Speed:DDR4-3000,Type:288-pin DIMM,CAS:14Module:8x16GBSize:128GB',113987,131899,5);
INSERT INTO PRODUCTS  VALUES (35,'Corsair Dominator Platinum','Speed:DDR4-2800,Type:288-pin DIMM,CAS:15Module:8x16GBSize:128GB',113168,131499,5);
INSERT INTO PRODUCTS  VALUES (36,'Corsair Vengeance LPX','Speed:DDR4-3000,Type:288-pin DIMM,CAS:15Module:8x16GBSize:128GB',91298,129999,5);
INSERT INTO PRODUCTS  VALUES (37,'Corsair Dominator Platinum','Speed:DDR4-2666,Type:288-pin DIMM,CAS:15Module:8x16GBSize:128GB',106866,126499,5);
INSERT INTO PRODUCTS  VALUES (38,'Corsair Vengeance LPX','Speed:DDR4-2400,Type:288-pin DIMM,CAS:15Module:8x16GBSize:128GB',101951,119999,5);
INSERT INTO PRODUCTS  VALUES (65,'Corsair Dominator Platinum','Speed:DDR4-2400,Type:288-pin DIMM,CAS:15Module:8x16GBSize:128GB',100247,119999,5);
INSERT INTO PRODUCTS  VALUES (276,'Corsair Vengeance LPX','Speed:DDR4-2666,Type:288-pin DIMM,CAS:15Module:8x16GBSize:128GB',86752,116399,5);
INSERT INTO PRODUCTS  VALUES (196,'Corsair Vengeance LPX','Speed:DDR4-2133,Type:288-pin DIMM,CAS:15Module:8x16GBSize:128GB',82191,109999,5);
INSERT INTO PRODUCTS  VALUES (272,'GSkill Ripjaws 4 Series','Speed:DDR4-2800,Type:288-pin DIMM,CAS:15Module:8x16GBSize:128GB',83406,107399,5);
INSERT INTO PRODUCTS  VALUES (195,'GSkill Ripjaws 4 Series','Speed:DDR4-2400,Type:288-pin DIMM,CAS:14Module:8x16GBSize:128GB',83603,105599,5);
INSERT INTO PRODUCTS  VALUES (67,'Kingston HyperX Beast','Speed:DDR3-1866,Type:240-pin DIMM,CAS:10Module:8x8GBSize:64GB',70891,86305,5);
INSERT INTO PRODUCTS  VALUES (10,'Crucial','Speed:DDR4-2133,Type:288-pin DIMM,CAS:15Module:2x16GBSize:32GB',58033,81199,5);
INSERT INTO PRODUCTS  VALUES (112,'Corsair Vengeance Pro','Speed:DDR3-2133,Type:240-pin DIMM,CAS:11Module:8x8GBSize:64GB',59625,80892,5);
INSERT INTO PRODUCTS  VALUES (282,'Corsair Dominator Platinum','Speed:DDR4-3200,Type:288-pin DIMM,CAS:15Module:8x8GBSize:64GB',7005,80499,5);
INSERT INTO PRODUCTS  VALUES (197,'GSkill Trident Z RGB','Speed:DDR4-3600,Type:288-pin DIMM,CAS:17Module:4x16GBSize:64GB',62247,79999,5);
INSERT INTO PRODUCTS  VALUES (18,'Crucial','Speed:DDR4-2400,Type:288-pin DIMM,CAS:17Module:1x64GBSize:64GB',60404,799,5);
INSERT INTO PRODUCTS  VALUES (125,'GSkill Trident Z','Speed:DDR4-3600,Type:288-pin DIMM,CAS:17Module:4x16GBSize:64GB',59404,76899,5);
INSERT INTO PRODUCTS  VALUES (68,'Crucial','Speed:DDR4-2133,Type:288-pin DIMM,CAS:15Module:4x16GBSize:64GB',59013,76611,5);
INSERT INTO PRODUCTS  VALUES (283,'GSkill Trident Z','Speed:DDR4-3200,Type:288-pin DIMM,CAS:14Module:8x8GBSize:64GB',64783,76099,5);
INSERT INTO PRODUCTS  VALUES (277,'GSkill Trident Z','Speed:DDR4-3200,Type:288-pin DIMM,CAS:14Module:8x8GBSize:64GB',5568,75899,5);
INSERT INTO PRODUCTS  VALUES (21,'Corsair Dominator Platinum','Speed:DDR4-3466,Type:288-pin DIMM,CAS:16Module:4x16GBSize:64GB',60989,74999,5);
INSERT INTO PRODUCTS  VALUES (128,'Kingston','Speed:DDR4-2133,Type:288-pin DIMM,CAS:15Module:4x16GBSize:64GB',65048,74163,5);
INSERT INTO PRODUCTS  VALUES (129,'Corsair Vengeance LPX','Speed:DDR4-3333,Type:288-pin DIMM,CAS:15Module:4x16GBSize:64GB',60953,73499,5);
INSERT INTO PRODUCTS  VALUES (116,'GSkill Trident Z','Speed:DDR4-3400,Type:288-pin DIMM,CAS:16Module:4x16GBSize:64GB',56539,73199,5);
INSERT INTO PRODUCTS  VALUES (15,'GSkill Trident Z','Speed:DDR4-3466,Type:288-pin DIMM,CAS:16Module:4x16GBSize:64GB',60156,72599,5);
INSERT INTO PRODUCTS  VALUES (122,'GSkill Trident Z','Speed:DDR4-3333,Type:288-pin DIMM,CAS:16Module:4x16GBSize:64GB',53227,72299,5);
INSERT INTO PRODUCTS  VALUES (121,'GSkill Ripjaws V Series','Speed:DDR4-3200,Type:288-pin DIMM,CAS:14Module:8x8GBSize:64GB',60322,72199,5);
INSERT INTO PRODUCTS  VALUES (20,'Corsair Dominator Platinum','Speed:DDR4-3200,Type:288-pin DIMM,CAS:15Module:4x16GBSize:64GB',61653,71999,5);
INSERT INTO PRODUCTS  VALUES (127,'Corsair Dominator Platinum','Speed:DDR4-3333,Type:288-pin DIMM,CAS:15Module:4x16GBSize:64GB',53855,71999,5);
INSERT INTO PRODUCTS  VALUES (109,'GSkill Trident Z','Speed:DDR4-3200,Type:288-pin DIMM,CAS:14Module:4x16GBSize:64GB',58526,71399,5);
INSERT INTO PRODUCTS  VALUES (202,'GSkill Trident Z','Speed:DDR4-3200,Type:288-pin DIMM,CAS:14Module:4x16GBSize:64GB',53321,71399,5);
INSERT INTO PRODUCTS  VALUES (113,'GSkill Trident Z','Speed:DDR4-3200,Type:288-pin DIMM,CAS:15Module:4x16GBSize:64GB',58021,70499,5);
INSERT INTO PRODUCTS  VALUES (13,'GSkill Ripjaws V Series','Speed:DDR4-3333,Type:288-pin DIMM,CAS:16Module:4x16GBSize:64GB',61863,70499,5);
INSERT INTO PRODUCTS  VALUES (14,'GSkill Ripjaws V Series','Speed:DDR4-3333,Type:288-pin DIMM,CAS:16Module:4x16GBSize:64GB',63365,70499,5);
INSERT INTO PRODUCTS  VALUES (115,'Corsair Vengeance LPX','Speed:DDR4-3200,Type:288-pin DIMM,CAS:15Module:8x8GBSize:64GB',56573,69999,5);
INSERT INTO PRODUCTS  VALUES (118,'Corsair Dominator Platinum','Speed:DDR4-2800,Type:288-pin DIMM,CAS:15Module:8x8GBSize:64GB',57846,69989,5);
INSERT INTO PRODUCTS  VALUES (17,'Corsair Vengeance LPX','Speed:DDR4-3333,Type:288-pin DIMM,CAS:15Module:4x16GBSize:64GB',59542,69901,5);
INSERT INTO PRODUCTS  VALUES (117,'GSkill Ripjaws V Series','Speed:DDR4-3200,Type:288-pin DIMM,CAS:14Module:4x16GBSize:64GB',61762,69599,5);
INSERT INTO PRODUCTS  VALUES (77,'GSkill Ripjaws V Series','Speed:DDR4-3200,Type:288-pin DIMM,CAS:14Module:4x16GBSize:64GB',57725,69599,5);
INSERT INTO PRODUCTS  VALUES (78,'GSkill Ripjaws V Series','Speed:DDR4-3200,Type:288-pin DIMM,CAS:15Module:4x16GBSize:64GB',51778,68699,5);
INSERT INTO PRODUCTS  VALUES (204,'GSkill Ripjaws V Series','Speed:DDR4-3200,Type:288-pin DIMM,CAS:15Module:4x16GBSize:64GB',54664,68699,5);
INSERT INTO PRODUCTS  VALUES (7,'GSkill Ripjaws V Series','Speed:DDR4-3200,Type:288-pin DIMM,CAS:15Module:8x8GBSize:64GB',6024,68099,5);
INSERT INTO PRODUCTS  VALUES (278,'GSkill Ripjaws V Series','Speed:DDR4-3000,Type:288-pin DIMM,CAS:14Module:8x8GBSize:64GB',54605,67799,5);
INSERT INTO PRODUCTS  VALUES (203,'Kingston','Speed:DDR3-1333,Type:240-pin DIMM,CAS:9Module:4x16GBSize:64GB',55684,67138,5);
INSERT INTO PRODUCTS  VALUES (79,'Corsair Dominator Platinum','Speed:DDR4-2666,Type:288-pin DIMM,CAS:15Module:8x8GBSize:64GB',53763,65999,5);
INSERT INTO PRODUCTS  VALUES (201,'Kingston','Speed:DDR3-1600,Type:240-pin DIMM,CAS:11Module:4x8GBSize:32GB',56698,6535,5);
INSERT INTO PRODUCTS  VALUES (205,'GSkill Trident X','Speed:DDR3-3100,Type:240-pin DIMM,CAS:12Module:2x4GBSize:8GB',50732,64999,5);
INSERT INTO PRODUCTS  VALUES (29,'Corsair Vengeance LPX','Speed:DDR4-3200,Type:288-pin DIMM,CAS:15Module:4x16GBSize:64GB',5717,64599,5);
INSERT INTO PRODUCTS  VALUES (138,'GSkill Ripjaws V Series','Speed:DDR4-3000,Type:288-pin DIMM,CAS:14Module:4x16GBSize:64GB',49909,64599,5);
INSERT INTO PRODUCTS  VALUES (30,'GSkill Ripjaws V Series','Speed:DDR4-2800,Type:288-pin DIMM,CAS:14Module:4x16GBSize:64GB',45254,6452,5);
INSERT INTO PRODUCTS  VALUES (107,'Kingston','Speed:DDR3-1600,Type:240-pin DIMM,CAS:11Module:4x16GBSize:64GB',47418,644,5);
INSERT INTO PRODUCTS  VALUES (126,'GSkill Ripjaws V Series','Speed:DDR4-3200,Type:288-pin DIMM,CAS:16Module:8x8GBSize:64GB',51093,64099,5);
INSERT INTO PRODUCTS  VALUES (1,'GSkill Ripjaws V Series','Speed:DDR4-3000,Type:288-pin DIMM,CAS:15Module:8x8GBSize:64GB',45036,64099,5);
INSERT INTO PRODUCTS  VALUES (101,'Kingston HyperX Predator','Speed:DDR4-3000,Type:288-pin DIMM,CAS:15Module:4x16GBSize:64GB',47178,63599,5);
INSERT INTO PRODUCTS  VALUES (190,'Supermicro X10SDV-8C-TLN4F','CPU:Xeon D-1541,Form Factor:Mini ITX,RAM Sls:4,Max RAM:64GB',66429,94899,4);
INSERT INTO PRODUCTS  VALUES (62,'Intel DP35DPM','CPU:LGA775,Form Factor:ATX,RAM Sls:4,Max RAM:8GB',62622,78979,4);
INSERT INTO PRODUCTS  VALUES (189,'Asus X99-E-10G WS','CPU:LGA2011-3,Form Factor:SSI CEB,RAM Sls:8,Max RAM:128GB',58202,649,4);
INSERT INTO PRODUCTS  VALUES (191,'Asus ROG MAXIMUS IX EXTREME','CPU:LGA1151,Form Factor:EATX,RAM Sls:4,Max RAM:64GB',48089,57399,4);
INSERT INTO PRODUCTS  VALUES (63,'Asus RAMPAGE V EXTREME','CPU:LGA2011-3,Form Factor:EATX,RAM Sls:8,Max RAM:64GB',459,57296,4);
INSERT INTO PRODUCTS  VALUES (193,'Asus Z10PE-D8 WS','CPU:LGA2011-3 x 2,Form Factor:SSI EEB,RAM Sls:8,Max RAM:512GB',50414,56159,4);
INSERT INTO PRODUCTS  VALUES (271,'MSI X99A GODLIKE GAMING CARBON','CPU:LGA2011-3,Form Factor:EATX,RAM Sls:8,Max RAM:128GB',415,54959,4);
INSERT INTO PRODUCTS  VALUES (64,'Supermicro H8DG6-F','CPU:G34 x 2,Form Factor:EATX,RAM Sls:16,Max RAM:512GB',41664,52599,4);
INSERT INTO PRODUCTS  VALUES (192,'Asus Rampage V Edition 10','CPU:LGA2011-3,Form Factor:EATX,RAM Sls:8,Max RAM:128GB',4525,51999,4);
INSERT INTO PRODUCTS  VALUES (225,'Gigabyte GA-Z270X-Gaming 9','CPU:LGA1151,Form Factor:EATX,RAM Sls:4,Max RAM:64GB',38005,50398,4);
INSERT INTO PRODUCTS  VALUES (252,'Gigabyte X299 AORUS Gaming 9','CPU:LGA2066,Form Factor:ATX,RAM Sls:8,Max RAM:128GB',39524,49999,4);
INSERT INTO PRODUCTS  VALUES (274,'ASRock E3C224D4M-16RE','CPU:LGA1150,Form Factor:ATX,RAM Sls:4,Max RAM:32GB',36479,49999,4);
INSERT INTO PRODUCTS  VALUES (61,'Asus PRIME X299-DELUXE','CPU:LGA2066,Form Factor:ATX,RAM Sls:8,Max RAM:128GB',40992,4873,4);
INSERT INTO PRODUCTS  VALUES (188,'Asus X99-E WS/USB 31','CPU:LGA2011-3,Form Factor:SSI CEB,RAM Sls:8,Max RAM:128GB',42889,48249,4);
INSERT INTO PRODUCTS  VALUES (28,'Supermicro X9SRH-7TF','CPU:LGA2011,Form Factor:ATX,RAM Sls:8,Max RAM:64GB',41164,47999,4);
INSERT INTO PRODUCTS  VALUES (137,'Asus Z10PE-D16 WS','CPU:LGA2011-3 x 2,Form Factor:SSI EEB,RAM Sls:16,Max RAM:1TB',33252,46999,4);
INSERT INTO PRODUCTS  VALUES (32,'ASRock X99 Extreme11','CPU:LGA2011-3,Form Factor:EATX,RAM Sls:8,Max RAM:128GB',38055,46999,4);
INSERT INTO PRODUCTS  VALUES (31,'Supermicro MBD-X10DAX','CPU:LGA2011-3 x 2,Form Factor:EATX,RAM Sls:16,Max RAM:',38524,44372,4);
INSERT INTO PRODUCTS  VALUES (84,'Asus X99-DELUXE/U31','CPU:LGA2011-3,Form Factor:ATX,RAM Sls:8,Max RAM:64GB',33238,4403,4);
INSERT INTO PRODUCTS  VALUES (141,'Supermicro X11SSL-CF','CPU:LGA1151,Form Factor:Micro ATX,RAM Sls:4,Max RAM:64GB',31781,41999,4);
INSERT INTO PRODUCTS  VALUES (34,'Asus KGPE-D16','CPU:G34 x 2,Form Factor:SSI EEB,RAM Sls:16,Max RAM:256GB',36072,41798,4);
INSERT INTO PRODUCTS  VALUES (143,'Asus Z10PE-D16','CPU:LGA2011-3 Narrow x 2,Form Factor:SSI EEB,RAM Sls:16,Max RAM:1TB',2933,40299,4);
INSERT INTO PRODUCTS  VALUES (217,'ASRock C2750D4I','CPU:Atom C2750,Form Factor:Mini ITX,RAM Sls:4,Max RAM:64GB',33955,40198,4);
INSERT INTO PRODUCTS  VALUES (66,'Gigabyte X299 AORUS Gaming 7','CPU:LGA2066,Form Factor:ATX,RAM Sls:8,Max RAM:128GB',28391,39999,4);
INSERT INTO PRODUCTS  VALUES (275,'MSI X99A GODLIKE GAMING','CPU:LGA2011-3,Form Factor:EATX,RAM Sls:8,Max RAM:128GB',30295,39999,4);
INSERT INTO PRODUCTS  VALUES (194,'MSI X299 GAMING M7 ACK','CPU:LGA2066,Form Factor:ATX,RAM Sls:8,Max RAM:128GB',27871,39742,4);
INSERT INTO PRODUCTS  VALUES (156,'Supermicro MBD-X10DRI-O','CPU:LGA2011-3 Narrow x 2,Form Factor:EATX,RAM Sls:16,Max RAM:1TB',29134,39499,4);
INSERT INTO PRODUCTS  VALUES (157,'Asus MAXIMUS IX FORMULA','CPU:LGA1151,Form Factor:ATX,RAM Sls:4,Max RAM:64GB',33912,38899,4);
INSERT INTO PRODUCTS  VALUES (170,'Asus X99-DELUXE II','CPU:LGA2011-3,Form Factor:ATX,RAM Sls:8,Max RAM:128GB',28933,38398,4);
INSERT INTO PRODUCTS  VALUES (171,'ASRock Fatal1ty X299 Professional Gaming i9','CPU:LGA2066,Form Factor:ATX,RAM Sls:8,Max RAM:128GB',2875,38298,4);
INSERT INTO PRODUCTS  VALUES (172,'ASRock EP2C612 WS','CPU:LGA2011-3 x 2,Form Factor:SSI EEB,RAM Sls:8,Max RAM:',30884,35849,4);
INSERT INTO PRODUCTS  VALUES (173,'ASRock Z270 SuperCarrier','CPU:LGA1151,Form Factor:ATX,RAM Sls:4,Max RAM:64GB',26435,35398,4);
INSERT INTO PRODUCTS  VALUES (187,'Asus MAXIMUS VIII EXTREME/ASSEMBLY','CPU:LGA1151,Form Factor:EATX,RAM Sls:4,Max RAM:64GB',25341,35398,4);
INSERT INTO PRODUCTS  VALUES (224,'Asus STRIX X299-E GAMING','CPU:LGA2066,Form Factor:ATX,RAM Sls:8,Max RAM:128GB',306,34999,4);
INSERT INTO PRODUCTS  VALUES (246,'Gigabyte X299 AORUS Ultra Gaming','CPU:LGA2066,Form Factor:ATX,RAM Sls:8,Max RAM:128GB',28778,34399,4);
INSERT INTO PRODUCTS  VALUES (247,'Asus TUF X299 MARK 1','CPU:LGA2066,Form Factor:ATX,RAM Sls:8,Max RAM:128GB',24115,33999,4);
INSERT INTO PRODUCTS  VALUES (250,'Asus Z170-WS','CPU:LGA1151,Form Factor:ATX,RAM Sls:4,Max RAM:64GB',2794,33899,4);
INSERT INTO PRODUCTS  VALUES (251,'MSI X299 GAMING PRO CARBON AC','CPU:LGA2066,Form Factor:ATX,RAM Sls:8,Max RAM:128GB',2388,33781,4);
INSERT INTO PRODUCTS  VALUES (287,'MSI X99A XPOWER GAMING TITANIUM','CPU:LGA2011-3,Form Factor:EATX,RAM Sls:8,Max RAM:128GB',25723,32999,4);
INSERT INTO PRODUCTS  VALUES (288,'Asus ROG STRIX X99 GAMING','CPU:LGA2011-3,Form Factor:ATX,RAM Sls:8,Max RAM:128GB',25586,31999,4);
INSERT INTO PRODUCTS  VALUES (179,'Asus SABERTOH X99','CPU:LGA2011-3,Form Factor:ATX,RAM Sls:8,Max RAM:64GB',25257,31267,4);
INSERT INTO PRODUCTS  VALUES (226,'Asus PRIME X299-A','CPU:LGA2066,Form Factor:ATX,RAM Sls:8,Max RAM:128GB',27456,30985,4);
INSERT INTO PRODUCTS  VALUES (227,'Gigabyte GA-X99-UD5 WIFI','CPU:LGA2011-3,Form Factor:EATX,RAM Sls:8,Max RAM:64GB',21783,305,4);
INSERT INTO PRODUCTS  VALUES (39,'ASRock EP2C602-4L/D16','CPU:LGA2011 x 2,Form Factor:SSI EEB,RAM Sls:16,Max RAM:512GB',22547,30199,4);
INSERT INTO PRODUCTS  VALUES (40,'MSI Z170A KRAIT GAMING 3X','CPU:LGA1151,Form Factor:ATX,RAM Sls:4,Max RAM:64GB',2454,29989,4);
INSERT INTO PRODUCTS  VALUES (41,'MSI Z170 Krait Gaming','CPU:LGA1151,Form Factor:ATX,RAM Sls:4,Max RAM:64GB',23158,29989,4);
INSERT INTO PRODUCTS  VALUES (42,'MSI Z170A KRAIT GAMING','CPU:LGA1151,Form Factor:ATX,RAM Sls:4,Max RAM:64GB',2624,29989,4);
INSERT INTO PRODUCTS  VALUES (43,'Asus MAXIMUS IX CODE','CPU:LGA1151,Form Factor:ATX,RAM Sls:4,Max RAM:64GB',26615,29898,4);
INSERT INTO PRODUCTS  VALUES (134,'Asus Sabertoh 990FX','CPU:AM3+,Form Factor:ATX,RAM Sls:4,Max RAM:32GB',25231,29572,4);
INSERT INTO PRODUCTS  VALUES (140,'MSI X99A WORKSTATION','CPU:LGA2011-3,Form Factor:ATX,RAM Sls:8,Max RAM:128GB',23995,28997,4);
INSERT INTO PRODUCTS  VALUES (144,'Intel DG43RK','CPU:LGA775,Form Factor:Micro ATX,RAM Sls:4,Max RAM:8GB',21969,28979,4);
INSERT INTO PRODUCTS  VALUES (145,'Asus VANGUARD B85','CPU:LGA1150,Form Factor:Micro ATX,RAM Sls:4,Max RAM:32GB',2581,287,4);
INSERT INTO PRODUCTS  VALUES (146,'EVGA Z270 Classified K','CPU:LGA1151,Form Factor:EATX,RAM Sls:4,Max RAM:64GB',23426,28398,4);
INSERT INTO PRODUCTS  VALUES (147,'EVGA Classified','CPU:LGA2011-3,Form Factor:EATX,RAM Sls:8,Max RAM:128GB',24062,28398,4);
INSERT INTO PRODUCTS  VALUES (148,'MSI Z270 XPOWER GAMING TITANIUM','CPU:LGA1151,Form Factor:ATX,RAM Sls:4,Max RAM:64GB',21269,28298,4);
INSERT INTO PRODUCTS  VALUES (149,'ASRock X299 Taichi','CPU:LGA2066,Form Factor:ATX,RAM Sls:8,Max RAM:128GB',21436,28298,4);
INSERT INTO PRODUCTS  VALUES (150,'MSI X299 TOMAHAWK ARCTIC','CPU:LGA2066,Form Factor:ATX,RAM Sls:8,Max RAM:128GB',22392,28198,4);
INSERT INTO PRODUCTS  VALUES (151,'Supermicro X10SAT-O','CPU:LGA1150,Form Factor:ATX,RAM Sls:4,Max RAM:32GB',20708,28197,4);
INSERT INTO PRODUCTS  VALUES (152,'Gigabyte X299 AORUS Gaming 3','CPU:LGA2066,Form Factor:ATX,RAM Sls:8,Max RAM:128GB',22748,28098,4);
INSERT INTO PRODUCTS  VALUES (180,'Supermicro MBD-X10DAL-I-O','CPU:LGA2011-3 x 2,Form Factor:ATX,RAM Sls:8,Max RAM:512GB',23928,27999,4);
INSERT INTO PRODUCTS  VALUES (268,'Western Digital WD10EZEX','Series:Caviar Blue,Type:7200RPM,Capacity:1TB,Cache:64MB',3583,4788,5);
INSERT INTO PRODUCTS  VALUES (24,'Seagate ST2000DM006','Series:Barracuda,Type:7200RPM,Capacity:2TB,Cache:64MB',4793,6689,5);
INSERT INTO PRODUCTS  VALUES (25,'Samsung MZ-75E250B/AM','Series:850 EVO-Series,Type:SSD,Capacity:250GB,Cache:N/A',8798,10488,5);
INSERT INTO PRODUCTS  VALUES (26,'Samsung MZ-75E500B/AM','Series:850 EVO-Series,Type:SSD,Capacity:500GB,Cache:N/A',15781,17809,5);
INSERT INTO PRODUCTS  VALUES (104,'SanDisk SDSSDA-240G-G26','Series:SSD PLUS,Type:SSD,Capacity:240GB,Cache:N/A',611,8388,5);
INSERT INTO PRODUCTS  VALUES (135,'Samsung MZ-V6E250','Series:960 EVO,Type:SSD,Capacity:250GB,Cache:512MB',9298,12788,5);
INSERT INTO PRODUCTS  VALUES (284,'Kingston SA400S37/120G','Series:A400,Type:SSD,Capacity:120GB,Cache:N/A',4063,5499,5);
INSERT INTO PRODUCTS  VALUES (285,'Samsung MZ-75E1T0B/AM','Series:850 EVO-Series,Type:SSD,Capacity:1TB,Cache:N/A',26023,33999,5);
INSERT INTO PRODUCTS  VALUES (286,'Samsung MZ-V6E500','Series:960 EVO,Type:SSD,Capacity:500GB,Cache:512MB',20962,234,5);
INSERT INTO PRODUCTS  VALUES (22,'Seagate ST3000DM008','Series:Barracuda,Type:7200RPM,Capacity:3TB,Cache:64MB',6163,8361,5);
INSERT INTO PRODUCTS  VALUES (23,'Western Digital WDS250G1B0A','Series:Blue,Type:SSD,Capacity:250GB,Cache:N/A',7254,8989,5);
INSERT INTO PRODUCTS  VALUES (33,'ADATA ASU800SS-128GT-C','Series:Ultimate SU800,Type:SSD,Capacity:128GB,Cache:N/A',3778,5265,5);
INSERT INTO PRODUCTS  VALUES (44,'Seagate ST1000DM010','Series:BarraCuda,Type:7200RPM,Capacity:1TB,Cache:64MB',4218,4937,5);
INSERT INTO PRODUCTS  VALUES (49,'Samsung MZ-75E4T0B','Series:850 EVO,Type:SSD,Capacity:4TB,Cache:4GB',115364,149999,5);
INSERT INTO PRODUCTS  VALUES (50,'Intel SSDPECME040T401','Series:DC P3608,Type:SSD,Capacity:4TB,Cache:N/A',712366,886799,5);
INSERT INTO PRODUCTS  VALUES (130,'Western Digital WD2003FZEX','Series:BLACK SERIES,Type:7200RPM,Capacity:2TB,Cache:64MB',9176,11745,5);
INSERT INTO PRODUCTS  VALUES (131,'Samsung MZ-V6P512BW','Series:960 PRO,Type:SSD,Capacity:512GB,Cache:512MB',22399,27999,5);
INSERT INTO PRODUCTS  VALUES (139,'Hitachi HUS724030ALE641','Series:Ultrastar 7K4000,Type:7200RPM,Capacity:3TB,Cache:64MB',5403,6592,5);
INSERT INTO PRODUCTS  VALUES (208,'Samsung MZ-V6P2T0BW','Series:960 Pro,Type:SSD,Capacity:2TB,Cache:2GB',84011,119999,5);
INSERT INTO PRODUCTS  VALUES (229,'Seagate ST10000DM0004','Series:BarraCuda Pro,Type:7200RPM,Capacity:10TB,Cache:256MB',28423,39999,5);
INSERT INTO PRODUCTS  VALUES (230,'ADATA ASU800SS-512GT-C','Series:Ultimate SU800,Type:SSD,Capacity:512GB,Cache:N/A',11329,13669,5);
INSERT INTO PRODUCTS  VALUES (231,'Samsung MZ-V6E1T0','Series:960 EVO,Type:SSD,Capacity:1TB,Cache:1000MB',35806,44999,5);
INSERT INTO PRODUCTS  VALUES (232,'Western Digital WD1003FZEX','Series:BLACK SERIES,Type:7200RPM,Capacity:1TB,Cache:64MB',6176,7089,5);
INSERT INTO PRODUCTS  VALUES (233,'SanDisk SDSSDA-120G-G26','Series:SSD PLUS,Type:SSD,Capacity:120GB,Cache:N/A',527,5999,5);
INSERT INTO PRODUCTS  VALUES (234,'Crucial CT525MX300SSD1','Series:MX300,Type:SSD,Capacity:525GB,Cache:N/A',13559,15099,5);
INSERT INTO PRODUCTS  VALUES (235,'Hitachi A7K1000-1000','Series:Ultrastar,Type:7200RPM,Capacity:1TB,Cache:32MB',2994,4199,5);
INSERT INTO PRODUCTS  VALUES (253,'Samsung MZ-V6P1T0BW','Series:960 Pro,Type:SSD,Capacity:1TB,Cache:1GB',46649,57999,5);
INSERT INTO PRODUCTS  VALUES (254,'Samsung MZ-7KE256BW','Series:850 Pro Series,Type:SSD,Capacity:256GB,Cache:N/A',9719,11999,5);
INSERT INTO PRODUCTS  VALUES (255,'Seagate ST2000DX002','Series:FireCuda,Type:Hybrid,Capacity:2TB,Cache:64MB',6448,9099,5);
INSERT INTO PRODUCTS  VALUES (256,'Western Digital WD5000AACS','Series:Caviar Green,Type:5400RPM,Capacity:500GB,Cache:16MB',2014,2699,5);
INSERT INTO PRODUCTS  VALUES (257,'SanDisk SDSSDHII-240G-G25','Series:Ultra II,Type:SSD,Capacity:240GB,Cache:N/A',7339,8495,5);
INSERT INTO PRODUCTS  VALUES (258,'PNY SSD7CS1311-120-RB','Series:CS1311,Type:SSD,Capacity:120GB,Cache:N/A',5059,5798,5);
INSERT INTO PRODUCTS  VALUES (259,'PNY SSD9SC240GMDA-RB','Series:XLR8,Type:SSD,Capacity:240GB,Cache:N/A',584,8072,5);
INSERT INTO PRODUCTS  VALUES (260,'Crucial CT1050MX300SSD1','Series:MX300,Type:SSD,Capacity:11TB,Cache:N/A',19252,26799,5);
INSERT INTO PRODUCTS  VALUES (263,'Western Digital WDS250G1B0B','Series:Blue,Type:SSD,Capacity:250GB,Cache:N/A',7071,8999,5);
INSERT INTO PRODUCTS  VALUES (264,'Samsung MZ-75E120B/AM','Series:850 EVO-Series,Type:SSD,Capacity:120GB,Cache:N/A',7441,8899,5);
INSERT INTO PRODUCTS  VALUES (280,'Western Digital WDS500G1B0B','Series:Blue,Type:SSD,Capacity:500GB,Cache:N/A',10689,14988,5);
INSERT INTO PRODUCTS  VALUES (60,'Hitachi HUA723020ALA640','Series:Ultrastar 7K3000,Type:7200RPM,Capacity:2TB,Cache:64MB',4518,5999,5);
INSERT INTO PRODUCTS  VALUES (94,'Western Digital WD2500AVVS','Series:AV-GP,Type:5400RPM,Capacity:250GB,Cache:8MB',1263,1555,5);
INSERT INTO PRODUCTS  VALUES (99,'Seagate ST1000DX002','Series:FireCuda,Type:Hybrid,Capacity:1TB,Cache:64MB',5541,6806,5);
INSERT INTO PRODUCTS  VALUES (100,'Crucial CT275MX300SSD1','Series:MX300,Type:SSD,Capacity:275GB,Cache:N/A',7921,9788,5);
INSERT INTO PRODUCTS  VALUES (168,'Seagate ST31000340NS - FFP','Series:Barracuda ES,Type:7200RPM,Capacity:1TB,Cache:32MB',344,4399,5);
INSERT INTO PRODUCTS  VALUES (273,'Western Digital WD101KRYZ','Series:Gold,Type:7200RPM,Capacity:10TB,Cache:256MB',31396,44364,5);
INSERT INTO PRODUCTS  VALUES (55,'Crucial CT525MX300SSD4','Series:MX300,Type:SSD,Capacity:525GB,Cache:N/A',12192,15099,5);
INSERT INTO PRODUCTS  VALUES (56,'Western Digital WD2500AAJS','Series:Caviar Blue,Type:7200RPM,Capacity:250GB,Cache:8MB',1523,1699,5);
INSERT INTO PRODUCTS  VALUES (57,'Western Digital WD20EZRZ','Series:Blue,Type:5400RPM,Capacity:2TB,Cache:64MB',5801,6734,5);
INSERT INTO PRODUCTS  VALUES (95,'Western Digital WDS256G1X0C','Series:Black PCIe,Type:SSD,Capacity:256GB,Cache:N/A',8587,10999,5);
INSERT INTO PRODUCTS  VALUES (96,'SanDisk SDSSDHII-480G-G25','Series:Ultra II,Type:SSD,Capacity:480GB,Cache:N/A',10262,14156,5);
INSERT INTO PRODUCTS  VALUES (97,'Kingston SV300S37A/120G','Series:SSDNow V300 Series,Type:SSD,Capacity:120GB,Cache:N/A',4593,5987,5);


INSERT INTO CUSTOMERS (CUSTOMER_ID,NAME,ADDRESS,CREDIT_LIMIT,WEBSITE) VALUES (177,'United Continental Holdings','2904 S Salina St, Syracuse, NY',5000,'http://wwwunitedcontinentalholdingscom');
INSERT INTO CUSTOMERS (CUSTOMER_ID,NAME,ADDRESS,CREDIT_LIMIT,WEBSITE) VALUES (180,'INTL FCStone','5344 Haverford Ave, Philadelphia, PA',5000,'http://wwwintlfcstonecom');
INSERT INTO CUSTOMERS (CUSTOMER_ID,NAME,ADDRESS,CREDIT_LIMIT,WEBSITE) VALUES (184,'Publix Super Markets','1795 Wu Meng, Muang Chonburi, ',1200,'http://wwwpublixcom');
INSERT INTO CUSTOMERS (CUSTOMER_ID,NAME,ADDRESS,CREDIT_LIMIT,WEBSITE) VALUES (187,'ConocoPhillips','Walpurgisstr 69, Munich, ',2400,'http://wwwconocophillipscom');
INSERT INTO CUSTOMERS (CUSTOMER_ID,NAME,ADDRESS,CREDIT_LIMIT,WEBSITE) VALUES (190,'3M','Via Frenzy 6903, Roma, ',1200,'http://www3mcom');
INSERT INTO CUSTOMERS (CUSTOMER_ID,NAME,ADDRESS,CREDIT_LIMIT,WEBSITE) VALUES (192,'Exelon','Via Luminosa 162, Firenze, ',500,'http://wwwexeloncorpcom');
INSERT INTO CUSTOMERS (CUSTOMER_ID,NAME,ADDRESS,CREDIT_LIMIT,WEBSITE) VALUES (208,'Tesoro','Via Noriosa 1942, Firenze, ',500,'http://wwwtsocorpcom');
INSERT INTO CUSTOMERS (CUSTOMER_ID,NAME,ADDRESS,CREDIT_LIMIT,WEBSITE) VALUES (207,'Northwestern Mutual','1831 No Wong, Peking, ',3600,'http://wwwnorthwesternmutualcom');
INSERT INTO CUSTOMERS (CUSTOMER_ID,NAME,ADDRESS,CREDIT_LIMIT,WEBSITE) VALUES (200,'Enterprise Products Partners','Via Noriosa 1949, Firenze, ',2400,'http://wwwenterpriseproductscom');
INSERT INTO CUSTOMERS (CUSTOMER_ID,NAME,ADDRESS,CREDIT_LIMIT,WEBSITE) VALUES (204,'Rite Aid','Piazza Cacchiatore 23, San Giminiano, ',3600,'http://wwwriteaidcom');
INSERT INTO CUSTOMERS (CUSTOMER_ID,NAME,ADDRESS,CREDIT_LIMIT,WEBSITE) VALUES (212,'Qualcomm','Piazza Svizzera, Milano, ',500,'http://wwwqualcommcom');
INSERT INTO CUSTOMERS (CUSTOMER_ID,NAME,ADDRESS,CREDIT_LIMIT,WEBSITE) VALUES (216,'EMC','Via Delle Grazie 11, San Giminiano, ',700,'http://wwwemccom');
INSERT INTO CUSTOMERS (CUSTOMER_ID,NAME,ADDRESS,CREDIT_LIMIT,WEBSITE) VALUES (220,'Time Warner Cable','1597 Legend St, Mysore, Kar',3700,'http://wwwtwccom');
INSERT INTO CUSTOMERS (CUSTOMER_ID,NAME,ADDRESS,CREDIT_LIMIT,WEBSITE) VALUES (223,'Northrop Grumman','1606 Sangam Blvd, New Delhi, ',5000,'http://wwwnorthropgrummancom');
INSERT INTO CUSTOMERS (CUSTOMER_ID,NAME,ADDRESS,CREDIT_LIMIT,WEBSITE) VALUES (39,'Lear','2115 N Towne Ln Ne, Cedar Rapids, IA',500,'http://wwwlearcom');
INSERT INTO CUSTOMERS (CUSTOMER_ID,NAME,ADDRESS,CREDIT_LIMIT,WEBSITE) VALUES (43,'Facebook','5112 Sw 9Th St, Des Moines, IA',500,'http://wwwfacebookcom');
INSERT INTO CUSTOMERS (CUSTOMER_ID,NAME,ADDRESS,CREDIT_LIMIT,WEBSITE) VALUES (46,'Supervalu','8989 N Port Washington Rd, Milwaukee, WI',500,'http://wwwsupervalucom');
INSERT INTO CUSTOMERS (CUSTOMER_ID,NAME,ADDRESS,CREDIT_LIMIT,WEBSITE) VALUES (49,'NextEra Energy','4715 Sprecher Rd, Madison, WI',600,'http://wwwnexteraenergycom');
INSERT INTO CUSTOMERS (CUSTOMER_ID,NAME,ADDRESS,CREDIT_LIMIT,WEBSITE) VALUES (52,'PG&E Corp','8600 W National Ave, Milwaukee, WI',700,'http://wwwpgecom');
INSERT INTO CUSTOMERS (CUSTOMER_ID,NAME,ADDRESS,CREDIT_LIMIT,WEBSITE) VALUES (55,'Goodyear Tire & Rubber','600 N Broadway Fl 1, Milwaukee, WI',700,'http://wwwgoodyearcom');
INSERT INTO CUSTOMERS (CUSTOMER_ID,NAME,ADDRESS,CREDIT_LIMIT,WEBSITE) VALUES (59,'Micron Technology','411 E Wisconsin Ave # 2550, Milwaukee, WI',700,'http://wwwmicroncom');
INSERT INTO CUSTOMERS (CUSTOMER_ID,NAME,ADDRESS,CREDIT_LIMIT,WEBSITE) VALUES (62,'ConAgra Foods','122 E Dayton St, Madison, WI',900,'http://wwwconagrafoodscom');
INSERT INTO CUSTOMERS (CUSTOMER_ID,NAME,ADDRESS,CREDIT_LIMIT,WEBSITE) VALUES (66,'Bank of New York Mellon Corp','666 22Nd Ave Ne, Minneapolis, MN',1200,'http://wwwbnymelloncom');
INSERT INTO CUSTOMERS (CUSTOMER_ID,NAME,ADDRESS,CREDIT_LIMIT,WEBSITE) VALUES (71,'Genuine Parts','200 1St St Sw, Rochester, MN',1200,'http://wwwgenptcom');
INSERT INTO CUSTOMERS (CUSTOMER_ID,NAME,ADDRESS,CREDIT_LIMIT,WEBSITE) VALUES (75,'Omnicom Group','2134 W Genesee St, Syracuse, NY',1200,'http://wwwomnicomgroupcom');
INSERT INTO CUSTOMERS (CUSTOMER_ID,NAME,ADDRESS,CREDIT_LIMIT,WEBSITE) VALUES (79,'Monsanto','137 Lark St, Albany, NY',1200,'http://wwwmonsantocom');
INSERT INTO CUSTOMERS (CUSTOMER_ID,NAME,ADDRESS,CREDIT_LIMIT,WEBSITE) VALUES (83,'National Oilwell Varco','1 Palisade Ave Fl 2, Yonkers, NY',1200,'http://wwwnovcom');
INSERT INTO CUSTOMERS (CUSTOMER_ID,NAME,ADDRESS,CREDIT_LIMIT,WEBSITE) VALUES (86,'Marrit International','Po Box 2152, Buffalo, NY',1200,'http://wwwmarritcom');
INSERT INTO CUSTOMERS (CUSTOMER_ID,NAME,ADDRESS,CREDIT_LIMIT,WEBSITE) VALUES (228,'Kinder Morgan','1614 Gitanjali Rd, Calcutta, ',5000,'http://wwwkindermorgancom');
INSERT INTO CUSTOMERS (CUSTOMER_ID,NAME,ADDRESS,CREDIT_LIMIT,WEBSITE) VALUES (231,'Molina Healthcare','1617 Crackers St, Bangalore - India, Kar',300,'http://wwwmolinahealthcarecom');
INSERT INTO CUSTOMERS (CUSTOMER_ID,NAME,ADDRESS,CREDIT_LIMIT,WEBSITE) VALUES (235,'Lincoln National','1622 Roja St, Chennai, Tam',5000,'http://wwwlfgcom');
INSERT INTO CUSTOMERS (CUSTOMER_ID,NAME,ADDRESS,CREDIT_LIMIT,WEBSITE) VALUES (238,'CH Robinson Worldwide','1628 Pataudi St, New Delhi, ',1900,'http://wwwchrobinsoncom');
INSERT INTO CUSTOMERS (CUSTOMER_ID,NAME,ADDRESS,CREDIT_LIMIT,WEBSITE) VALUES (242,'Synnex','1647 Suspense St, Cochin, Ker',500,'http://wwwsynnexcom');
INSERT INTO CUSTOMERS (CUSTOMER_ID,NAME,ADDRESS,CREDIT_LIMIT,WEBSITE) VALUES (245,'HollyFrontier','1656 Veterans Rd, Chennai, Tam',2500,'http://wwwhollyfrontiercom');
INSERT INTO CUSTOMERS (CUSTOMER_ID,NAME,ADDRESS,CREDIT_LIMIT,WEBSITE) VALUES (249,'PBF Energy','Piazza Quattre Stagioni 4, Roma, ',3700,'http://wwwpbfenergycom');
INSERT INTO CUSTOMERS (CUSTOMER_ID,NAME,ADDRESS,CREDIT_LIMIT,WEBSITE) VALUES (255,'Waste Management','Via Di Firenze 231, Roma, ',2400,'http://wwwwmcom');
INSERT INTO CUSTOMERS (CUSTOMER_ID,NAME,ADDRESS,CREDIT_LIMIT,WEBSITE) VALUES (259,'Parker-Hannifin','Canale Grande 2, Roma, ',700,'http://wwwparkercom');
INSERT INTO CUSTOMERS (CUSTOMER_ID,NAME,ADDRESS,CREDIT_LIMIT,WEBSITE) VALUES (263,'Farmers Insurance Exchange','Via Dello Croce 93, Tellaro, ',100,'http://wwwfarmerscom');
INSERT INTO CUSTOMERS (CUSTOMER_ID,NAME,ADDRESS,CREDIT_LIMIT,WEBSITE) VALUES (268,'VF','1971 Limelight Blvd, Samutprakarn, ',1200,'http://wwwvfccom');
INSERT INTO CUSTOMERS (CUSTOMER_ID,NAME,ADDRESS,CREDIT_LIMIT,WEBSITE) VALUES (313,'Hertz Global Holdings','1616 Crackers Blvd, Bangalore - India, Kar',5000,'http://wwwhertzcom');
INSERT INTO CUSTOMERS (CUSTOMER_ID,NAME,ADDRESS,CREDIT_LIMIT,WEBSITE) VALUES (319,'BB&T Corp','1668 Chong Tao, Beijing, ',200,'http://wwwbbtcom');
INSERT INTO CUSTOMERS (CUSTOMER_ID,NAME,ADDRESS,CREDIT_LIMIT,WEBSITE) VALUES (32,'Global Partners','1135 Catherine St, Ann Arbor, MI',400,'http://wwwglobalpcom');
INSERT INTO CUSTOMERS (CUSTOMER_ID,NAME,ADDRESS,CREDIT_LIMIT,WEBSITE) VALUES (63,'Sempra Energy','633 S Hawley Rd, Milwaukee, WI',900,'http://wwwsempracom');
INSERT INTO CUSTOMERS (CUSTOMER_ID,NAME,ADDRESS,CREDIT_LIMIT,WEBSITE) VALUES (78,'Precision Castparts','726 Union St, Hudson, NY',1200,'http://wwwprecastcom');
INSERT INTO CUSTOMERS (CUSTOMER_ID,NAME,ADDRESS,CREDIT_LIMIT,WEBSITE) VALUES (111,'WW Grainger','378 S Negley Ave, Pittsburgh, PA',1500,'http://wwwgraingercom');
INSERT INTO CUSTOMERS (CUSTOMER_ID,NAME,ADDRESS,CREDIT_LIMIT,WEBSITE) VALUES (125,'Air Products & Chemicals','612 Jefferson Ave, Scranton, PA',2300,'http://wwwairproductscom');
INSERT INTO CUSTOMERS (CUSTOMER_ID,NAME,ADDRESS,CREDIT_LIMIT,WEBSITE) VALUES (163,'Charter Communications','802 North Ave, Pittsburgh, PA',3600,'http://wwwchartercom');
INSERT INTO CUSTOMERS (CUSTOMER_ID,NAME,ADDRESS,CREDIT_LIMIT,WEBSITE) VALUES (195,'Applied Materials','Via Dolorosa 69, Tellaro, ',700,'http://wwwappliedmaterialscom');
INSERT INTO CUSTOMERS (CUSTOMER_ID,NAME,ADDRESS,CREDIT_LIMIT,WEBSITE) VALUES (206,'Ally Financial','Via Noriosa 1949, Ventimiglia, ',3600,'http://wwwallycom');
INSERT INTO CUSTOMERS (CUSTOMER_ID,NAME,ADDRESS,CREDIT_LIMIT,WEBSITE) VALUES (218,'Lennar','1592 Silverado St, Bangalore, Kar',700,'http://wwwlennarcom');
INSERT INTO CUSTOMERS (CUSTOMER_ID,NAME,ADDRESS,CREDIT_LIMIT,WEBSITE) VALUES (243,'Hormel Foods','1648 Anamika St, Cochin, Ker',500,'http://wwwhormelfoodscom');
INSERT INTO CUSTOMERS (CUSTOMER_ID,NAME,ADDRESS,CREDIT_LIMIT,WEBSITE) VALUES (254,'PayPal Holdings','Via Dello Croce 93, Roma, ',1200,'http://wwwpaypalcom');
INSERT INTO CUSTOMERS (CUSTOMER_ID,NAME,ADDRESS,CREDIT_LIMIT,WEBSITE) VALUES (266,'Autoliv','Via Delle Capeletti 52, San Giminiano, ',400,'http://wwwautolivcom');
INSERT INTO CUSTOMERS (CUSTOMER_ID,NAME,ADDRESS,CREDIT_LIMIT,WEBSITE) VALUES (294,'Corning','Pfannenstilstr 13, Egg, ZH',2300,'http://wwwcorningcom');
INSERT INTO CUSTOMERS (CUSTOMER_ID,NAME,ADDRESS,CREDIT_LIMIT,WEBSITE) VALUES (301,'Univar','1598 Legend St, Bangalore, Kar',5000,'http://wwwunivarcom');
INSERT INTO CUSTOMERS (CUSTOMER_ID,NAME,ADDRESS,CREDIT_LIMIT,WEBSITE) VALUES (314,'Thrivent Financial for Lutherans','1617 Crackers St, Bangalore - India, Kar',900,'http://wwwthriventcom');
INSERT INTO CUSTOMERS (CUSTOMER_ID,NAME,ADDRESS,CREDIT_LIMIT,WEBSITE) VALUES (88,'Walmart','1790 Grand Blvd, Schenectady, NY',1200,'http://wwwwalmartcom');
INSERT INTO CUSTOMERS (CUSTOMER_ID,NAME,ADDRESS,CREDIT_LIMIT,WEBSITE) VALUES (89,'Exxon Mobil','7 Ingelside Ln, White Plains, NY',1200,'http://wwwexxonmobilcom');
INSERT INTO CUSTOMERS (CUSTOMER_ID,NAME,ADDRESS,CREDIT_LIMIT,WEBSITE) VALUES (90,'Apple','18 Glenridge Rd, Schenectady, NY',1200,'http://wwwapplecom');
INSERT INTO CUSTOMERS (CUSTOMER_ID,NAME,ADDRESS,CREDIT_LIMIT,WEBSITE) VALUES (91,'Berkshire Hathaway','6432 Rising Sun Ave, Philadelphia, PA',1200,'http://wwwberkshirehathawaycom');
INSERT INTO CUSTOMERS (CUSTOMER_ID,NAME,ADDRESS,CREDIT_LIMIT,WEBSITE) VALUES (92,'McKesson','Rr 10, Reading, PA',1200,'http://wwwmckessoncom');
INSERT INTO CUSTOMERS (CUSTOMER_ID,NAME,ADDRESS,CREDIT_LIMIT,WEBSITE) VALUES (93,'UnitedHealth Group','2455 Rose Garden Rd, Pittsburgh, PA',1200,'http://wwwunitedhealthgroupcom');
INSERT INTO CUSTOMERS (CUSTOMER_ID,NAME,ADDRESS,CREDIT_LIMIT,WEBSITE) VALUES (94,'CVS Health','1812 Timberline Rd, Altoona, PA',1200,'http://wwwcvshealthcom');
INSERT INTO CUSTOMERS (CUSTOMER_ID,NAME,ADDRESS,CREDIT_LIMIT,WEBSITE) VALUES (95,'General Mors','141 Schiller St, Reading, PA',1200,'http://wwwgmcom');
INSERT INTO CUSTOMERS (CUSTOMER_ID,NAME,ADDRESS,CREDIT_LIMIT,WEBSITE) VALUES (96,'Ford Mor','1126 Pawlings Rd, Norristown, PA',1200,'http://wwwfordcom');
INSERT INTO CUSTOMERS (CUSTOMER_ID,NAME,ADDRESS,CREDIT_LIMIT,WEBSITE) VALUES (97,'AT&T','55 Church Hill Rd, Reading, PA',1200,'http://wwwattcom');
INSERT INTO CUSTOMERS (CUSTOMER_ID,NAME,ADDRESS,CREDIT_LIMIT,WEBSITE) VALUES (98,'General Electric','354 N Prince St, Lancaster, PA',1200,'http://wwwgecom');
INSERT INTO CUSTOMERS (CUSTOMER_ID,NAME,ADDRESS,CREDIT_LIMIT,WEBSITE) VALUES (99,'AmerisourceBergen','115 Chestnut St, Philadelphia, PA',1400,'http://wwwamerisourcebergencom');
INSERT INTO CUSTOMERS (CUSTOMER_ID,NAME,ADDRESS,CREDIT_LIMIT,WEBSITE) VALUES (100,'Verizon','2899 Grand Ave, Pittsburgh, PA',1400,'http://wwwverizoncom');
INSERT INTO CUSTOMERS (CUSTOMER_ID,NAME,ADDRESS,CREDIT_LIMIT,WEBSITE) VALUES (101,'Chevron','Po Box 39, Indiana, PA',1400,'http://wwwchevroncom');
INSERT INTO CUSTOMERS (CUSTOMER_ID,NAME,ADDRESS,CREDIT_LIMIT,WEBSITE) VALUES (102,'Costco','1604 Broadway Ave, Pittsburgh, PA',1400,'http://wwwcostcocom');
INSERT INTO CUSTOMERS (CUSTOMER_ID,NAME,ADDRESS,CREDIT_LIMIT,WEBSITE) VALUES (103,'Fannie Mae','4734 Liberty Ave, Pittsburgh, PA',1400,'http://wwwfanniemaecom');
INSERT INTO CUSTOMERS (CUSTOMER_ID,NAME,ADDRESS,CREDIT_LIMIT,WEBSITE) VALUES (104,'Kroger','21 Thornwood Rd, Harrisburg, PA',1400,'http://wwwthekrogercocom');
INSERT INTO CUSTOMERS (CUSTOMER_ID,NAME,ADDRESS,CREDIT_LIMIT,WEBSITE) VALUES (105,'Amazoncom','3725 W Lake Rd, Erie, PA',1400,'http://wwwamazoncom');
INSERT INTO CUSTOMERS (CUSTOMER_ID,NAME,ADDRESS,CREDIT_LIMIT,WEBSITE) VALUES (106,'Walgreens Bos Alliance','1808 4Th Ave, Altoona, PA',1400,'http://wwwwalgreensbosalliancecom');
INSERT INTO CUSTOMERS (CUSTOMER_ID,NAME,ADDRESS,CREDIT_LIMIT,WEBSITE) VALUES (107,'HP','Station Sq, Pittsburgh, PA',1400,'http://wwwhpcom');
INSERT INTO CUSTOMERS (CUSTOMER_ID,NAME,ADDRESS,CREDIT_LIMIT,WEBSITE) VALUES (108,'Cardinal Health','4020 Garden Ave, Erie, PA',1400,'http://wwwcardinalcom');
INSERT INTO CUSTOMERS (CUSTOMER_ID,NAME,ADDRESS,CREDIT_LIMIT,WEBSITE) VALUES (109,'Express Scripts Holding','100 N Peach St, Philadelphia, PA',1400,'http://wwwexpress-scriptscom');
INSERT INTO CUSTOMERS (CUSTOMER_ID,NAME,ADDRESS,CREDIT_LIMIT,WEBSITE) VALUES (110,'JP Morgan Chase','835 Heister Ln, Reading, PA',1400,'http://wwwjpmorganchasecom');
INSERT INTO CUSTOMERS (CUSTOMER_ID,NAME,ADDRESS,CREDIT_LIMIT,WEBSITE) VALUES (112,'Boeing','5643 N 5Th St, Philadelphia, PA',1500,'http://wwwboeingcom');
INSERT INTO CUSTOMERS (CUSTOMER_ID,NAME,ADDRESS,CREDIT_LIMIT,WEBSITE) VALUES (113,'Microsoft','1401 W Warren Rd, Bradford, PA',1500,'http://wwwmicrosoftcom');
INSERT INTO CUSTOMERS (CUSTOMER_ID,NAME,ADDRESS,CREDIT_LIMIT,WEBSITE) VALUES (114,'Bank of America Corp','815 Freeport Rd, Pittsburgh, PA',1500,'http://wwwbankofamericacom');
INSERT INTO CUSTOMERS (CUSTOMER_ID,NAME,ADDRESS,CREDIT_LIMIT,WEBSITE) VALUES (115,'Wells Fargo','327 N Washington Ave # 300, Scranton, PA',1900,'http://wwwwellsfargocom');
INSERT INTO CUSTOMERS (CUSTOMER_ID,NAME,ADDRESS,CREDIT_LIMIT,WEBSITE) VALUES (117,'Home Dep','4901 Locust Ln, Harrisburg, PA',2300,'http://wwwhomedepcom');
INSERT INTO CUSTOMERS (CUSTOMER_ID,NAME,ADDRESS,CREDIT_LIMIT,WEBSITE) VALUES (118,'Citigroup','3376 Perrysville Ave, Pittsburgh, PA',2300,'http://wwwcitigroupcom');
INSERT INTO CUSTOMERS (CUSTOMER_ID,NAME,ADDRESS,CREDIT_LIMIT,WEBSITE) VALUES (119,'Phillips 66','220 Penn Ave # 300, Scranton, PA',2300,'http://wwwphillips66com');
INSERT INTO CUSTOMERS (CUSTOMER_ID,NAME,ADDRESS,CREDIT_LIMIT,WEBSITE) VALUES (121,'IBM','522 Swede St, Norristown, PA',2300,'http://wwwibmcom');
INSERT INTO CUSTOMERS (CUSTOMER_ID,NAME,ADDRESS,CREDIT_LIMIT,WEBSITE) VALUES (122,'Valero Energy','7708 City Ave, Philadelphia, PA',2300,'http://wwwvalerocom');
INSERT INTO CUSTOMERS (CUSTOMER_ID,NAME,ADDRESS,CREDIT_LIMIT,WEBSITE) VALUES (123,'Anthem','1801 Lititz Pike, Lancaster, PA',2300,'http://wwwantheminccom');
INSERT INTO CUSTOMERS (CUSTOMER_ID,NAME,ADDRESS,CREDIT_LIMIT,WEBSITE) VALUES (124,'Procter & Gamble','101 E Olney Ave, Philadelphia, PA',2300,'http://wwwpgcom');
INSERT INTO CUSTOMERS (CUSTOMER_ID,NAME,ADDRESS,CREDIT_LIMIT,WEBSITE) VALUES (127,'Alphabet','36 W 34Th St, Erie, PA',2400,'http://wwwgooglecom');
INSERT INTO CUSTOMERS (CUSTOMER_ID,NAME,ADDRESS,CREDIT_LIMIT,WEBSITE) VALUES (128,'Comcast','1007 Mount Royal Blvd, Pittsburgh, PA',2400,'http://wwwcomcastcorporationcom');
INSERT INTO CUSTOMERS (CUSTOMER_ID,NAME,ADDRESS,CREDIT_LIMIT,WEBSITE) VALUES (129,'Target','601 Market St, Philadelphia, PA',2400,'http://wwwtargetcom');
INSERT INTO CUSTOMERS (CUSTOMER_ID,NAME,ADDRESS,CREDIT_LIMIT,WEBSITE) VALUES (132,'MetLife','5122 Sinclair Ln, Baltimore, MD',2400,'http://wwwmetlifecom');
INSERT INTO CUSTOMERS (CUSTOMER_ID,NAME,ADDRESS,CREDIT_LIMIT,WEBSITE) VALUES (133,'Archer Daniels Midland','680 Bel Air Rd, Bel Air, MD',2400,'http://wwwadmcom');
INSERT INTO CUSTOMERS (CUSTOMER_ID,NAME,ADDRESS,CREDIT_LIMIT,WEBSITE) VALUES (135,'Freddie Mac','8004 Stansbury Rd, Baltimore, MD',2400,'http://wwwfreddiemaccom');
INSERT INTO CUSTOMERS (CUSTOMER_ID,NAME,ADDRESS,CREDIT_LIMIT,WEBSITE) VALUES (136,'PepsiCo','10209 Yearling Dr, Rockville, MD',2400,'http://wwwpepsicocom');
INSERT INTO CUSTOMERS (CUSTOMER_ID,NAME,ADDRESS,CREDIT_LIMIT,WEBSITE) VALUES (137,'United Technologies','3000 Greenmount Ave, Baltimore, MD',2400,'http://wwwutccom');
INSERT INTO CUSTOMERS (CUSTOMER_ID,NAME,ADDRESS,CREDIT_LIMIT,WEBSITE) VALUES (139,'Lowe?s','1262 Vocke Rd, Cumberland, MD',2400,'http://wwwlowescom');
INSERT INTO CUSTOMERS (CUSTOMER_ID,NAME,ADDRESS,CREDIT_LIMIT,WEBSITE) VALUES (140,'UPS','3314 Eastern Ave, Baltimore, MD',2400,'http://wwwupscom');
INSERT INTO CUSTOMERS (CUSTOMER_ID,NAME,ADDRESS,CREDIT_LIMIT,WEBSITE) VALUES (142,'Prudential Financial','11200 Scaggsville Rd, Laurel, MD',2400,'http://wwwprudentialcom');
INSERT INTO CUSTOMERS (CUSTOMER_ID,NAME,ADDRESS,CREDIT_LIMIT,WEBSITE) VALUES (144,'Humana','2300 Harford Rd, Baltimore, MD',2400,'http://wwwhumanacom');
INSERT INTO CUSTOMERS (CUSTOMER_ID,NAME,ADDRESS,CREDIT_LIMIT,WEBSITE) VALUES (145,'Disney','2 2Nd St # A, Ocean City, MD',2400,'http://wwwdisneycom');
INSERT INTO CUSTOMERS (CUSTOMER_ID,NAME,ADDRESS,CREDIT_LIMIT,WEBSITE) VALUES (146,'Cisco Systems','6917 W Oklahoma Ave, Milwaukee, WI',2400,'http://wwwciscocom');
INSERT INTO CUSTOMERS (CUSTOMER_ID,NAME,ADDRESS,CREDIT_LIMIT,WEBSITE) VALUES (148,'Dow Chemical','160 Glenwood Ave, Minneapolis, MN',2400,'http://wwwdowcom');
INSERT INTO CUSTOMERS (CUSTOMER_ID,NAME,ADDRESS,CREDIT_LIMIT,WEBSITE) VALUES (149,'Sysco','6915 Grand Ave, Hammond, IN',2400,'http://wwwsyscocom');
INSERT INTO CUSTOMERS (CUSTOMER_ID,NAME,ADDRESS,CREDIT_LIMIT,WEBSITE) VALUES (151,'Caterpillar','65 Cadillac Sq # 2701, Detroit, MI',2500,'http://wwwcaterpillarcom');
INSERT INTO CUSTOMERS (CUSTOMER_ID,NAME,ADDRESS,CREDIT_LIMIT,WEBSITE) VALUES (152,'Lockheed Martin','3435 Tuscany Dr Se, Grand Rapids, MI',2500,'http://wwwlockheedmartincom');
INSERT INTO CUSTOMERS (CUSTOMER_ID,NAME,ADDRESS,CREDIT_LIMIT,WEBSITE) VALUES (155,'Coca-Cola','810 1St Ave, Council Bluffs, IA',3500,'http://wwwcoca-colacompanycom');
INSERT INTO CUSTOMERS (CUSTOMER_ID,NAME,ADDRESS,CREDIT_LIMIT,WEBSITE) VALUES (156,'HCA Holdings','500 W Oklahoma Ave, Milwaukee, WI',3500,'http://wwwhcahealthcarecom');
INSERT INTO CUSTOMERS (CUSTOMER_ID,NAME,ADDRESS,CREDIT_LIMIT,WEBSITE) VALUES (159,'Energy Transfer Equity','1721 E Lake St, Minneapolis, MN',3600,'http://wwwenergytransfercom');
INSERT INTO CUSTOMERS (CUSTOMER_ID,NAME,ADDRESS,CREDIT_LIMIT,WEBSITE) VALUES (160,'Tyson Foods','255 Great Arrow Ave, Buffalo, NY',3600,'http://wwwtysonfoodscom');
INSERT INTO CUSTOMERS (CUSTOMER_ID,NAME,ADDRESS,CREDIT_LIMIT,WEBSITE) VALUES (162,'Delta Air Lines','6640 Campbell Blvd, Lockport, NY',3600,'http://wwwdeltacom');
INSERT INTO CUSTOMERS (CUSTOMER_ID,NAME,ADDRESS,CREDIT_LIMIT,WEBSITE) VALUES (164,'Nationwide','1136 Arch St, Philadelphia, PA',3600,'http://wwwnationwidecom');
INSERT INTO CUSTOMERS (CUSTOMER_ID,NAME,ADDRESS,CREDIT_LIMIT,WEBSITE) VALUES (166,'Best Buy','Rt 6 E, Warren, PA',3700,'http://wwwbestbuycom');
INSERT INTO CUSTOMERS (CUSTOMER_ID,NAME,ADDRESS,CREDIT_LIMIT,WEBSITE) VALUES (167,'Merck','1924 Bedford St, Cumberland, MD',3700,'http://wwwmerckcom');
INSERT INTO CUSTOMERS (CUSTOMER_ID,NAME,ADDRESS,CREDIT_LIMIT,WEBSITE) VALUES (169,'Liberty Mutual Insurance Group','2713 N Bendix Dr, South Bend, IN',3700,'http://wwwlibertymutualcom');
INSERT INTO CUSTOMERS (CUSTOMER_ID,NAME,ADDRESS,CREDIT_LIMIT,WEBSITE) VALUES (171,'Honeywell International','752 W Huron St, Pontiac, MI',3700,'http://wwwhoneywellcom');
INSERT INTO CUSTOMERS (CUSTOMER_ID,NAME,ADDRESS,CREDIT_LIMIT,WEBSITE) VALUES (173,'Massachusetts Mutual Life Insurance','1330 N Memorial Dr, Racine, WI',5000,'http://wwwmassmutualcom');
INSERT INTO CUSTOMERS (CUSTOMER_ID,NAME,ADDRESS,CREDIT_LIMIT,WEBSITE) VALUES (175,'Morgan Stanley','8 Automation Ln, Albany, NY',5000,'http://wwwmorganstanleycom');
INSERT INTO CUSTOMERS (CUSTOMER_ID,NAME,ADDRESS,CREDIT_LIMIT,WEBSITE) VALUES (176,'Cigna','811 N Brandywine Ave, Schenectady, NY',5000,'http://wwwcignacom');
INSERT INTO CUSTOMERS (CUSTOMER_ID,NAME,ADDRESS,CREDIT_LIMIT,WEBSITE) VALUES (178,'Allstate','3025 Sussex Ave, Pittsburgh, PA',5000,'http://wwwallstatecom');
INSERT INTO CUSTOMERS (CUSTOMER_ID,NAME,ADDRESS,CREDIT_LIMIT,WEBSITE) VALUES (179,'TIAA','932 High St, Lancaster, PA',5000,'http://wwwtiaaorg');
INSERT INTO CUSTOMERS (CUSTOMER_ID,NAME,ADDRESS,CREDIT_LIMIT,WEBSITE) VALUES (181,'CHS','6959 Tulip St, Philadelphia, PA',5000,'http://wwwchsinccom');
INSERT INTO CUSTOMERS (CUSTOMER_ID,NAME,ADDRESS,CREDIT_LIMIT,WEBSITE) VALUES (182,'American Express','511 S Central Ave # A, Baltimore, MD',5000,'http://wwwamericanexpresscom');
INSERT INTO CUSTOMERS (CUSTOMER_ID,NAME,ADDRESS,CREDIT_LIMIT,WEBSITE) VALUES (183,'Gilead Sciences','400 E Joppa Rd, Baltimore, MD',5000,'http://wwwgileadcom');
INSERT INTO CUSTOMERS (CUSTOMER_ID,NAME,ADDRESS,CREDIT_LIMIT,WEBSITE) VALUES (185,'General Dynamics','1796 Tsing Tao, Muang Nonthaburi, ',1200,'http://wwwgeneraldynamicscom');
INSERT INTO CUSTOMERS (CUSTOMER_ID,NAME,ADDRESS,CREDIT_LIMIT,WEBSITE) VALUES (186,'TJX','1810 Tucker Crt, Mumbai, ',5000,'http://wwwtjxcom');
INSERT INTO CUSTOMERS (CUSTOMER_ID,NAME,ADDRESS,CREDIT_LIMIT,WEBSITE) VALUES (188,'Nike','Sendlinger Tor 4, Munich, ',2400,'http://wwwnikecom');
INSERT INTO CUSTOMERS (CUSTOMER_ID,NAME,ADDRESS,CREDIT_LIMIT,WEBSITE) VALUES (189,'World Fuel Services','Theresienstr 15, Munich, ',2400,'http://wwwwfscorpcom');
INSERT INTO CUSTOMERS (CUSTOMER_ID,NAME,ADDRESS,CREDIT_LIMIT,WEBSITE) VALUES (191,'Mondelez International','1822 Ironweed St, Toronto, ONT',1200,'http://wwwmondelezinternationalcom');
INSERT INTO CUSTOMERS (CUSTOMER_ID,NAME,ADDRESS,CREDIT_LIMIT,WEBSITE) VALUES (193,'Twenty-First Century Fox','Via Noriosa 1932 Rd, Firenze, ',500,'http://www21cfcom');
INSERT INTO CUSTOMERS (CUSTOMER_ID,NAME,ADDRESS,CREDIT_LIMIT,WEBSITE) VALUES (194,'Deere','Via Noriosa 1941, Firenze, ',500,'http://wwwjohndeerecom');
INSERT INTO CUSTOMERS (CUSTOMER_ID,NAME,ADDRESS,CREDIT_LIMIT,WEBSITE) VALUES (209,'Time Warner','Via Delle Grazie 11, Tellaro, ',2400,'http://wwwtimewarnercom');
INSERT INTO CUSTOMERS (CUSTOMER_ID,NAME,ADDRESS,CREDIT_LIMIT,WEBSITE) VALUES (196,'DuPont','Via Noriosa 1943, Firenze, ',2400,'http://wwwdupontcom');
INSERT INTO CUSTOMERS (CUSTOMER_ID,NAME,ADDRESS,CREDIT_LIMIT,WEBSITE) VALUES (197,'Avnet','Via Luminosa 162, Tellaro, ',700,'http://wwwavnetcom');
INSERT INTO CUSTOMERS (CUSTOMER_ID,NAME,ADDRESS,CREDIT_LIMIT,WEBSITE) VALUES (199,'Macy?s','Via Di Firenze 231, Tellaro, ',700,'http://wwwmacysinccom');
INSERT INTO CUSTOMERS (CUSTOMER_ID,NAME,ADDRESS,CREDIT_LIMIT,WEBSITE) VALUES (201,'Travelers Cos','Via Frenzy 6903, Tellaro, ',3600,'http://wwwtravelerscom');
INSERT INTO CUSTOMERS (CUSTOMER_ID,NAME,ADDRESS,CREDIT_LIMIT,WEBSITE) VALUES (203,'Philip Morris International','Piazza Quattre Stagioni 4, San Giminiano, ',3600,'http://wwwpmicom');
INSERT INTO CUSTOMERS (CUSTOMER_ID,NAME,ADDRESS,CREDIT_LIMIT,WEBSITE) VALUES (205,'Tech Data','Via Noriosa 1932, Tellaro, ',3600,'http://wwwtechdatacom');
INSERT INTO CUSTOMERS (CUSTOMER_ID,NAME,ADDRESS,CREDIT_LIMIT,WEBSITE) VALUES (211,'McDonald?s','2034 Sabrina Rd, Samutprakarn, ',3700,'http://wwwaboutmcdonaldscom');
INSERT INTO CUSTOMERS (CUSTOMER_ID,NAME,ADDRESS,CREDIT_LIMIT,WEBSITE) VALUES (213,'Sears Holdings','Ruella Delle Spiriti, Milano, ',500,'http://wwwsearsholdingscom');
INSERT INTO CUSTOMERS (CUSTOMER_ID,NAME,ADDRESS,CREDIT_LIMIT,WEBSITE) VALUES (215,'Capital One Financial','Via Delle Capeletti 52, San Giminiano, ',1500,'http://wwwcapitalonecom');
INSERT INTO CUSTOMERS (CUSTOMER_ID,NAME,ADDRESS,CREDIT_LIMIT,WEBSITE) VALUES (217,'USAA','Via Delli Capelli 2, San Giminiano, ',700,'http://wwwusaacom');
INSERT INTO CUSTOMERS (CUSTOMER_ID,NAME,ADDRESS,CREDIT_LIMIT,WEBSITE) VALUES (219,'Duke Energy','1593 Silverado St, Bangalore, Kar',5000,'http://wwwduke-energycom');
INSERT INTO CUSTOMERS (CUSTOMER_ID,NAME,ADDRESS,CREDIT_LIMIT,WEBSITE) VALUES (221,'Halliburton','1602 Sholay St, Chennai, Tam',1500,'http://wwwhalliburtoncom');
INSERT INTO CUSTOMERS (CUSTOMER_ID,NAME,ADDRESS,CREDIT_LIMIT,WEBSITE) VALUES (224,'Arrow Electronics','1607 Sangam Blvd, New Delhi, ',5000,'http://wwwarrowcom');
INSERT INTO CUSTOMERS (CUSTOMER_ID,NAME,ADDRESS,CREDIT_LIMIT,WEBSITE) VALUES (1,'Raytheon','514 W Superior St, Kokomo, IN',100,'http://wwwraytheoncom');
INSERT INTO CUSTOMERS (CUSTOMER_ID,NAME,ADDRESS,CREDIT_LIMIT,WEBSITE) VALUES (2,'Plains GP Holdings','2515 Bloyd Ave, Indianapolis, IN',100,'http://wwwplainsallamericancom');
INSERT INTO CUSTOMERS (CUSTOMER_ID,NAME,ADDRESS,CREDIT_LIMIT,WEBSITE) VALUES (3,'US Foods Holding','8768 N State Rd 37, Bloomington, IN',100,'http://wwwusfoodscom');
INSERT INTO CUSTOMERS (CUSTOMER_ID,NAME,ADDRESS,CREDIT_LIMIT,WEBSITE) VALUES (4,'AbbVie','6445 Bay Harbor Ln, Indianapolis, IN',100,'http://wwwabbviecom');
INSERT INTO CUSTOMERS (CUSTOMER_ID,NAME,ADDRESS,CREDIT_LIMIT,WEBSITE) VALUES (5,'Centene','4019 W 3Rd St, Bloomington, IN',100,'http://wwwcentenecom');
INSERT INTO CUSTOMERS (CUSTOMER_ID,NAME,ADDRESS,CREDIT_LIMIT,WEBSITE) VALUES (6,'Community Health Systems','1608 Portage Ave, South Bend, IN',100,'http://wwwchsnet');
INSERT INTO CUSTOMERS (CUSTOMER_ID,NAME,ADDRESS,CREDIT_LIMIT,WEBSITE) VALUES (7,'Alcoa','23943 Us Highway 33, Elkhart, IN',100,'http://wwwalcoacom');
INSERT INTO CUSTOMERS (CUSTOMER_ID,NAME,ADDRESS,CREDIT_LIMIT,WEBSITE) VALUES (8,'International Paper','136 E Market St # 800, Indianapolis, IN',100,'http://wwwinternationalpapercom');
INSERT INTO CUSTOMERS (CUSTOMER_ID,NAME,ADDRESS,CREDIT_LIMIT,WEBSITE) VALUES (9,'Emerson Electric','1905 College St, South Bend, IN',100,'http://wwwemersoncom');
INSERT INTO CUSTOMERS (CUSTOMER_ID,NAME,ADDRESS,CREDIT_LIMIT,WEBSITE) VALUES (10,'Union Pacific','3512 Rockville Rd # 137C, Indianapolis, IN',200,'http://wwwupcom');
INSERT INTO CUSTOMERS (CUSTOMER_ID,NAME,ADDRESS,CREDIT_LIMIT,WEBSITE) VALUES (11,'Amgen','1303 E University St, Bloomington, IN',200,'http://wwwamgencom');
INSERT INTO CUSTOMERS (CUSTOMER_ID,NAME,ADDRESS,CREDIT_LIMIT,WEBSITE) VALUES (12,'US Bancorp','115 N Weinbach Ave, Evansville, IN',200,'http://wwwusbankcom');
INSERT INTO CUSTOMERS (CUSTOMER_ID,NAME,ADDRESS,CREDIT_LIMIT,WEBSITE) VALUES (13,'Staples','2067 Rollett Ln, Evansville, IN',200,'http://wwwstaplescom');
INSERT INTO CUSTOMERS (CUSTOMER_ID,NAME,ADDRESS,CREDIT_LIMIT,WEBSITE) VALUES (14,'Danaher','1105 E Allendale Dr, Bloomington, IN',200,'http://wwwdanahercom');
INSERT INTO CUSTOMERS (CUSTOMER_ID,NAME,ADDRESS,CREDIT_LIMIT,WEBSITE) VALUES (15,'Whirlpool','18305 Van Dyke St, Detroit, MI',200,'http://wwwwhirlpoolcorpcom');
INSERT INTO CUSTOMERS (CUSTOMER_ID,NAME,ADDRESS,CREDIT_LIMIT,WEBSITE) VALUES (16,'Aflac','Lucas Dr Bldg 348, Detroit, MI',200,'http://wwwaflaccom');
INSERT INTO CUSTOMERS (CUSTOMER_ID,NAME,ADDRESS,CREDIT_LIMIT,WEBSITE) VALUES (17,'AutoNation','1801 Monroe Ave Nw, Grand Rapids, MI',200,'http://wwwautonationcom');
INSERT INTO CUSTOMERS (CUSTOMER_ID,NAME,ADDRESS,CREDIT_LIMIT,WEBSITE) VALUES (18,'Progressive','4925 Kendrick St Se, Grand Rapids, MI',200,'http://wwwprogressivecom');
INSERT INTO CUSTOMERS (CUSTOMER_ID,NAME,ADDRESS,CREDIT_LIMIT,WEBSITE) VALUES (19,'Abbt Laboratories','3310 Dixie Ct, Saginaw, MI',200,'http://wwwabbtcom');
INSERT INTO CUSTOMERS (CUSTOMER_ID,NAME,ADDRESS,CREDIT_LIMIT,WEBSITE) VALUES (20,'Dollar General','113 Washington Sq N, Lansing, MI',200,'http://wwwdollargeneralcom');
INSERT INTO CUSTOMERS (CUSTOMER_ID,NAME,ADDRESS,CREDIT_LIMIT,WEBSITE) VALUES (21,'Tenet Healthcare','2500 S Pennsylvania Ave, Lansing, MI',200,'http://wwwtenethealthcom');
INSERT INTO CUSTOMERS (CUSTOMER_ID,NAME,ADDRESS,CREDIT_LIMIT,WEBSITE) VALUES (22,'Eli Lilly','3213 S Cedar St, Lansing, MI',200,'http://wwwlillycom');
INSERT INTO CUSTOMERS (CUSTOMER_ID,NAME,ADDRESS,CREDIT_LIMIT,WEBSITE) VALUES (24,'Southwest Airlines','6654 W Lafayette St, Detroit, MI',200,'http://wwwsouthwestcom');
INSERT INTO CUSTOMERS (CUSTOMER_ID,NAME,ADDRESS,CREDIT_LIMIT,WEBSITE) VALUES (25,'Penske Automive Group','27 Benton Rd, Saginaw, MI',200,'http://wwwpenskeautomivecom');
INSERT INTO CUSTOMERS (CUSTOMER_ID,NAME,ADDRESS,CREDIT_LIMIT,WEBSITE) VALUES (26,'ManpowerGroup','8201 Livernois Ave, Detroit, MI',300,'http://wwwmanpowergroupcom');
INSERT INTO CUSTOMERS (CUSTOMER_ID,NAME,ADDRESS,CREDIT_LIMIT,WEBSITE) VALUES (28,'Kohl?s','3100 E Eisenhower Pky # 100, Ann Arbor, MI',300,'http://wwwkohlscorporationcom');
INSERT INTO CUSTOMERS (CUSTOMER_ID,NAME,ADDRESS,CREDIT_LIMIT,WEBSITE) VALUES (29,'Starbucks','952 Vassar Dr, Kalamazoo, MI',400,'http://wwwstarbuckscom');
INSERT INTO CUSTOMERS (CUSTOMER_ID,NAME,ADDRESS,CREDIT_LIMIT,WEBSITE) VALUES (30,'Paccar','150 W Jefferson Ave # 2500, Detroit, MI',400,'http://wwwpaccarcom');
INSERT INTO CUSTOMERS (CUSTOMER_ID,NAME,ADDRESS,CREDIT_LIMIT,WEBSITE) VALUES (31,'Cummins','40 Pearl St Nw # 1020, Grand Rapids, MI',400,'http://wwwcumminscom');
INSERT INTO CUSTOMERS (CUSTOMER_ID,NAME,ADDRESS,CREDIT_LIMIT,WEBSITE) VALUES (33,'Altria Group','301 E Genesee Ave, Saginaw, MI',400,'http://wwwaltriacom');
INSERT INTO CUSTOMERS (CUSTOMER_ID,NAME,ADDRESS,CREDIT_LIMIT,WEBSITE) VALUES (34,'Xerox','9936 Dexter Ave, Detroit, MI',400,'http://wwwxeroxcom');
INSERT INTO CUSTOMERS (CUSTOMER_ID,NAME,ADDRESS,CREDIT_LIMIT,WEBSITE) VALUES (35,'Kimberly-Clark','1660 University Ter, Ann Arbor, MI',400,'http://wwwkimberly-clarkcom');
INSERT INTO CUSTOMERS (CUSTOMER_ID,NAME,ADDRESS,CREDIT_LIMIT,WEBSITE) VALUES (36,'Hartford Financial Services Group','15713 N East St, Lansing, MI',400,'http://wwwthehartfordcom');
INSERT INTO CUSTOMERS (CUSTOMER_ID,NAME,ADDRESS,CREDIT_LIMIT,WEBSITE) VALUES (38,'Kraft Heinz','10315 Hickman Rd, Des Moines, IA',500,'http://wwwkraftheinzcompanycom');
INSERT INTO CUSTOMERS (CUSTOMER_ID,NAME,ADDRESS,CREDIT_LIMIT,WEBSITE) VALUES (40,'Fluor','1928 Sherwood Dr, Council Bluffs, IA',500,'http://wwwfluorcom');
INSERT INTO CUSTOMERS (CUSTOMER_ID,NAME,ADDRESS,CREDIT_LIMIT,WEBSITE) VALUES (41,'AECOM','2102 E Kimberly Rd, Davenport, IA',500,'http://wwwaecomcom');
INSERT INTO CUSTOMERS (CUSTOMER_ID,NAME,ADDRESS,CREDIT_LIMIT,WEBSITE) VALUES (44,'Jabil Circuit','221 3Rd Ave Se # 300, Cedar Rapids, IA',500,'http://wwwjabilcom');
INSERT INTO CUSTOMERS (CUSTOMER_ID,NAME,ADDRESS,CREDIT_LIMIT,WEBSITE) VALUES (45,'CenturyLink','2120 Heights Dr, Eau Claire, WI',500,'http://wwwcenturylinkcom');
INSERT INTO CUSTOMERS (CUSTOMER_ID,NAME,ADDRESS,CREDIT_LIMIT,WEBSITE) VALUES (47,'General Mills','6555 W Good Hope Rd, Milwaukee, WI',600,'http://wwwgeneralmillscom');
INSERT INTO CUSTOMERS (CUSTOMER_ID,NAME,ADDRESS,CREDIT_LIMIT,WEBSITE) VALUES (48,'Southern','1314 N Stoughton Rd, Madison, WI',600,'http://wwwsoutherncompanycom');
INSERT INTO CUSTOMERS (CUSTOMER_ID,NAME,ADDRESS,CREDIT_LIMIT,WEBSITE) VALUES (50,'Thermo Fisher Scientific','6161 N 64Th St, Milwaukee, WI',700,'http://wwwthermofishercom');
INSERT INTO CUSTOMERS (CUSTOMER_ID,NAME,ADDRESS,CREDIT_LIMIT,WEBSITE) VALUES (51,'American Electric Power','11016 W Lincoln Ave, Milwaukee, WI',700,'http://wwwaepcom');
INSERT INTO CUSTOMERS (CUSTOMER_ID,NAME,ADDRESS,CREDIT_LIMIT,WEBSITE) VALUES (53,'NGL Energy Partners','615 N Sherman Ave, Madison, WI',700,'http://wwwnglenergypartnerscom');
INSERT INTO CUSTOMERS (CUSTOMER_ID,NAME,ADDRESS,CREDIT_LIMIT,WEBSITE) VALUES (54,'Bristol-Myers Squibb','512 E Grand Ave, Beloit, WI',700,'http://wwwbmscom');
INSERT INTO CUSTOMERS (CUSTOMER_ID,NAME,ADDRESS,CREDIT_LIMIT,WEBSITE) VALUES (56,'Nucor','5235 N Ironwood Ln, Milwaukee, WI',700,'http://wwwnucorcom');
INSERT INTO CUSTOMERS (CUSTOMER_ID,NAME,ADDRESS,CREDIT_LIMIT,WEBSITE) VALUES (57,'PNC Financial Services Group','322 E Michigan St, Milwaukee, WI',700,'http://wwwpnccom');
INSERT INTO CUSTOMERS (CUSTOMER_ID,NAME,ADDRESS,CREDIT_LIMIT,WEBSITE) VALUES (58,'Health Net','1400 Bellinger St Fl 4, Eau Claire, WI',700,'http://wwwhealthnetcom');
INSERT INTO CUSTOMERS (CUSTOMER_ID,NAME,ADDRESS,CREDIT_LIMIT,WEBSITE) VALUES (60,'Colgate-Palmolive','808 3Rd St # 100, Wausau, WI',700,'http://wwwcolgatepalmolivecom');
INSERT INTO CUSTOMERS (CUSTOMER_ID,NAME,ADDRESS,CREDIT_LIMIT,WEBSITE) VALUES (61,'Freeport-McMoRan','300 Crooks St, Green Bay, WI',900,'http://wwwfcxcom');
INSERT INTO CUSTOMERS (CUSTOMER_ID,NAME,ADDRESS,CREDIT_LIMIT,WEBSITE) VALUES (64,'Gap','2122 Campbell Rd, La Crosse, WI',1200,'http://wwwgapinccom');
INSERT INTO CUSTOMERS (CUSTOMER_ID,NAME,ADDRESS,CREDIT_LIMIT,WEBSITE) VALUES (65,'Baker Hughes','3324 N Oakland Ave, Milwaukee, WI',1200,'http://wwwbakerhughescom');
INSERT INTO CUSTOMERS (CUSTOMER_ID,NAME,ADDRESS,CREDIT_LIMIT,WEBSITE) VALUES (67,'Dollar Tree','1501 Lowry Ave N, Minneapolis, MN',1200,'http://wwwdollartreecom');
INSERT INTO CUSTOMERS (CUSTOMER_ID,NAME,ADDRESS,CREDIT_LIMIT,WEBSITE) VALUES (69,'Whole Foods Market','4200 Yosemite Ave S, Minneapolis, MN',1200,'http://wwwwholefoodsmarketcom');
INSERT INTO CUSTOMERS (CUSTOMER_ID,NAME,ADDRESS,CREDIT_LIMIT,WEBSITE) VALUES (70,'PPG Industries','2800 Chicago Ave # 100, Minneapolis, MN',1200,'http://wwwppgcom');
INSERT INTO CUSTOMERS (CUSTOMER_ID,NAME,ADDRESS,CREDIT_LIMIT,WEBSITE) VALUES (72,'Icahn Enterprises','314 W Superior St # 1015, Duluth, MN',1200,'http://wwwielpcom');
INSERT INTO CUSTOMERS (CUSTOMER_ID,NAME,ADDRESS,CREDIT_LIMIT,WEBSITE) VALUES (74,'Performance Food Group','2720 Brewerton Rd, Syracuse, NY',1200,'http://wwwpfgccom');
INSERT INTO CUSTOMERS (CUSTOMER_ID,NAME,ADDRESS,CREDIT_LIMIT,WEBSITE) VALUES (76,'DISH Network','1522 Main St, Niagara Falls, NY',1200,'http://wwwdishcom');
INSERT INTO CUSTOMERS (CUSTOMER_ID,NAME,ADDRESS,CREDIT_LIMIT,WEBSITE) VALUES (77,'FirstEnergy','49 N Pine Ave, Albany, NY',1200,'http://wwwfirstenergycorpcom');
INSERT INTO CUSTOMERS (CUSTOMER_ID,NAME,ADDRESS,CREDIT_LIMIT,WEBSITE) VALUES (80,'AES','33 Fulton St, Poughkeepsie, NY',1200,'http://wwwaescom');
INSERT INTO CUSTOMERS (CUSTOMER_ID,NAME,ADDRESS,CREDIT_LIMIT,WEBSITE) VALUES (81,'CarMax','2360 Maxon Rd, Schenectady, NY',1200,'http://wwwcarmaxcom');
INSERT INTO CUSTOMERS (CUSTOMER_ID,NAME,ADDRESS,CREDIT_LIMIT,WEBSITE) VALUES (84,'NRG Energy','500 S Salina St # 500, Syracuse, NY',1200,'http://wwwnrgenergycom');
INSERT INTO CUSTOMERS (CUSTOMER_ID,NAME,ADDRESS,CREDIT_LIMIT,WEBSITE) VALUES (85,'Western Digital','33 Pine St, Lockport, NY',1200,'http://wwwwesterndigitalcom');
INSERT INTO CUSTOMERS (CUSTOMER_ID,NAME,ADDRESS,CREDIT_LIMIT,WEBSITE) VALUES (226,'Office Dep','1612 Talaivar St, Chennai, Tam',5000,'http://wwwofficedepcom');
INSERT INTO CUSTOMERS (CUSTOMER_ID,NAME,ADDRESS,CREDIT_LIMIT,WEBSITE) VALUES (227,'Nordstrom','1613 Victoria St, Calcutta, ',5000,'http://wwwnordstromcom');
INSERT INTO CUSTOMERS (CUSTOMER_ID,NAME,ADDRESS,CREDIT_LIMIT,WEBSITE) VALUES (229,'Aramark','1615 Crackers Crt, Chennai - India, ',300,'http://wwwaramarkcom');
INSERT INTO CUSTOMERS (CUSTOMER_ID,NAME,ADDRESS,CREDIT_LIMIT,WEBSITE) VALUES (230,'DaVita HealthCare Partners','1616 Mr India Ln, Bombay - India, Kar',300,'http://wwwdavitacom');
INSERT INTO CUSTOMERS (CUSTOMER_ID,NAME,ADDRESS,CREDIT_LIMIT,WEBSITE) VALUES (232,'WellCare Health Plans','1618 Villains St, New Delhi - India, ',1200,'http://wwwwellcarecom');
INSERT INTO CUSTOMERS (CUSTOMER_ID,NAME,ADDRESS,CREDIT_LIMIT,WEBSITE) VALUES (233,'CBS','1619 Bowlers Rd, Chandigarh, Har',1200,'http://wwwcbscorporationcom');
INSERT INTO CUSTOMERS (CUSTOMER_ID,NAME,ADDRESS,CREDIT_LIMIT,WEBSITE) VALUES (234,'Visa','1620 Sixers Crt, Bombay, Kar',5000,'http://wwwvisacom');
INSERT INTO CUSTOMERS (CUSTOMER_ID,NAME,ADDRESS,CREDIT_LIMIT,WEBSITE) VALUES (236,'Ecolab','1623 Hey Ram St, Chennai - India, ',5000,'http://wwwecolabcom');
INSERT INTO CUSTOMERS (CUSTOMER_ID,NAME,ADDRESS,CREDIT_LIMIT,WEBSITE) VALUES (237,'Kellogg','1627 Sowdagar St, New Delhi, ',1900,'http://wwwkelloggcompanycom');
INSERT INTO CUSTOMERS (CUSTOMER_ID,NAME,ADDRESS,CREDIT_LIMIT,WEBSITE) VALUES (239,'Textron','1632 Splash St, Chandigarh, Har',2500,'http://wwwtextroncom');
INSERT INTO CUSTOMERS (CUSTOMER_ID,NAME,ADDRESS,CREDIT_LIMIT,WEBSITE) VALUES (240,'Loews','1636 Pretty Blvd, Bangalore, Kar',5000,'http://wwwloewscom');
INSERT INTO CUSTOMERS (CUSTOMER_ID,NAME,ADDRESS,CREDIT_LIMIT,WEBSITE) VALUES (241,'Illinois Tool Works','1646 Brazil Blvd, Chennai, Tam',500,'http://wwwitwcom');
INSERT INTO CUSTOMERS (CUSTOMER_ID,NAME,ADDRESS,CREDIT_LIMIT,WEBSITE) VALUES (244,'Viacom','1650 Teesri Manjil Crt, Kashmir, ',3700,'http://wwwviacomcom');
INSERT INTO CUSTOMERS (CUSTOMER_ID,NAME,ADDRESS,CREDIT_LIMIT,WEBSITE) VALUES (246,'Land O?Lakes','1662 Talaivar St, Chennai, Tam',1500,'http://wwwlandolakesinccom');
INSERT INTO CUSTOMERS (CUSTOMER_ID,NAME,ADDRESS,CREDIT_LIMIT,WEBSITE) VALUES (248,'Devon Energy','Piazza Del Congresso 22, Roma, ',3700,'http://wwwdevonenergycom');
INSERT INTO CUSTOMERS (CUSTOMER_ID,NAME,ADDRESS,CREDIT_LIMIT,WEBSITE) VALUES (251,'Yum Brands','Ruella Delle Spiriti, Roma, ',500,'http://wwwyumcom');
INSERT INTO CUSTOMERS (CUSTOMER_ID,NAME,ADDRESS,CREDIT_LIMIT,WEBSITE) VALUES (252,'Texas Instruments','Via Del Disegno 194, Roma, ',500,'http://wwwticom');
INSERT INTO CUSTOMERS (CUSTOMER_ID,NAME,ADDRESS,CREDIT_LIMIT,WEBSITE) VALUES (253,'CDW','Via Delle Capeletti 52, Roma, ',500,'http://wwwcdwcom');
INSERT INTO CUSTOMERS (CUSTOMER_ID,NAME,ADDRESS,CREDIT_LIMIT,WEBSITE) VALUES (256,'Marsh & McLennan','Via Dolorosa 69, Roma, ',2400,'http://wwwmmccom');
INSERT INTO CUSTOMERS (CUSTOMER_ID,NAME,ADDRESS,CREDIT_LIMIT,WEBSITE) VALUES (257,'Chesapeake Energy','Via Noriosa 1942, Ventimiglia, ',700,'http://wwwchkcom');
INSERT INTO CUSTOMERS (CUSTOMER_ID,NAME,ADDRESS,CREDIT_LIMIT,WEBSITE) VALUES (260,'Occidental Petroleum','Piazza Cacchiatore 23, Roma, ',700,'http://wwwoxycom');
INSERT INTO CUSTOMERS (CUSTOMER_ID,NAME,ADDRESS,CREDIT_LIMIT,WEBSITE) VALUES (261,'Guardian Life Ins Co of America','Via Del Disegno 194, San Giminiano, ',600,'http://wwwguardianlifecom');
INSERT INTO CUSTOMERS (CUSTOMER_ID,NAME,ADDRESS,CREDIT_LIMIT,WEBSITE) VALUES (264,'JC Penney','Via Dello Croce 93, San Giminiano, ',400,'http://wwwjcpenneycom');
INSERT INTO CUSTOMERS (CUSTOMER_ID,NAME,ADDRESS,CREDIT_LIMIT,WEBSITE) VALUES (265,'Consolidated Edison','Ruella Delle Spiriti, San Giminiano, ',400,'http://wwwconedisoncom');
INSERT INTO CUSTOMERS (CUSTOMER_ID,NAME,ADDRESS,CREDIT_LIMIT,WEBSITE) VALUES (267,'Cognizant Technology Solutions','Via Delli Capelli 2, Tellaro, ',400,'http://wwwcognizantcom');
INSERT INTO CUSTOMERS (CUSTOMER_ID,NAME,ADDRESS,CREDIT_LIMIT,WEBSITE) VALUES (269,'Ameriprise Financial','Harmoniegasse 3, Baden-Daettwil, AG',500,'http://wwwameriprisecom');
INSERT INTO CUSTOMERS (CUSTOMER_ID,NAME,ADDRESS,CREDIT_LIMIT,WEBSITE) VALUES (271,'Computer Sciences','Alfred E Neumann-Weg 3, Baden-Daettwil, AG',500,'http://wwwcsccom');
INSERT INTO CUSTOMERS (CUSTOMER_ID,NAME,ADDRESS,CREDIT_LIMIT,WEBSITE) VALUES (272,'L Brands','Dr Herbert Bitto Str 23, Baden-Daettwil, AG',2300,'http://wwwlbcom');
INSERT INTO CUSTOMERS (CUSTOMER_ID,NAME,ADDRESS,CREDIT_LIMIT,WEBSITE) VALUES (273,'Jacobs Engineering Group','Taefernstr 4, Baden-Daettwil, AG',2300,'http://wwwjacobscom');
INSERT INTO CUSTOMERS (CUSTOMER_ID,NAME,ADDRESS,CREDIT_LIMIT,WEBSITE) VALUES (275,'Principal Financial','Helebardenweg 5, Baden-Daettwil, AG',3500,'http://wwwprincipalcom');
INSERT INTO CUSTOMERS (CUSTOMER_ID,NAME,ADDRESS,CREDIT_LIMIT,WEBSITE) VALUES (276,'Ross Stores','Zum Freundlichen Nachbarn 5, Baden-Daettwil, AG',3500,'http://wwwrossstorescom');
INSERT INTO CUSTOMERS (CUSTOMER_ID,NAME,ADDRESS,CREDIT_LIMIT,WEBSITE) VALUES (277,'Bed Bath & Beyond','Ziegenwiese 3, Baden-Daettwil, AG',3500,'http://wwwbedbathandbeyondcom');
INSERT INTO CUSTOMERS (CUSTOMER_ID,NAME,ADDRESS,CREDIT_LIMIT,WEBSITE) VALUES (278,'CSX','Am Waldrand 5, Baden-Daettwil, AG',3500,'http://wwwcsxcom');
INSERT INTO CUSTOMERS (CUSTOMER_ID,NAME,ADDRESS,CREDIT_LIMIT,WEBSITE) VALUES (279,'Toys ?R? Us','Zur Kantine 9, Baden-Daettwil, AG',1200,'http://wwwtoysrusinccom');
INSERT INTO CUSTOMERS (CUSTOMER_ID,NAME,ADDRESS,CREDIT_LIMIT,WEBSITE) VALUES (280,'Las Vegas Sands','Grosse Bahnhostrasse 3, Baden-Daettwil, AG',1200,'http://wwwsandscom');
INSERT INTO CUSTOMERS (CUSTOMER_ID,NAME,ADDRESS,CREDIT_LIMIT,WEBSITE) VALUES (281,'Leucadia National','Paradeplatz 4, Zuerich, ZH',1200,'http://wwwleucadiacom');
INSERT INTO CUSTOMERS (CUSTOMER_ID,NAME,ADDRESS,CREDIT_LIMIT,WEBSITE) VALUES (282,'Dominion Resources','Badenerstr 1941, Zuerich, ZH',3500,'http://wwwdomcom');
INSERT INTO CUSTOMERS (CUSTOMER_ID,NAME,ADDRESS,CREDIT_LIMIT,WEBSITE) VALUES (283,'United States Steel','Welschdoerfchen 1941, Chur, ZH',3500,'http://wwwussteelcom');
INSERT INTO CUSTOMERS (CUSTOMER_ID,NAME,ADDRESS,CREDIT_LIMIT,WEBSITE) VALUES (284,'L-3 Communications','Le Reduit, Tschiertschen, GR',1400,'http://wwwl-3comcom');
INSERT INTO CUSTOMERS (CUSTOMER_ID,NAME,ADDRESS,CREDIT_LIMIT,WEBSITE) VALUES (285,'Edison International','Bendlehn, Trogen, SG',1400,'http://wwwedisoninvestorcom');
INSERT INTO CUSTOMERS (CUSTOMER_ID,NAME,ADDRESS,CREDIT_LIMIT,WEBSITE) VALUES (286,'Entergy','Spisertor 3, St Gallen, SG',1400,'http://wwwentergycom');
INSERT INTO CUSTOMERS (CUSTOMER_ID,NAME,ADDRESS,CREDIT_LIMIT,WEBSITE) VALUES (287,'ADP','Langstr 14, Zuerich, ZH',700,'http://wwwadpcom');
INSERT INTO CUSTOMERS (CUSTOMER_ID,NAME,ADDRESS,CREDIT_LIMIT,WEBSITE) VALUES (288,'First Data','Roessligasse 4, Zurich, ZH',700,'http://wwwfirstdatacom');
INSERT INTO CUSTOMERS (CUSTOMER_ID,NAME,ADDRESS,CREDIT_LIMIT,WEBSITE) VALUES (289,'BlackRock','Zum Froehlichen Schweizer 3, Zurich, ZH',5000,'http://wwwblackrockcom');
INSERT INTO CUSTOMERS (CUSTOMER_ID,NAME,ADDRESS,CREDIT_LIMIT,WEBSITE) VALUES (290,'WestRock','Chrtenweg, Bern, BE',5000,'http://wwwwestrockcom');
INSERT INTO CUSTOMERS (CUSTOMER_ID,NAME,ADDRESS,CREDIT_LIMIT,WEBSITE) VALUES (291,'Voya Financial','Bruppacher Str 3, Baden-Daettwil, AG',5000,'http://wwwvoyacom');
INSERT INTO CUSTOMERS (CUSTOMER_ID,NAME,ADDRESS,CREDIT_LIMIT,WEBSITE) VALUES (292,'Sherwin-Williams','Limmatquai, Zuerich, ZH',1800,'http://wwwsherwincom');
INSERT INTO CUSTOMERS (CUSTOMER_ID,NAME,ADDRESS,CREDIT_LIMIT,WEBSITE) VALUES (293,'Hilton Worldwide Holdings','Dreikoenigsstr 3, Zurich, ZH',1800,'http://wwwhiltonworldwidecom');
INSERT INTO CUSTOMERS (CUSTOMER_ID,NAME,ADDRESS,CREDIT_LIMIT,WEBSITE) VALUES (295,'RR Donnelley & Sons','Kreuzstr 32, Zurich, ZH',2300,'http://wwwrrdonnelleycom');
INSERT INTO CUSTOMERS (CUSTOMER_ID,NAME,ADDRESS,CREDIT_LIMIT,WEBSITE) VALUES (296,'Stanley Black & Decker','1539 Stripes Rd, Baden-Daettwil, AG',2300,'http://wwwstanleyblackanddeckercom');
INSERT INTO CUSTOMERS (CUSTOMER_ID,NAME,ADDRESS,CREDIT_LIMIT,WEBSITE) VALUES (299,'Murphy USA','1593 Silverado St, Bangalore, Kar',1400,'http://corporatemurphyusacom');
INSERT INTO CUSTOMERS (CUSTOMER_ID,NAME,ADDRESS,CREDIT_LIMIT,WEBSITE) VALUES (300,'CBRE Group','1596 Commando Blvd, Bangalore, Kar',1200,'http://wwwcbrecom');
INSERT INTO CUSTOMERS (CUSTOMER_ID,NAME,ADDRESS,CREDIT_LIMIT,WEBSITE) VALUES (302,'DR Horton','1599 Legend Rd, Bangalore, Kar',5000,'http://wwwdrhortoncom');
INSERT INTO CUSTOMERS (CUSTOMER_ID,NAME,ADDRESS,CREDIT_LIMIT,WEBSITE) VALUES (303,'Estee Lauder','1600 Target Crt, Bangalore, Kar',5000,'http://wwwelcompaniescom');
INSERT INTO CUSTOMERS (CUSTOMER_ID,NAME,ADDRESS,CREDIT_LIMIT,WEBSITE) VALUES (304,'Praxair','1603 Rebel St, Bangalore, Kar',500,'http://wwwpraxaircom');
INSERT INTO CUSTOMERS (CUSTOMER_ID,NAME,ADDRESS,CREDIT_LIMIT,WEBSITE) VALUES (305,'Biogen','1604 Volunteers Rd, Bangalore, Kar',500,'http://wwwbiogencom');
INSERT INTO CUSTOMERS (CUSTOMER_ID,NAME,ADDRESS,CREDIT_LIMIT,WEBSITE) VALUES (307,'State Street Corp','1607 Abwdrts St, Bangalore, Kar',3500,'http://wwwstatestreetcom');
INSERT INTO CUSTOMERS (CUSTOMER_ID,NAME,ADDRESS,CREDIT_LIMIT,WEBSITE) VALUES (308,'Unum Group','1608 Amadeus St, Bangalore, Kar',3500,'http://wwwunumcom');
INSERT INTO CUSTOMERS (CUSTOMER_ID,NAME,ADDRESS,CREDIT_LIMIT,WEBSITE) VALUES (309,'Reynolds American','1610 Betrayal Crt, Bangalore, Kar',5000,'http://wwwreynoldsamericancom');
INSERT INTO CUSTOMERS (CUSTOMER_ID,NAME,ADDRESS,CREDIT_LIMIT,WEBSITE) VALUES (311,'Group 1 Automive','1614 Crackers Rd, Bangalore - India, Kar',2300,'http://wwwgroup1autocom');
INSERT INTO CUSTOMERS (CUSTOMER_ID,NAME,ADDRESS,CREDIT_LIMIT,WEBSITE) VALUES (312,'Henry Schein','1615 Crackers Crt, Bangalore - India, Kar',5000,'http://wwwhenryscheincom');
INSERT INTO CUSTOMERS (CUSTOMER_ID,NAME,ADDRESS,CREDIT_LIMIT,WEBSITE) VALUES (315,'Norfolk Southern','1618 Foloose St, Bangalore - India, Kar',900,'http://wwwnscorpcom');
INSERT INTO CUSTOMERS (CUSTOMER_ID,NAME,ADDRESS,CREDIT_LIMIT,WEBSITE) VALUES (316,'Reinsurance Group of America','1619 Foloose Rd, Bangalore - India, Kar',900,'http://wwwrgarecom');
INSERT INTO CUSTOMERS (CUSTOMER_ID,NAME,ADDRESS,CREDIT_LIMIT,WEBSITE) VALUES (317,'Public Service Enterprise Group','1621 Gargon! Blvd, Bangalore - India, Kar',600,'http://wwwpsegcom');
INSERT INTO CUSTOMERS (CUSTOMER_ID,NAME,ADDRESS,CREDIT_LIMIT,WEBSITE) VALUES (23,'DTE Energy','8110 Jackson Rd, Ann Arbor, MI',200,'http://wwwdteenergycom');
INSERT INTO CUSTOMERS (CUSTOMER_ID,NAME,ADDRESS,CREDIT_LIMIT,WEBSITE) VALUES (27,'Assurant','101 N Falahee Rd, Jackson, MI',300,'http://wwwassurantcom');
INSERT INTO CUSTOMERS (CUSTOMER_ID,NAME,ADDRESS,CREDIT_LIMIT,WEBSITE) VALUES (37,'Huntsman','555 John F Kennedy Rd, Dubuque, IA',500,'http://wwwhuntsmancom');
INSERT INTO CUSTOMERS (CUSTOMER_ID,NAME,ADDRESS,CREDIT_LIMIT,WEBSITE) VALUES (42,'Becton Dickinson','1691 Asbury Rd, Dubuque, IA',500,'http://wwwbdcom');
INSERT INTO CUSTOMERS (CUSTOMER_ID,NAME,ADDRESS,CREDIT_LIMIT,WEBSITE) VALUES (68,'AutoZone','113 N 1St St, Minneapolis, MN',1200,'http://wwwautozonecom');
INSERT INTO CUSTOMERS (CUSTOMER_ID,NAME,ADDRESS,CREDIT_LIMIT,WEBSITE) VALUES (73,'Navistar International','1409 Willow St # 600, Minneapolis, MN',1200,'http://wwwnavistarcom');
INSERT INTO CUSTOMERS (CUSTOMER_ID,NAME,ADDRESS,CREDIT_LIMIT,WEBSITE) VALUES (82,'Discover Financial Services','85 High St, Buffalo, NY',1200,'http://wwwdiscoverfinancialcom');
INSERT INTO CUSTOMERS (CUSTOMER_ID,NAME,ADDRESS,CREDIT_LIMIT,WEBSITE) VALUES (87,'Liberty Interactive','2979 Hamburg St, Schenectady, NY',1200,'http://wwwlibertyinteractivecom');
INSERT INTO CUSTOMERS (CUSTOMER_ID,NAME,ADDRESS,CREDIT_LIMIT,WEBSITE) VALUES (116,'Baxter International','810 Race St, Philadelphia, PA',1900,'http://wwwbaxtercom');
INSERT INTO CUSTOMERS (CUSTOMER_ID,NAME,ADDRESS,CREDIT_LIMIT,WEBSITE) VALUES (120,'Stryker','135 S 18Th St # 1, Philadelphia, PA',2300,'http://wwwstrykercom');
INSERT INTO CUSTOMERS (CUSTOMER_ID,NAME,ADDRESS,CREDIT_LIMIT,WEBSITE) VALUES (130,'Western Refining','5565 Baynton St, Philadelphia, PA',2400,'http://wwwwnrcom');
INSERT INTO CUSTOMERS (CUSTOMER_ID,NAME,ADDRESS,CREDIT_LIMIT,WEBSITE) VALUES (154,'Universal Health Services','1751 Madison Ave, Council Bluffs, IA',3500,'http://wwwuhsinccom');
INSERT INTO CUSTOMERS (CUSTOMER_ID,NAME,ADDRESS,CREDIT_LIMIT,WEBSITE) VALUES (158,'Owens & Minor','310 Broadway St, Alexandria, MN',3600,'http://wwwowens-minorcom');
INSERT INTO CUSTOMERS (CUSTOMER_ID,NAME,ADDRESS,CREDIT_LIMIT,WEBSITE) VALUES (168,'Advance Auto Parts','2674 Collingwood St, Detroit, MI',3700,'http://wwwadvanceautopartscom');
INSERT INTO CUSTOMERS (CUSTOMER_ID,NAME,ADDRESS,CREDIT_LIMIT,WEBSITE) VALUES (172,'MasterCard','660 Woodward Ave # 2290, Detroit, MI',3700,'http://wwwmastercardcom');
INSERT INTO CUSTOMERS (CUSTOMER_ID,NAME,ADDRESS,CREDIT_LIMIT,WEBSITE) VALUES (198,'Eastman Chemical','2017 Convoy St, Tokyo, ',2400,'http://wwweastmancom');
INSERT INTO CUSTOMERS (CUSTOMER_ID,NAME,ADDRESS,CREDIT_LIMIT,WEBSITE) VALUES (202,'Sonic Automive','Piazza Del Congresso 22, San Giminiano, ',3600,'http://wwwsonicautomivecom');
INSERT INTO CUSTOMERS (CUSTOMER_ID,NAME,ADDRESS,CREDIT_LIMIT,WEBSITE) VALUES (210,'CST Brands','2033 Spartacus St, Samutprakarn, ',3700,'http://wwwcstbrandscom');
INSERT INTO CUSTOMERS (CUSTOMER_ID,NAME,ADDRESS,CREDIT_LIMIT,WEBSITE) VALUES (214,'eBay','Via Del Disegno 194, Milano, ',1500,'http://wwwebaycom');
INSERT INTO CUSTOMERS (CUSTOMER_ID,NAME,ADDRESS,CREDIT_LIMIT,WEBSITE) VALUES (222,'GameStop','1605 Bazigar Crt, Pune, ',5000,'http://wwwgamestopcorpcom');
INSERT INTO CUSTOMERS (CUSTOMER_ID,NAME,ADDRESS,CREDIT_LIMIT,WEBSITE) VALUES (225,'Reliance Steel & Aluminum','1609 Pakija Rd, New Delhi, ',3700,'http://wwwrsaccom');
INSERT INTO CUSTOMERS (CUSTOMER_ID,NAME,ADDRESS,CREDIT_LIMIT,WEBSITE) VALUES (247,'Celgene','1667 2010 St, Batavia, Ker',500,'http://wwwcelgenecom');
INSERT INTO CUSTOMERS (CUSTOMER_ID,NAME,ADDRESS,CREDIT_LIMIT,WEBSITE) VALUES (250,'Genworth Financial','Piazza Svizzera, Roma, ',2400,'http://wwwgenworthcom');
INSERT INTO CUSTOMERS (CUSTOMER_ID,NAME,ADDRESS,CREDIT_LIMIT,WEBSITE) VALUES (258,'Priceline Group','Via Noriosa 1943, Ventimiglia, ',700,'http://wwwpricelinegroupcom');
INSERT INTO CUSTOMERS (CUSTOMER_ID,NAME,ADDRESS,CREDIT_LIMIT,WEBSITE) VALUES (262,'MGM Resorts International','Piazza Svizzera, San Giminiano, ',100,'http://wwwmgmresortscom');
INSERT INTO CUSTOMERS (CUSTOMER_ID,NAME,ADDRESS,CREDIT_LIMIT,WEBSITE) VALUES (270,'Fidelity National Financial','Sonnenberg 4, Baden-Daettwil, AG',500,'http://wwwfnfcom');
INSERT INTO CUSTOMERS (CUSTOMER_ID,NAME,ADDRESS,CREDIT_LIMIT,WEBSITE) VALUES (274,'Republic Services','Kreuzritterplatz 5, Baden-Daettwil, AG',3500,'http://wwwrepublicservicescom');
INSERT INTO CUSTOMERS (CUSTOMER_ID,NAME,ADDRESS,CREDIT_LIMIT,WEBSITE) VALUES (298,'Peter Kiewit Sons?','1592 Silverado St, Bangalore, Kar',1400,'http://wwwkiewitcom');
INSERT INTO CUSTOMERS (CUSTOMER_ID,NAME,ADDRESS,CREDIT_LIMIT,WEBSITE) VALUES (306,'Mosaic','1606 Volunteers Blvd, Bangalore, Kar',3500,'http://wwwmosaiccocom');
INSERT INTO CUSTOMERS (CUSTOMER_ID,NAME,ADDRESS,CREDIT_LIMIT,WEBSITE) VALUES (310,'Core-Mark Holding','1611 Carmen Blvd, Bangalore, Kar',5000,'http://wwwcore-markcom');
INSERT INTO CUSTOMERS (CUSTOMER_ID,NAME,ADDRESS,CREDIT_LIMIT,WEBSITE) VALUES (318,'Cameron International','1667 2010 St, Batavia, IL',200,'http://wwwc-a-mcom');
INSERT INTO CUSTOMERS (CUSTOMER_ID,NAME,ADDRESS,CREDIT_LIMIT,WEBSITE) VALUES (297,'Xcel Energy','1540 Stripes Crt, Baden-Daettwil, AG',400,'http://wwwxcelenergycom');
INSERT INTO CUSTOMERS (CUSTOMER_ID,NAME,ADDRESS,CREDIT_LIMIT,WEBSITE) VALUES (126,'State Farm Insurance Cos','223 4Th Ave # 1100, Pittsburgh, PA',2300,'http://wwwstatefarmcom');
INSERT INTO CUSTOMERS (CUSTOMER_ID,NAME,ADDRESS,CREDIT_LIMIT,WEBSITE) VALUES (131,'Johnson & Johnson','5640 Fishers Ln, Rockville, MD',2400,'http://wwwjnjcom');
INSERT INTO CUSTOMERS (CUSTOMER_ID,NAME,ADDRESS,CREDIT_LIMIT,WEBSITE) VALUES (134,'Marathon Petroleum','4301 Ashland Ave, Baltimore, MD',2400,'http://wwwmarathonpetroleumcom');
INSERT INTO CUSTOMERS (CUSTOMER_ID,NAME,ADDRESS,CREDIT_LIMIT,WEBSITE) VALUES (138,'Aetna','200 E Fort Ave, Baltimore, MD',2400,'http://wwwaetnacom');
INSERT INTO CUSTOMERS (CUSTOMER_ID,NAME,ADDRESS,CREDIT_LIMIT,WEBSITE) VALUES (141,'AIG','12817 Coastal Hwy, Ocean City, MD',2400,'http://wwwaigcom');
INSERT INTO CUSTOMERS (CUSTOMER_ID,NAME,ADDRESS,CREDIT_LIMIT,WEBSITE) VALUES (143,'Intel','9435 Washington Blvd N # M, Laurel, MD',2400,'http://wwwintelcom');
INSERT INTO CUSTOMERS (CUSTOMER_ID,NAME,ADDRESS,CREDIT_LIMIT,WEBSITE) VALUES (147,'Pfizer','206 S Broadway # 707, Rochester, MN',2400,'http://wwwpfizercom');
INSERT INTO CUSTOMERS (CUSTOMER_ID,NAME,ADDRESS,CREDIT_LIMIT,WEBSITE) VALUES (150,'FedEx','2215 Oak Industrial Dr Ne, Grand Rapids, MI',2400,'http://wwwfedexcom');
INSERT INTO CUSTOMERS (CUSTOMER_ID,NAME,ADDRESS,CREDIT_LIMIT,WEBSITE) VALUES (153,'New York Life Insurance','215 4Th Ave Se, Cedar Rapids, IA',2500,'http://wwwnewyorklifecom');
INSERT INTO CUSTOMERS (CUSTOMER_ID,NAME,ADDRESS,CREDIT_LIMIT,WEBSITE) VALUES (157,'Ingram Micro','4811 S 76Th St # 205, Milwaukee, WI',3600,'http://wwwingrammicrocom');
INSERT INTO CUSTOMERS (CUSTOMER_ID,NAME,ADDRESS,CREDIT_LIMIT,WEBSITE) VALUES (161,'American Airlines Group','800 Carter St, Rochester, NY',3600,'http://wwwaacom');
INSERT INTO CUSTOMERS (CUSTOMER_ID,NAME,ADDRESS,CREDIT_LIMIT,WEBSITE) VALUES (165,'Johnson Controls','6Th And Master St, Philadelphia, PA',3600,'http://wwwjohnsoncontrolscom');
INSERT INTO CUSTOMERS (CUSTOMER_ID,NAME,ADDRESS,CREDIT_LIMIT,WEBSITE) VALUES (170,'Goldman Sachs Group','23985 Bedford Rd N, Battle Creek, MI',3700,'http://wwwgscom');
INSERT INTO CUSTOMERS (CUSTOMER_ID,NAME,ADDRESS,CREDIT_LIMIT,WEBSITE) VALUES (174,'Oracle','701 Seneca St, Buffalo, NY',5000,'http://wwworaclecom');



INSERT INTO CONTACTS (CONTACT_ID,FIRST_NAME,LAST_NAME,EMAIL,PHONE,CUSTOMER_ID) VALUES (1,'Flor','Stone','florstone@raytheoncom','+1 317 123 4104',1);
INSERT INTO CONTACTS (CONTACT_ID,FIRST_NAME,LAST_NAME,EMAIL,PHONE,CUSTOMER_ID) VALUES (2,'Lavera','Emerson','laveraemerson@plainsallamericancom','+1 317 123 4111',2);
INSERT INTO CONTACTS (CONTACT_ID,FIRST_NAME,LAST_NAME,EMAIL,PHONE,CUSTOMER_ID) VALUES (3,'Fern','Head','fernhead@usfoodscom','+1 812 123 4115',3);
INSERT INTO CONTACTS (CONTACT_ID,FIRST_NAME,LAST_NAME,EMAIL,PHONE,CUSTOMER_ID) VALUES (4,'Shyla','Ortiz','shylaortiz@abbviecom','+1 317 123 4126',4);
INSERT INTO CONTACTS (CONTACT_ID,FIRST_NAME,LAST_NAME,EMAIL,PHONE,CUSTOMER_ID) VALUES (5,'Jeni','Levy','jenilevy@centenecom','+1 812 123 4129',5);
INSERT INTO CONTACTS (CONTACT_ID,FIRST_NAME,LAST_NAME,EMAIL,PHONE,CUSTOMER_ID) VALUES (6,'Matthias','Hannah','matthiashannah@chsnet','+1 219 123 4136',6);
INSERT INTO CONTACTS (CONTACT_ID,FIRST_NAME,LAST_NAME,EMAIL,PHONE,CUSTOMER_ID) VALUES (7,'Matthias','Cruise','matthiascruise@alcoacom','+1 219 123 4138',7);
INSERT INTO CONTACTS (CONTACT_ID,FIRST_NAME,LAST_NAME,EMAIL,PHONE,CUSTOMER_ID) VALUES (8,'Meenakshi','Mason','meenakshimason@internationalpapercom','+1 317 123 4141',8);
INSERT INTO CONTACTS (CONTACT_ID,FIRST_NAME,LAST_NAME,EMAIL,PHONE,CUSTOMER_ID) VALUES (9,'Christian','Cage','christiancage@emersoncom','+1 219 123 4142',9);
INSERT INTO CONTACTS (CONTACT_ID,FIRST_NAME,LAST_NAME,EMAIL,PHONE,CUSTOMER_ID) VALUES (10,'Charlie','Sutherland','charliesutherland@upcom','+1 317 123 4146',10);
INSERT INTO CONTACTS (CONTACT_ID,FIRST_NAME,LAST_NAME,EMAIL,PHONE,CUSTOMER_ID) VALUES (11,'Charlie','Pacino','charliepacino@amgencom','+1 812 123 4150',11);
INSERT INTO CONTACTS (CONTACT_ID,FIRST_NAME,LAST_NAME,EMAIL,PHONE,CUSTOMER_ID) VALUES (12,'Guillaume','Jackson','guillaumejackson@usbankcom','+1 812 123 4151',12);
INSERT INTO CONTACTS (CONTACT_ID,FIRST_NAME,LAST_NAME,EMAIL,PHONE,CUSTOMER_ID) VALUES (13,'Daniel','Costner','danielcostner@staplescom','+1 812 123 4153',13);
INSERT INTO CONTACTS (CONTACT_ID,FIRST_NAME,LAST_NAME,EMAIL,PHONE,CUSTOMER_ID) VALUES (14,'Dianne','Derek','diannederek@danahercom','+1 812 123 4157',14);
INSERT INTO CONTACTS (CONTACT_ID,FIRST_NAME,LAST_NAME,EMAIL,PHONE,CUSTOMER_ID) VALUES (15,'Geraldine','Schneider','geraldineschneider@whirlpoolcorpcom','+1 313 123 4159',15);
INSERT INTO CONTACTS (CONTACT_ID,FIRST_NAME,LAST_NAME,EMAIL,PHONE,CUSTOMER_ID) VALUES (16,'Geraldine','Martin','geraldinemartin@aflaccom','+1 313 123 4160',16);
INSERT INTO CONTACTS (CONTACT_ID,FIRST_NAME,LAST_NAME,EMAIL,PHONE,CUSTOMER_ID) VALUES (17,'Guillaume','Edwards','guillaumeedwards@autonationcom','+1 616 123 4162',17);
INSERT INTO CONTACTS (CONTACT_ID,FIRST_NAME,LAST_NAME,EMAIL,PHONE,CUSTOMER_ID) VALUES (18,'Maurice','Mahoney','mauricemahoney@progressivecom','+1 616 123 4181',18);
INSERT INTO CONTACTS (CONTACT_ID,FIRST_NAME,LAST_NAME,EMAIL,PHONE,CUSTOMER_ID) VALUES (19,'Maurice','Hasan','mauricehasan@abbtcom','+1 517 123 4191',19);
INSERT INTO CONTACTS (CONTACT_ID,FIRST_NAME,LAST_NAME,EMAIL,PHONE,CUSTOMER_ID) VALUES (20,'Diane','Higgins','dianehiggins@dollargeneralcom','+1 517 123 4199',20);
INSERT INTO CONTACTS (CONTACT_ID,FIRST_NAME,LAST_NAME,EMAIL,PHONE,CUSTOMER_ID) VALUES (21,'Dianne','Sen','diannesen@tenethealthcom','+1 517 123 4201',21);
INSERT INTO CONTACTS (CONTACT_ID,FIRST_NAME,LAST_NAME,EMAIL,PHONE,CUSTOMER_ID) VALUES (22,'Maurice','Daltrey','mauricedaltrey@lillycom','+1 517 123 4206',22);
INSERT INTO CONTACTS (CONTACT_ID,FIRST_NAME,LAST_NAME,EMAIL,PHONE,CUSTOMER_ID) VALUES (23,'Tess','Rh','tessrh@dteenergycom','+1 313 123 4219',23);
INSERT INTO CONTACTS (CONTACT_ID,FIRST_NAME,LAST_NAME,EMAIL,PHONE,CUSTOMER_ID) VALUES (24,'Ka','Kaufman','kakaufman@southwestcom','+1 313 123 4222',24);
INSERT INTO CONTACTS (CONTACT_ID,FIRST_NAME,LAST_NAME,EMAIL,PHONE,CUSTOMER_ID) VALUES (25,'Sharyl','Montoya','sharylmontoya@penskeautomivecom','+1 517 123 4225',25);
INSERT INTO CONTACTS (CONTACT_ID,FIRST_NAME,LAST_NAME,EMAIL,PHONE,CUSTOMER_ID) VALUES (26,'Daniel','Glass','danielglass@manpowergroupcom','+1 313 123 4226',26);
INSERT INTO CONTACTS (CONTACT_ID,FIRST_NAME,LAST_NAME,EMAIL,PHONE,CUSTOMER_ID) VALUES (27,'Rena','Arnold','renaarnold@assurantcom','+1 517 123 4228',27);
INSERT INTO CONTACTS (CONTACT_ID,FIRST_NAME,LAST_NAME,EMAIL,PHONE,CUSTOMER_ID) VALUES (28,'Arlyne','Ingram','arlyneingram@kohlscorporationcom','+1 313 123 4230',28);
INSERT INTO CONTACTS (CONTACT_ID,FIRST_NAME,LAST_NAME,EMAIL,PHONE,CUSTOMER_ID) VALUES (29,'Willie','Barrera','williebarrera@starbuckscom','+1 616 123 4234',29);
INSERT INTO CONTACTS (CONTACT_ID,FIRST_NAME,LAST_NAME,EMAIL,PHONE,CUSTOMER_ID) VALUES (30,'Mireya','Cochran','mireyacochran@paccarcom','+1 313 123 4242',30);
INSERT INTO CONTACTS (CONTACT_ID,FIRST_NAME,LAST_NAME,EMAIL,PHONE,CUSTOMER_ID) VALUES (31,'Marlene','Odom','marleneodom@cumminscom','+1 616 123 4245',31);
INSERT INTO CONTACTS (CONTACT_ID,FIRST_NAME,LAST_NAME,EMAIL,PHONE,CUSTOMER_ID) VALUES (32,'Jaclyn','Atkinson','jaclynatkinson@globalpcom','+1 313 123 4248',32);
INSERT INTO CONTACTS (CONTACT_ID,FIRST_NAME,LAST_NAME,EMAIL,PHONE,CUSTOMER_ID) VALUES (33,'Al','Schultz','alschultz@altriacom','+1 517 123 4253',33);
INSERT INTO CONTACTS (CONTACT_ID,FIRST_NAME,LAST_NAME,EMAIL,PHONE,CUSTOMER_ID) VALUES (34,'Felicitas','Riley','felicitasriley@xeroxcom','+1 313 123 4255',34);
INSERT INTO CONTACTS (CONTACT_ID,FIRST_NAME,LAST_NAME,EMAIL,PHONE,CUSTOMER_ID) VALUES (35,'Cora','Calhoun','coracalhoun@kimberly-clarkcom','+1 313 123 4263',35);
INSERT INTO CONTACTS (CONTACT_ID,FIRST_NAME,LAST_NAME,EMAIL,PHONE,CUSTOMER_ID) VALUES (36,'Trula','Buckley','trulabuckley@thehartfordcom','+1 517 123 4265',36);
INSERT INTO CONTACTS (CONTACT_ID,FIRST_NAME,LAST_NAME,EMAIL,PHONE,CUSTOMER_ID) VALUES (37,'Sasha','Wallace','sashawallace@huntsmancom','+1 319 123 4271',37);
INSERT INTO CONTACTS (CONTACT_ID,FIRST_NAME,LAST_NAME,EMAIL,PHONE,CUSTOMER_ID) VALUES (38,'Caitlin','Hill','caitlinhill@kraftheinzcompanycom','+1 515 123 4273',38);
INSERT INTO CONTACTS (CONTACT_ID,FIRST_NAME,LAST_NAME,EMAIL,PHONE,CUSTOMER_ID) VALUES (39,'Gino','Pickett','ginopickett@learcom','+1 319 123 4278',39);
INSERT INTO CONTACTS (CONTACT_ID,FIRST_NAME,LAST_NAME,EMAIL,PHONE,CUSTOMER_ID) VALUES (40,'Amira','Macdonald','amiramacdonald@fluorcom','+1 712 123 4280',40);
INSERT INTO CONTACTS (CONTACT_ID,FIRST_NAME,LAST_NAME,EMAIL,PHONE,CUSTOMER_ID) VALUES (41,'Mack','Morse','mackmorse@aecomcom','+1 319 123 4282',41);
INSERT INTO CONTACTS (CONTACT_ID,FIRST_NAME,LAST_NAME,EMAIL,PHONE,CUSTOMER_ID) VALUES (42,'Eboni','Jarvis','ebonijarvis@bdcom','+1 319 123 4288',42);
INSERT INTO CONTACTS (CONTACT_ID,FIRST_NAME,LAST_NAME,EMAIL,PHONE,CUSTOMER_ID) VALUES (43,'Gabrielle','Dennis','gabrielledennis@facebookcom','+1 515 123 4290',43);
INSERT INTO CONTACTS (CONTACT_ID,FIRST_NAME,LAST_NAME,EMAIL,PHONE,CUSTOMER_ID) VALUES (44,'Classie','Norris','classienorris@jabilcom','+1 319 123 4301',44);
INSERT INTO CONTACTS (CONTACT_ID,FIRST_NAME,LAST_NAME,EMAIL,PHONE,CUSTOMER_ID) VALUES (45,'Khalilah','Holman','khalilahholman@centurylinkcom','+1 745 123 4306',45);
INSERT INTO CONTACTS (CONTACT_ID,FIRST_NAME,LAST_NAME,EMAIL,PHONE,CUSTOMER_ID) VALUES (46,'Isreal','Rose','isrealrose@supervalucom','+1 414 123 4307',46);
INSERT INTO CONTACTS (CONTACT_ID,FIRST_NAME,LAST_NAME,EMAIL,PHONE,CUSTOMER_ID) VALUES (47,'Verena','Hopper','verenahopper@generalmillscom','+1 414 123 4308',47);
INSERT INTO CONTACTS (CONTACT_ID,FIRST_NAME,LAST_NAME,EMAIL,PHONE,CUSTOMER_ID) VALUES (48,'Audie','Flores','audieflores@southerncompanycom','+1 608 123 4309',48);
INSERT INTO CONTACTS (CONTACT_ID,FIRST_NAME,LAST_NAME,EMAIL,PHONE,CUSTOMER_ID) VALUES (49,'Gertrude','Cooke','gertrudecooke@nexteraenergycom','+1 608 123 4318',49);
INSERT INTO CONTACTS (CONTACT_ID,FIRST_NAME,LAST_NAME,EMAIL,PHONE,CUSTOMER_ID) VALUES (50,'Princess','Kane','princesskane@thermofishercom','+1 414 123 4323',50);
INSERT INTO CONTACTS (CONTACT_ID,FIRST_NAME,LAST_NAME,EMAIL,PHONE,CUSTOMER_ID) VALUES (51,'Jacinta','Faulkner','jacintafaulkner@aepcom','+1 414 123 4324',51);
INSERT INTO CONTACTS (CONTACT_ID,FIRST_NAME,LAST_NAME,EMAIL,PHONE,CUSTOMER_ID) VALUES (52,'Lashon','Wall','lashonwall@pgecom','+1 414 123 4328',52);
INSERT INTO CONTACTS (CONTACT_ID,FIRST_NAME,LAST_NAME,EMAIL,PHONE,CUSTOMER_ID) VALUES (53,'Corliss','Mcneil','corlissmcneil@nglenergypartnerscom','+1 608 123 4332',53);
INSERT INTO CONTACTS (CONTACT_ID,FIRST_NAME,LAST_NAME,EMAIL,PHONE,CUSTOMER_ID) VALUES (54,'Brock','Webb','brockwebb@bmscom','+1 608 123 4344',54);
INSERT INTO CONTACTS (CONTACT_ID,FIRST_NAME,LAST_NAME,EMAIL,PHONE,CUSTOMER_ID) VALUES (55,'Melany','Mcmahon','melanymcmahon@goodyearcom','+1 414 123 4347',55);
INSERT INTO CONTACTS (CONTACT_ID,FIRST_NAME,LAST_NAME,EMAIL,PHONE,CUSTOMER_ID) VALUES (56,'Rogelio','Kirby','rogeliokirby@nucorcom','+1 414 123 4348',56);
INSERT INTO CONTACTS (CONTACT_ID,FIRST_NAME,LAST_NAME,EMAIL,PHONE,CUSTOMER_ID) VALUES (57,'Wallace','Dillard','wallacedillard@pnccom','+1 414 123 4350',57);
INSERT INTO CONTACTS (CONTACT_ID,FIRST_NAME,LAST_NAME,EMAIL,PHONE,CUSTOMER_ID) VALUES (58,'Gia','Boyle','giaboyle@healthnetcom','+1 745 123 4367',58);
INSERT INTO CONTACTS (CONTACT_ID,FIRST_NAME,LAST_NAME,EMAIL,PHONE,CUSTOMER_ID) VALUES (59,'Tennie','Gay','tenniegay@microncom','+1 414 123 4369',59);
INSERT INTO CONTACTS (CONTACT_ID,FIRST_NAME,LAST_NAME,EMAIL,PHONE,CUSTOMER_ID) VALUES (60,'Ophelia','Hurst','opheliahurst@colgatepalmolivecom','+1 715 123 4372',60);
INSERT INTO CONTACTS (CONTACT_ID,FIRST_NAME,LAST_NAME,EMAIL,PHONE,CUSTOMER_ID) VALUES (61,'Ciara','Flowers','ciaraflowers@fcxcom','+1 414 123 4373',61);
INSERT INTO CONTACTS (CONTACT_ID,FIRST_NAME,LAST_NAME,EMAIL,PHONE,CUSTOMER_ID) VALUES (62,'Birgit','Stephenson','birgitstephenson@conagrafoodscom','+1 608 123 4374',62);
INSERT INTO CONTACTS (CONTACT_ID,FIRST_NAME,LAST_NAME,EMAIL,PHONE,CUSTOMER_ID) VALUES (63,'Shameka','Spencer','shamekaspencer@sempracom','+1 414 123 4376',63);
INSERT INTO CONTACTS (CONTACT_ID,FIRST_NAME,LAST_NAME,EMAIL,PHONE,CUSTOMER_ID) VALUES (64,'Alysa','Kane','alysakane@gapinccom','+1 608 123 4378',64);
INSERT INTO CONTACTS (CONTACT_ID,FIRST_NAME,LAST_NAME,EMAIL,PHONE,CUSTOMER_ID) VALUES (65,'Fransisca','Reeves','fransiscareeves@bakerhughescom','+1 414 123 4381',65);
INSERT INTO CONTACTS (CONTACT_ID,FIRST_NAME,LAST_NAME,EMAIL,PHONE,CUSTOMER_ID) VALUES (66,'Jessika','Merritt','jessikamerritt@bnymelloncom','+1 612 123 4397',66);
INSERT INTO CONTACTS (CONTACT_ID,FIRST_NAME,LAST_NAME,EMAIL,PHONE,CUSTOMER_ID) VALUES (67,'Agustina','Conner','agustinaconner@dollartreecom','+1 612 123 4399',67);
INSERT INTO CONTACTS (CONTACT_ID,FIRST_NAME,LAST_NAME,EMAIL,PHONE,CUSTOMER_ID) VALUES (68,'Roxanna','Wade','roxannawade@autozonecom','+1 612 123 4408',68);
INSERT INTO CONTACTS (CONTACT_ID,FIRST_NAME,LAST_NAME,EMAIL,PHONE,CUSTOMER_ID) VALUES (69,'Virgie','Mays','virgiemays@wholefoodsmarketcom','+1 612 123 4417',69);
INSERT INTO CONTACTS (CONTACT_ID,FIRST_NAME,LAST_NAME,EMAIL,PHONE,CUSTOMER_ID) VALUES (70,'Trang','Mcconnell','trangmcconnell@ppgcom','+1 612 123 4419',70);
INSERT INTO CONTACTS (CONTACT_ID,FIRST_NAME,LAST_NAME,EMAIL,PHONE,CUSTOMER_ID) VALUES (71,'Nada','West','nadawest@genptcom','+1 507 123 4421',71);
INSERT INTO CONTACTS (CONTACT_ID,FIRST_NAME,LAST_NAME,EMAIL,PHONE,CUSTOMER_ID) VALUES (72,'Catherina','Haney','catherinahaney@ielpcom','+1 218 123 4429',72);
INSERT INTO CONTACTS (CONTACT_ID,FIRST_NAME,LAST_NAME,EMAIL,PHONE,CUSTOMER_ID) VALUES (73,'Harriette','Melton','harriettemelton@navistarcom','+1 612 123 4434',73);
INSERT INTO CONTACTS (CONTACT_ID,FIRST_NAME,LAST_NAME,EMAIL,PHONE,CUSTOMER_ID) VALUES (74,'Willette','Rodgers','willetterodgers@pfgccom','+1 315 123 4442',74);
INSERT INTO CONTACTS (CONTACT_ID,FIRST_NAME,LAST_NAME,EMAIL,PHONE,CUSTOMER_ID) VALUES (75,'Calandra','Williamson','calandrawilliamson@omnicomgroupcom','+1 315 123 4447',75);
INSERT INTO CONTACTS (CONTACT_ID,FIRST_NAME,LAST_NAME,EMAIL,PHONE,CUSTOMER_ID) VALUES (76,'Tamatha','Delgado','tamathadelgado@dishcom','+1 716 123 4457',76);
INSERT INTO CONTACTS (CONTACT_ID,FIRST_NAME,LAST_NAME,EMAIL,PHONE,CUSTOMER_ID) VALUES (77,'Felix','Ferguson','felixferguson@firstenergycorpcom','+1 518 123 4459',77);
INSERT INTO CONTACTS (CONTACT_ID,FIRST_NAME,LAST_NAME,EMAIL,PHONE,CUSTOMER_ID) VALUES (78,'Elwood','Hampton','elwoodhampton@precastcom','+1 518 123 4464',78);
INSERT INTO CONTACTS (CONTACT_ID,FIRST_NAME,LAST_NAME,EMAIL,PHONE,CUSTOMER_ID) VALUES (79,'Josh','Roach','joshroach@monsantocom','+1 518 123 4474',79);
INSERT INTO CONTACTS (CONTACT_ID,FIRST_NAME,LAST_NAME,EMAIL,PHONE,CUSTOMER_ID) VALUES (80,'Luanna','Sct','luannasct@aescom','+1 914 123 4494',80);
INSERT INTO CONTACTS (CONTACT_ID,FIRST_NAME,LAST_NAME,EMAIL,PHONE,CUSTOMER_ID) VALUES (81,'Meryl','Cole','merylcole@carmaxcom','+1 518 123 4496',81);
INSERT INTO CONTACTS (CONTACT_ID,FIRST_NAME,LAST_NAME,EMAIL,PHONE,CUSTOMER_ID) VALUES (82,'Jannet','Ellit','jannetellit@discoverfinancialcom','+1 716 123 4575',82);
INSERT INTO CONTACTS (CONTACT_ID,FIRST_NAME,LAST_NAME,EMAIL,PHONE,CUSTOMER_ID) VALUES (83,'Fae','Glenn','faeglenn@novcom','+1 914 123 4578',83);
INSERT INTO CONTACTS (CONTACT_ID,FIRST_NAME,LAST_NAME,EMAIL,PHONE,CUSTOMER_ID) VALUES (84,'Francisco','Cummings','franciscocummings@nrgenergycom','+1 315 123 4597',84);
INSERT INTO CONTACTS (CONTACT_ID,FIRST_NAME,LAST_NAME,EMAIL,PHONE,CUSTOMER_ID) VALUES (85,'Ermelinda','Benton','ermelindabenton@westerndigitalcom','+1 716 123 4599',85);
INSERT INTO CONTACTS (CONTACT_ID,FIRST_NAME,LAST_NAME,EMAIL,PHONE,CUSTOMER_ID) VALUES (86,'Lasonya','Beard','lasonyabeard@marritcom','+1 716 123 4605',86);
INSERT INTO CONTACTS (CONTACT_ID,FIRST_NAME,LAST_NAME,EMAIL,PHONE,CUSTOMER_ID) VALUES (87,'Rayna','Tran','raynatran@libertyinteractivecom','+1 518 123 4617',87);
INSERT INTO CONTACTS (CONTACT_ID,FIRST_NAME,LAST_NAME,EMAIL,PHONE,CUSTOMER_ID) VALUES (88,'Annice','Boyer','anniceboyer@walmartcom','+1 518 123 4618',88);
INSERT INTO CONTACTS (CONTACT_ID,FIRST_NAME,LAST_NAME,EMAIL,PHONE,CUSTOMER_ID) VALUES (89,'Ja','Whitfield','jawhitfield@exxonmobilcom','+1 914 123 4619',89);
INSERT INTO CONTACTS (CONTACT_ID,FIRST_NAME,LAST_NAME,EMAIL,PHONE,CUSTOMER_ID) VALUES (90,'Jaime','Lester','jaimelester@applecom','+1 518 123 4624',90);
INSERT INTO CONTACTS (CONTACT_ID,FIRST_NAME,LAST_NAME,EMAIL,PHONE,CUSTOMER_ID) VALUES (91,'Charlsie','Lindsey','charlsielindsey@berkshirehathawaycom','+1 215 123 4644',91);
INSERT INTO CONTACTS (CONTACT_ID,FIRST_NAME,LAST_NAME,EMAIL,PHONE,CUSTOMER_ID) VALUES (92,'Jannette','Henry','jannettehenry@mckessoncom','+1 610 123 4657',92);
INSERT INTO CONTACTS (CONTACT_ID,FIRST_NAME,LAST_NAME,EMAIL,PHONE,CUSTOMER_ID) VALUES (93,'Margart','Mccall','margartmccall@unitedhealthgroupcom','+1 412 123 4662',93);
INSERT INTO CONTACTS (CONTACT_ID,FIRST_NAME,LAST_NAME,EMAIL,PHONE,CUSTOMER_ID) VALUES (94,'Twanna','Cleveland','twannacleveland@cvshealthcom','+1 814 123 4663',94);
INSERT INTO CONTACTS (CONTACT_ID,FIRST_NAME,LAST_NAME,EMAIL,PHONE,CUSTOMER_ID) VALUES (95,'Bronwyn','Horn','bronwynhorn@gmcom','+1 610 123 4664',95);
INSERT INTO CONTACTS (CONTACT_ID,FIRST_NAME,LAST_NAME,EMAIL,PHONE,CUSTOMER_ID) VALUES (96,'Jon','Petersen','jonpetersen@fordcom','+1 610 123 4667',96);
INSERT INTO CONTACTS (CONTACT_ID,FIRST_NAME,LAST_NAME,EMAIL,PHONE,CUSTOMER_ID) VALUES (97,'Denny','Daniel','dennydaniel@attcom','+1 610 123 4669',97);
INSERT INTO CONTACTS (CONTACT_ID,FIRST_NAME,LAST_NAME,EMAIL,PHONE,CUSTOMER_ID) VALUES (98,'Avis','Moore','avismoore@gecom','+1 717 123 4674',98);
INSERT INTO CONTACTS (CONTACT_ID,FIRST_NAME,LAST_NAME,EMAIL,PHONE,CUSTOMER_ID) VALUES (99,'Eden','Burke','edenburke@amerisourcebergencom','+1 215 123 4676',99);
INSERT INTO CONTACTS (CONTACT_ID,FIRST_NAME,LAST_NAME,EMAIL,PHONE,CUSTOMER_ID) VALUES (100,'Elisha','Lloyd','elishalloyd@verizoncom','+1 412 123 4681',100);
INSERT INTO CONTACTS (CONTACT_ID,FIRST_NAME,LAST_NAME,EMAIL,PHONE,CUSTOMER_ID) VALUES (101,'Samara','Barnett','samarabarnett@chevroncom','+1 412 123 4684',101);
INSERT INTO CONTACTS (CONTACT_ID,FIRST_NAME,LAST_NAME,EMAIL,PHONE,CUSTOMER_ID) VALUES (102,'Nadia','Sawyer','nadiasawyer@costcocom','+1 412 123 4688',102);
INSERT INTO CONTACTS (CONTACT_ID,FIRST_NAME,LAST_NAME,EMAIL,PHONE,CUSTOMER_ID) VALUES (103,'Melita','Holcomb','melitaholcomb@fanniemaecom','+1 412 123 4691',103);
INSERT INTO CONTACTS (CONTACT_ID,FIRST_NAME,LAST_NAME,EMAIL,PHONE,CUSTOMER_ID) VALUES (104,'Evita','Dickerson','evitadickerson@thekrogercocom','+1 717 123 4692',104);
INSERT INTO CONTACTS (CONTACT_ID,FIRST_NAME,LAST_NAME,EMAIL,PHONE,CUSTOMER_ID) VALUES (105,'Aundrea','Barry','aundreabarry@amazoncom','+1 814 123 4696',105);
INSERT INTO CONTACTS (CONTACT_ID,FIRST_NAME,LAST_NAME,EMAIL,PHONE,CUSTOMER_ID) VALUES (106,'Irvin','Leach','irvinleach@walgreensbosalliancecom','+1 814 123 4697',106);
INSERT INTO CONTACTS (CONTACT_ID,FIRST_NAME,LAST_NAME,EMAIL,PHONE,CUSTOMER_ID) VALUES (107,'Kellee','Molina','kelleemolina@hpcom','+1 412 123 4700',107);
INSERT INTO CONTACTS (CONTACT_ID,FIRST_NAME,LAST_NAME,EMAIL,PHONE,CUSTOMER_ID) VALUES (108,'Ronny','Sykes','ronnysykes@cardinalcom','+1 814 123 4706',108);
INSERT INTO CONTACTS (CONTACT_ID,FIRST_NAME,LAST_NAME,EMAIL,PHONE,CUSTOMER_ID) VALUES (109,'Ocie','Walton','ociewalton@express-scriptscom','+1 215 123 4708',109);
INSERT INTO CONTACTS (CONTACT_ID,FIRST_NAME,LAST_NAME,EMAIL,PHONE,CUSTOMER_ID) VALUES (110,'Reva','Fuller','revafuller@jpmorganchasecom','+1 610 123 4714',110);
INSERT INTO CONTACTS (CONTACT_ID,FIRST_NAME,LAST_NAME,EMAIL,PHONE,CUSTOMER_ID) VALUES (111,'Marica','Henderson','maricahenderson@graingercom','+1 412 123 4718',111);
INSERT INTO CONTACTS (CONTACT_ID,FIRST_NAME,LAST_NAME,EMAIL,PHONE,CUSTOMER_ID) VALUES (112,'Vanetta','Gross','vanettagross@boeingcom','+1 215 123 4721',112);
INSERT INTO CONTACTS (CONTACT_ID,FIRST_NAME,LAST_NAME,EMAIL,PHONE,CUSTOMER_ID) VALUES (113,'Audrea','Hayden','audreahayden@microsoftcom','+1 814 123 4722',113);
INSERT INTO CONTACTS (CONTACT_ID,FIRST_NAME,LAST_NAME,EMAIL,PHONE,CUSTOMER_ID) VALUES (114,'Neda','Mcfadden','nedamcfadden@bankofamericacom','+1 412 123 4724',114);
INSERT INTO CONTACTS (CONTACT_ID,FIRST_NAME,LAST_NAME,EMAIL,PHONE,CUSTOMER_ID) VALUES (115,'Dell','Wilkinson','dellwilkinson@wellsfargocom','+1 717 123 4730',115);
INSERT INTO CONTACTS (CONTACT_ID,FIRST_NAME,LAST_NAME,EMAIL,PHONE,CUSTOMER_ID) VALUES (116,'Sharee','Carver','shareecarver@baxtercom','+1 215 123 4738',116);
INSERT INTO CONTACTS (CONTACT_ID,FIRST_NAME,LAST_NAME,EMAIL,PHONE,CUSTOMER_ID) VALUES (117,'Joaquina','Mcconnell','joaquinamcconnell@homedepcom','+1 717 123 4739',117);
INSERT INTO CONTACTS (CONTACT_ID,FIRST_NAME,LAST_NAME,EMAIL,PHONE,CUSTOMER_ID) VALUES (118,'Carlyn','Calderon','carlyncalderon@citigroupcom','+1 412 123 4740',118);
INSERT INTO CONTACTS (CONTACT_ID,FIRST_NAME,LAST_NAME,EMAIL,PHONE,CUSTOMER_ID) VALUES (119,'Olga','Wilkins','olgawilkins@phillips66com','+1 717 123 4741',119);
INSERT INTO CONTACTS (CONTACT_ID,FIRST_NAME,LAST_NAME,EMAIL,PHONE,CUSTOMER_ID) VALUES (120,'Delpha','Golden','delphagolden@strykercom','+1 215 123 4743',120);
INSERT INTO CONTACTS (CONTACT_ID,FIRST_NAME,LAST_NAME,EMAIL,PHONE,CUSTOMER_ID) VALUES (121,'Sharell','Branch','sharellbranch@ibmcom','+1 610 123 4744',121);
INSERT INTO CONTACTS (CONTACT_ID,FIRST_NAME,LAST_NAME,EMAIL,PHONE,CUSTOMER_ID) VALUES (122,'Eleanor','Farley','eleanorfarley@valerocom','+1 215 123 4745',122);
INSERT INTO CONTACTS (CONTACT_ID,FIRST_NAME,LAST_NAME,EMAIL,PHONE,CUSTOMER_ID) VALUES (123,'Justina','Hayes','justinahayes@antheminccom','+1 717 123 4746',123);
INSERT INTO CONTACTS (CONTACT_ID,FIRST_NAME,LAST_NAME,EMAIL,PHONE,CUSTOMER_ID) VALUES (124,'Omer','Macdonald','omermacdonald@pgcom','+1 215 123 4748',124);
INSERT INTO CONTACTS (CONTACT_ID,FIRST_NAME,LAST_NAME,EMAIL,PHONE,CUSTOMER_ID) VALUES (125,'Roseline','Hill','roselinehill@airproductscom','+1 717 123 4752',125);
INSERT INTO CONTACTS (CONTACT_ID,FIRST_NAME,LAST_NAME,EMAIL,PHONE,CUSTOMER_ID) VALUES (126,'Janeen','Holt','janeenholt@statefarmcom','+1 412 123 4763',126);
INSERT INTO CONTACTS (CONTACT_ID,FIRST_NAME,LAST_NAME,EMAIL,PHONE,CUSTOMER_ID) VALUES (127,'Tory','Avila','toryavila@googlecom','+1 814 123 4766',127);
INSERT INTO CONTACTS (CONTACT_ID,FIRST_NAME,LAST_NAME,EMAIL,PHONE,CUSTOMER_ID) VALUES (128,'Keila','Slater','keilaslater@comcastcorporationcom','+1 412 123 4767',128);
INSERT INTO CONTACTS (CONTACT_ID,FIRST_NAME,LAST_NAME,EMAIL,PHONE,CUSTOMER_ID) VALUES (129,'Jazmin','Burch','jazminburch@targetcom','+1 215 123 4768',129);
INSERT INTO CONTACTS (CONTACT_ID,FIRST_NAME,LAST_NAME,EMAIL,PHONE,CUSTOMER_ID) VALUES (130,'Tandy','Ramsey','tandyramsey@wnrcom','+1 215 123 4771',130);
INSERT INTO CONTACTS (CONTACT_ID,FIRST_NAME,LAST_NAME,EMAIL,PHONE,CUSTOMER_ID) VALUES (131,'Debra','Herring','debraherring@jnjcom','+1 301 123 4794',131);
INSERT INTO CONTACTS (CONTACT_ID,FIRST_NAME,LAST_NAME,EMAIL,PHONE,CUSTOMER_ID) VALUES (132,'Monnie','Walker','monniewalker@metlifecom','+1 410 123 4795',132);
INSERT INTO CONTACTS (CONTACT_ID,FIRST_NAME,LAST_NAME,EMAIL,PHONE,CUSTOMER_ID) VALUES (133,'Alvaro','Hooper','alvarohooper@admcom','+1 410 123 4800',133);
INSERT INTO CONTACTS (CONTACT_ID,FIRST_NAME,LAST_NAME,EMAIL,PHONE,CUSTOMER_ID) VALUES (134,'Leandro','West','leandrowest@marathonpetroleumcom','+1 410 123 4805',134);
INSERT INTO CONTACTS (CONTACT_ID,FIRST_NAME,LAST_NAME,EMAIL,PHONE,CUSTOMER_ID) VALUES (135,'Lurline','Dennis','lurlinedennis@freddiemaccom','+1 410 012 4715',135);
INSERT INTO CONTACTS (CONTACT_ID,FIRST_NAME,LAST_NAME,EMAIL,PHONE,CUSTOMER_ID) VALUES (136,'Aurea','Sanders','aureasanders@pepsicocom','+1 301 123 4809',136);
INSERT INTO CONTACTS (CONTACT_ID,FIRST_NAME,LAST_NAME,EMAIL,PHONE,CUSTOMER_ID) VALUES (137,'Stacia','Rutledge','staciarutledge@utccom','+1 410 123 4812',137);
INSERT INTO CONTACTS (CONTACT_ID,FIRST_NAME,LAST_NAME,EMAIL,PHONE,CUSTOMER_ID) VALUES (138,'Philomena','Ellit','philomenaellit@aetnacom','+1 410 123 4813',138);
INSERT INTO CONTACTS (CONTACT_ID,FIRST_NAME,LAST_NAME,EMAIL,PHONE,CUSTOMER_ID) VALUES (139,'Gonzalo','Stone','gonzalostone@lowescom','+1 301 123 4814',139);
INSERT INTO CONTACTS (CONTACT_ID,FIRST_NAME,LAST_NAME,EMAIL,PHONE,CUSTOMER_ID) VALUES (140,'So','Hardin','sohardin@upscom','+1 410 123 4816',140);
INSERT INTO CONTACTS (CONTACT_ID,FIRST_NAME,LAST_NAME,EMAIL,PHONE,CUSTOMER_ID) VALUES (141,'Lauren','Rodriquez','laurenrodriquez@aigcom','+1 410 123 4817',141);
INSERT INTO CONTACTS (CONTACT_ID,FIRST_NAME,LAST_NAME,EMAIL,PHONE,CUSTOMER_ID) VALUES (142,'Loan','Patton','loanpatton@prudentialcom','+1 301 123 4818',142);
INSERT INTO CONTACTS (CONTACT_ID,FIRST_NAME,LAST_NAME,EMAIL,PHONE,CUSTOMER_ID) VALUES (143,'Ha','Lowe','halowe@intelcom','+1 301 123 4819',143);
INSERT INTO CONTACTS (CONTACT_ID,FIRST_NAME,LAST_NAME,EMAIL,PHONE,CUSTOMER_ID) VALUES (144,'Alexandra','Mcgowan','alexandramcgowan@humanacom','+1 410 123 4822',144);
INSERT INTO CONTACTS (CONTACT_ID,FIRST_NAME,LAST_NAME,EMAIL,PHONE,CUSTOMER_ID) VALUES (145,'Melissa','Nichols','melissanichols@disneycom','+1 410 123 4840',145);
INSERT INTO CONTACTS (CONTACT_ID,FIRST_NAME,LAST_NAME,EMAIL,PHONE,CUSTOMER_ID) VALUES (146,'Keesha','Cohen','keeshacohen@ciscocom','+1 414 123 4363',146);
INSERT INTO CONTACTS (CONTACT_ID,FIRST_NAME,LAST_NAME,EMAIL,PHONE,CUSTOMER_ID) VALUES (147,'Elvera','Benson','elverabenson@pfizercom','+1 507 123 4387',147);
INSERT INTO CONTACTS (CONTACT_ID,FIRST_NAME,LAST_NAME,EMAIL,PHONE,CUSTOMER_ID) VALUES (148,'Lanora','Ray','lanoraray@dowcom','+1 612 123 4436',148);
INSERT INTO CONTACTS (CONTACT_ID,FIRST_NAME,LAST_NAME,EMAIL,PHONE,CUSTOMER_ID) VALUES (149,'Jimmy','Weber','jimmyweber@syscocom','+1 219 123 4145',149);
INSERT INTO CONTACTS (CONTACT_ID,FIRST_NAME,LAST_NAME,EMAIL,PHONE,CUSTOMER_ID) VALUES (150,'Mae','Wilkinson','maewilkinson@fedexcom','+1 616 123 4190',150);
INSERT INTO CONTACTS (CONTACT_ID,FIRST_NAME,LAST_NAME,EMAIL,PHONE,CUSTOMER_ID) VALUES (151,'Lino','Noble','linonoble@caterpillarcom','+1 313 123 4241',151);
INSERT INTO CONTACTS (CONTACT_ID,FIRST_NAME,LAST_NAME,EMAIL,PHONE,CUSTOMER_ID) VALUES (152,'Kathie','Jordan','kathiejordan@lockheedmartincom','+1 616 123 4259',152);
INSERT INTO CONTACTS (CONTACT_ID,FIRST_NAME,LAST_NAME,EMAIL,PHONE,CUSTOMER_ID) VALUES (153,'Heike','Emerson','heikeemerson@newyorklifecom','+1 319 123 4269',153);
INSERT INTO CONTACTS (CONTACT_ID,FIRST_NAME,LAST_NAME,EMAIL,PHONE,CUSTOMER_ID) VALUES (154,'Princess','Jones','princessjones@uhsinccom','+1 712 123 4284',154);
INSERT INTO CONTACTS (CONTACT_ID,FIRST_NAME,LAST_NAME,EMAIL,PHONE,CUSTOMER_ID) VALUES (155,'Doretha','Tyler','dorethatyler@coca-colacompanycom','+1 712 123 4289',155);
INSERT INTO CONTACTS (CONTACT_ID,FIRST_NAME,LAST_NAME,EMAIL,PHONE,CUSTOMER_ID) VALUES (156,'Emilio','Duncan','emilioduncan@hcahealthcarecom','+1 414 123 4312',156);
INSERT INTO CONTACTS (CONTACT_ID,FIRST_NAME,LAST_NAME,EMAIL,PHONE,CUSTOMER_ID) VALUES (157,'Glinda','Lambert','glindalambert@ingrammicrocom','+1 414 123 4364',157);
INSERT INTO CONTACTS (CONTACT_ID,FIRST_NAME,LAST_NAME,EMAIL,PHONE,CUSTOMER_ID) VALUES (158,'Emery','Schneider','emeryschneider@owens-minorcom','+1 320 123 4385',158);
INSERT INTO CONTACTS (CONTACT_ID,FIRST_NAME,LAST_NAME,EMAIL,PHONE,CUSTOMER_ID) VALUES (159,'Amado','Jefferson','amadojefferson@energytransfercom','+1 612 123 4407',159);
INSERT INTO CONTACTS (CONTACT_ID,FIRST_NAME,LAST_NAME,EMAIL,PHONE,CUSTOMER_ID) VALUES (160,'Hisako','Herrera','hisakoherrera@tysonfoodscom','+1 716 123 4456',160);
INSERT INTO CONTACTS (CONTACT_ID,FIRST_NAME,LAST_NAME,EMAIL,PHONE,CUSTOMER_ID) VALUES (161,'Jamee','Mclaughlin','jameemclaughlin@aacom','+1 716 123 4582',161);
INSERT INTO CONTACTS (CONTACT_ID,FIRST_NAME,LAST_NAME,EMAIL,PHONE,CUSTOMER_ID) VALUES (162,'Audrie','Cannon','audriecannon@deltacom','+1 716 123 4627',162);
INSERT INTO CONTACTS (CONTACT_ID,FIRST_NAME,LAST_NAME,EMAIL,PHONE,CUSTOMER_ID) VALUES (163,'Lacey','Walters','laceywalters@chartercom','+1 412 123 4677',163);
INSERT INTO CONTACTS (CONTACT_ID,FIRST_NAME,LAST_NAME,EMAIL,PHONE,CUSTOMER_ID) VALUES (164,'Weldon','Robinson','weldonrobinson@nationwidecom','+1 215 123 4702',164);
INSERT INTO CONTACTS (CONTACT_ID,FIRST_NAME,LAST_NAME,EMAIL,PHONE,CUSTOMER_ID) VALUES (165,'Solange','Gates','solangegates@johnsoncontrolscom','+1 215 123 4749',165);
INSERT INTO CONTACTS (CONTACT_ID,FIRST_NAME,LAST_NAME,EMAIL,PHONE,CUSTOMER_ID) VALUES (166,'Jame','Calhoun','jamecalhoun@bestbuycom','+1 814 123 4755',166);
INSERT INTO CONTACTS (CONTACT_ID,FIRST_NAME,LAST_NAME,EMAIL,PHONE,CUSTOMER_ID) VALUES (167,'Stefan','Walters','stefanwalters@merckcom','+1 301 123 4831',167);
INSERT INTO CONTACTS (CONTACT_ID,FIRST_NAME,LAST_NAME,EMAIL,PHONE,CUSTOMER_ID) VALUES (168,'Arlene','Ellit','arleneellit@advanceautopartscom','+1 313 123 4167',168);
INSERT INTO CONTACTS (CONTACT_ID,FIRST_NAME,LAST_NAME,EMAIL,PHONE,CUSTOMER_ID) VALUES (169,'Sofia','Burnett','sofiaburnett@libertymutualcom','+1 219 123 4116',169);
INSERT INTO CONTACTS (CONTACT_ID,FIRST_NAME,LAST_NAME,EMAIL,PHONE,CUSTOMER_ID) VALUES (170,'Christal','Grant','christalgrant@gscom','+1 616 123 4166',170);
INSERT INTO CONTACTS (CONTACT_ID,FIRST_NAME,LAST_NAME,EMAIL,PHONE,CUSTOMER_ID) VALUES (171,'Violeta','Stokes','violetastokes@honeywellcom','+1 810 123 4212',171);
INSERT INTO CONTACTS (CONTACT_ID,FIRST_NAME,LAST_NAME,EMAIL,PHONE,CUSTOMER_ID) VALUES (172,'Jackeline','Finley','jackelinefinley@mastercardcom','+1 313 123 4240',172);
INSERT INTO CONTACTS (CONTACT_ID,FIRST_NAME,LAST_NAME,EMAIL,PHONE,CUSTOMER_ID) VALUES (173,'Heidy','Massey','heidymassey@massmutualcom','+1 414 123 4340',173);
INSERT INTO CONTACTS (CONTACT_ID,FIRST_NAME,LAST_NAME,EMAIL,PHONE,CUSTOMER_ID) VALUES (174,'Yolando','Wilkerson','yolandowilkerson@oraclecom','+1 716 123 4485',174);
INSERT INTO CONTACTS (CONTACT_ID,FIRST_NAME,LAST_NAME,EMAIL,PHONE,CUSTOMER_ID) VALUES (175,'Lucinda','Hurley','lucindahurley@morganstanleycom','+1 518 123 4532',175);
INSERT INTO CONTACTS (CONTACT_ID,FIRST_NAME,LAST_NAME,EMAIL,PHONE,CUSTOMER_ID) VALUES (176,'Gita','Logan','gitalogan@cignacom','+1 518 123 4562',176);
INSERT INTO CONTACTS (CONTACT_ID,FIRST_NAME,LAST_NAME,EMAIL,PHONE,CUSTOMER_ID) VALUES (177,'Felicita','Alston','felicitaalston@unitedcontinentalholdingscom','+1 315 123 4585',177);
INSERT INTO CONTACTS (CONTACT_ID,FIRST_NAME,LAST_NAME,EMAIL,PHONE,CUSTOMER_ID) VALUES (178,'Lela','Ewing','lelaewing@allstatecom','+1 412 123 4659',178);
INSERT INTO CONTACTS (CONTACT_ID,FIRST_NAME,LAST_NAME,EMAIL,PHONE,CUSTOMER_ID) VALUES (179,'Gabriel','Pollard','gabrielpollard@tiaaorg','+1 717 123 4679',179);
INSERT INTO CONTACTS (CONTACT_ID,FIRST_NAME,LAST_NAME,EMAIL,PHONE,CUSTOMER_ID) VALUES (180,'Vincenza','Walton','vincenzawalton@intlfcstonecom','+1 215 123 4709',180);
INSERT INTO CONTACTS (CONTACT_ID,FIRST_NAME,LAST_NAME,EMAIL,PHONE,CUSTOMER_ID) VALUES (181,'Shandra','Higgins','shandrahiggins@chsinccom','+1 215 123 4751',181);
INSERT INTO CONTACTS (CONTACT_ID,FIRST_NAME,LAST_NAME,EMAIL,PHONE,CUSTOMER_ID) VALUES (182,'Thomasena','Pickett','thomasenapickett@americanexpresscom','+1 410 123 4807',182);
INSERT INTO CONTACTS (CONTACT_ID,FIRST_NAME,LAST_NAME,EMAIL,PHONE,CUSTOMER_ID) VALUES (183,'Aaron','Holder','aaronholder@gileadcom','+1 410 123 4829',183);
INSERT INTO CONTACTS (CONTACT_ID,FIRST_NAME,LAST_NAME,EMAIL,PHONE,CUSTOMER_ID) VALUES (184,'Carlos','Moody','carlosmoody@publixcom','+86 811 012 4093',184);
INSERT INTO CONTACTS (CONTACT_ID,FIRST_NAME,LAST_NAME,EMAIL,PHONE,CUSTOMER_ID) VALUES (185,'Javier','Kim','javierkim@generaldynamicscom','+86 123 012 4095',185);
INSERT INTO CONTACTS (CONTACT_ID,FIRST_NAME,LAST_NAME,EMAIL,PHONE,CUSTOMER_ID) VALUES (186,'Fran','Battle','franbattle@tjxcom','+91 80 012 4123',186);
INSERT INTO CONTACTS (CONTACT_ID,FIRST_NAME,LAST_NAME,EMAIL,PHONE,CUSTOMER_ID) VALUES (187,'Shelia','Brewer','sheliabrewer@conocophillipscom','+49 89 012 4129',187);
INSERT INTO CONTACTS (CONTACT_ID,FIRST_NAME,LAST_NAME,EMAIL,PHONE,CUSTOMER_ID) VALUES (188,'Jeri','Randall','jerirandall@nikecom','+49 90 012 4131',188);
INSERT INTO CONTACTS (CONTACT_ID,FIRST_NAME,LAST_NAME,EMAIL,PHONE,CUSTOMER_ID) VALUES (189,'Jermaine','Ce','jermainece@wfscorpcom','+49 91 012 4133',189);
INSERT INTO CONTACTS (CONTACT_ID,FIRST_NAME,LAST_NAME,EMAIL,PHONE,CUSTOMER_ID) VALUES (190,'Kenneth','Simmons','kennethsimmons@3mcom','+39 6 012 4543',190);
INSERT INTO CONTACTS (CONTACT_ID,FIRST_NAME,LAST_NAME,EMAIL,PHONE,CUSTOMER_ID) VALUES (191,'Dulce','Matthews','dulcematthews@mondelezinternationalcom','+1 416 012 4147',191);
INSERT INTO CONTACTS (CONTACT_ID,FIRST_NAME,LAST_NAME,EMAIL,PHONE,CUSTOMER_ID) VALUES (192,'Kristle','Cain','kristlecain@exeloncorpcom','+39 55 012 4547',192);
INSERT INTO CONTACTS (CONTACT_ID,FIRST_NAME,LAST_NAME,EMAIL,PHONE,CUSTOMER_ID) VALUES (193,'Erika','Murray','erikamurray@21cfcom','+39 55 012 4551',193);
INSERT INTO CONTACTS (CONTACT_ID,FIRST_NAME,LAST_NAME,EMAIL,PHONE,CUSTOMER_ID) VALUES (194,'Maud','Cohen','maudcohen@johndeerecom','+39 55 012 4555',194);
INSERT INTO CONTACTS (CONTACT_ID,FIRST_NAME,LAST_NAME,EMAIL,PHONE,CUSTOMER_ID) VALUES (195,'Rolanda','Vang','rolandavang@appliedmaterialscom','+39 10 012 4365',195);
INSERT INTO CONTACTS (CONTACT_ID,FIRST_NAME,LAST_NAME,EMAIL,PHONE,CUSTOMER_ID) VALUES (196,'Renea','Carney','reneacarney@dupontcom','+39 55 012 4565',196);
INSERT INTO CONTACTS (CONTACT_ID,FIRST_NAME,LAST_NAME,EMAIL,PHONE,CUSTOMER_ID) VALUES (197,'Sybil','Harding','sybilharding@avnetcom','+39 10 012 4367',197);
INSERT INTO CONTACTS (CONTACT_ID,FIRST_NAME,LAST_NAME,EMAIL,PHONE,CUSTOMER_ID) VALUES (198,'Colette','Estrada','coletteestrada@eastmancom','+81 565 012 4567',198);
INSERT INTO CONTACTS (CONTACT_ID,FIRST_NAME,LAST_NAME,EMAIL,PHONE,CUSTOMER_ID) VALUES (199,'Maximo','Ortega','maximoortega@macysinccom','+39 10 012 4369',199);
INSERT INTO CONTACTS (CONTACT_ID,FIRST_NAME,LAST_NAME,EMAIL,PHONE,CUSTOMER_ID) VALUES (200,'Kina','Larsen','kinalarsen@enterpriseproductscom','+39 55 012 4569',200);
INSERT INTO CONTACTS (CONTACT_ID,FIRST_NAME,LAST_NAME,EMAIL,PHONE,CUSTOMER_ID) VALUES (201,'Jarvis','Allison','jarvisallison@travelerscom','+39 10 012 4371',201);
INSERT INTO CONTACTS (CONTACT_ID,FIRST_NAME,LAST_NAME,EMAIL,PHONE,CUSTOMER_ID) VALUES (202,'Collene','Newton','collenenewton@sonicautomivecom','+39 49 012 4373',202);
INSERT INTO CONTACTS (CONTACT_ID,FIRST_NAME,LAST_NAME,EMAIL,PHONE,CUSTOMER_ID) VALUES (203,'Vella','Hancock','vellahancock@pmicom','+39 49 012 4375',203);
INSERT INTO CONTACTS (CONTACT_ID,FIRST_NAME,LAST_NAME,EMAIL,PHONE,CUSTOMER_ID) VALUES (204,'Retta','Martinez','rettamartinez@riteaidcom','+39 49 012 4377',204);
INSERT INTO CONTACTS (CONTACT_ID,FIRST_NAME,LAST_NAME,EMAIL,PHONE,CUSTOMER_ID) VALUES (205,'Annelle','Lawrence','annellelawrence@techdatacom','+39 10 012 4379',205);
INSERT INTO CONTACTS (CONTACT_ID,FIRST_NAME,LAST_NAME,EMAIL,PHONE,CUSTOMER_ID) VALUES (206,'Sherron','Simon','sherronsimon@allycom','+39 10 012 4381',206);
INSERT INTO CONTACTS (CONTACT_ID,FIRST_NAME,LAST_NAME,EMAIL,PHONE,CUSTOMER_ID) VALUES (207,'Carita','Mcintyre','caritamcintyre@northwesternmutualcom','+86 10 012 4165',207);
INSERT INTO CONTACTS (CONTACT_ID,FIRST_NAME,LAST_NAME,EMAIL,PHONE,CUSTOMER_ID) VALUES (208,'Stephaine','Booker','stephainebooker@tsocorpcom','+39 55 012 4559',208);
INSERT INTO CONTACTS (CONTACT_ID,FIRST_NAME,LAST_NAME,EMAIL,PHONE,CUSTOMER_ID) VALUES (209,'Emilie','Parsons','emilieparsons@timewarnercom','+39 10 012 4363',209);
INSERT INTO CONTACTS (CONTACT_ID,FIRST_NAME,LAST_NAME,EMAIL,PHONE,CUSTOMER_ID) VALUES (210,'Jaleesa','Bowen','jaleesabowen@cstbrandscom','+66 76 012 4633',210);
INSERT INTO CONTACTS (CONTACT_ID,FIRST_NAME,LAST_NAME,EMAIL,PHONE,CUSTOMER_ID) VALUES (211,'Jeannie','Poole','jeanniepoole@aboutmcdonaldscom','+91 80 012 4637',211);
INSERT INTO CONTACTS (CONTACT_ID,FIRST_NAME,LAST_NAME,EMAIL,PHONE,CUSTOMER_ID) VALUES (212,'Adrienne','Lang','adriennelang@qualcommcom','+39 2 012 4771',212);
INSERT INTO CONTACTS (CONTACT_ID,FIRST_NAME,LAST_NAME,EMAIL,PHONE,CUSTOMER_ID) VALUES (213,'Jess','Nguyen','jessnguyen@searsholdingscom','+39 2 012 4773',213);
INSERT INTO CONTACTS (CONTACT_ID,FIRST_NAME,LAST_NAME,EMAIL,PHONE,CUSTOMER_ID) VALUES (214,'Tandy','House','tandyhouse@ebaycom','+39 2 012 4775',214);
INSERT INTO CONTACTS (CONTACT_ID,FIRST_NAME,LAST_NAME,EMAIL,PHONE,CUSTOMER_ID) VALUES (215,'Herman','Stokes','hermanstokes@capitalonecom','+39 49 012 4777',215);
INSERT INTO CONTACTS (CONTACT_ID,FIRST_NAME,LAST_NAME,EMAIL,PHONE,CUSTOMER_ID) VALUES (216,'Keesha','Lambert','keeshalambert@emccom','+39 49 012 4779',216);
INSERT INTO CONTACTS (CONTACT_ID,FIRST_NAME,LAST_NAME,EMAIL,PHONE,CUSTOMER_ID) VALUES (217,'Lauren','Williamson','laurenwilliamson@usaacom','+39 49 012 4781',217);
INSERT INTO CONTACTS (CONTACT_ID,FIRST_NAME,LAST_NAME,EMAIL,PHONE,CUSTOMER_ID) VALUES (218,'Lucius','Abbt','luciusabbt@lennarcom','+91 80 012 4783',218);
INSERT INTO CONTACTS (CONTACT_ID,FIRST_NAME,LAST_NAME,EMAIL,PHONE,CUSTOMER_ID) VALUES (219,'Beatrice','Ford','beatriceford@duke-energycom','+91 80 012 4785',219);
INSERT INTO CONTACTS (CONTACT_ID,FIRST_NAME,LAST_NAME,EMAIL,PHONE,CUSTOMER_ID) VALUES (220,'Tamisha','Vargas','tamishavargas@twccom','+91 80 012 4793',220);
INSERT INTO CONTACTS (CONTACT_ID,FIRST_NAME,LAST_NAME,EMAIL,PHONE,CUSTOMER_ID) VALUES (221,'Dick','Lamb','dicklamb@halliburtoncom','+91 80 012 4803',221);
INSERT INTO CONTACTS (CONTACT_ID,FIRST_NAME,LAST_NAME,EMAIL,PHONE,CUSTOMER_ID) VALUES (222,'Yolanda','Ball','yolandaball@gamestopcorpcom','+91 80 012 4809',222);
INSERT INTO CONTACTS (CONTACT_ID,FIRST_NAME,LAST_NAME,EMAIL,PHONE,CUSTOMER_ID) VALUES (223,'Jerica','Brooks','jericabrooks@northropgrummancom','+91 11 012 4811',223);
INSERT INTO CONTACTS (CONTACT_ID,FIRST_NAME,LAST_NAME,EMAIL,PHONE,CUSTOMER_ID) VALUES (224,'Nichol','Carter','nicholcarter@arrowcom','+91 11 012 4813',224);
INSERT INTO CONTACTS (CONTACT_ID,FIRST_NAME,LAST_NAME,EMAIL,PHONE,CUSTOMER_ID) VALUES (225,'Bobby','Wilson','bobbywilson@rsaccom','+91 11 012 4817',225);
INSERT INTO CONTACTS (CONTACT_ID,FIRST_NAME,LAST_NAME,EMAIL,PHONE,CUSTOMER_ID) VALUES (226,'Eve','Saunders','evesaunders@officedepcom','+91 80 012 4823',226);
INSERT INTO CONTACTS (CONTACT_ID,FIRST_NAME,LAST_NAME,EMAIL,PHONE,CUSTOMER_ID) VALUES (227,'Ginger','Atkinson','gingeratkinson@nordstromcom','+91 33 012 4825',227);
INSERT INTO CONTACTS (CONTACT_ID,FIRST_NAME,LAST_NAME,EMAIL,PHONE,CUSTOMER_ID) VALUES (228,'Kenton','Harrell','kentonharrell@kindermorgancom','+91 33 012 4827',228);
INSERT INTO CONTACTS (CONTACT_ID,FIRST_NAME,LAST_NAME,EMAIL,PHONE,CUSTOMER_ID) VALUES (229,'Misti','Velazquez','mistivelazquez@aramarkcom','+91 80 012 4829',229);
INSERT INTO CONTACTS (CONTACT_ID,FIRST_NAME,LAST_NAME,EMAIL,PHONE,CUSTOMER_ID) VALUES (230,'Brandie','Buchanan','brandiebuchanan@davitacom','+91 22 012 4831',230);
INSERT INTO CONTACTS (CONTACT_ID,FIRST_NAME,LAST_NAME,EMAIL,PHONE,CUSTOMER_ID) VALUES (231,'Kandi','Holden','kandiholden@molinahealthcarecom','+91 80 012 4833',231);
INSERT INTO CONTACTS (CONTACT_ID,FIRST_NAME,LAST_NAME,EMAIL,PHONE,CUSTOMER_ID) VALUES (232,'Lashonda','Cunningham','lashondacunningham@wellcarecom','+91 11 012 4835',232);
INSERT INTO CONTACTS (CONTACT_ID,FIRST_NAME,LAST_NAME,EMAIL,PHONE,CUSTOMER_ID) VALUES (233,'Roxanne','Michalkow','roxannemichalkow@cbscorporationcom','+91 172 012 4837',233);
INSERT INTO CONTACTS (CONTACT_ID,FIRST_NAME,LAST_NAME,EMAIL,PHONE,CUSTOMER_ID) VALUES (234,'Phuong','Sanders','phuongsanders@visacom','+91 22 012 4839',234);
INSERT INTO CONTACTS (CONTACT_ID,FIRST_NAME,LAST_NAME,EMAIL,PHONE,CUSTOMER_ID) VALUES (235,'Vida','Kline','vidakline@lfgcom','+91 80 012 4841',235);
INSERT INTO CONTACTS (CONTACT_ID,FIRST_NAME,LAST_NAME,EMAIL,PHONE,CUSTOMER_ID) VALUES (236,'Mayola','Houston','mayolahouston@ecolabcom','+91 80 012 4843',236);
INSERT INTO CONTACTS (CONTACT_ID,FIRST_NAME,LAST_NAME,EMAIL,PHONE,CUSTOMER_ID) VALUES (237,'Cristine','Bell','cristinebell@kelloggcompanycom','+91 11 012 4851',237);
INSERT INTO CONTACTS (CONTACT_ID,FIRST_NAME,LAST_NAME,EMAIL,PHONE,CUSTOMER_ID) VALUES (238,'Shamika','Bauer','shamikabauer@chrobinsoncom','+91 11 012 4853',238);
INSERT INTO CONTACTS (CONTACT_ID,FIRST_NAME,LAST_NAME,EMAIL,PHONE,CUSTOMER_ID) VALUES (239,'Rebbeca','Day','rebbecaday@textroncom','+91 172 012 4861',239);
INSERT INTO CONTACTS (CONTACT_ID,FIRST_NAME,LAST_NAME,EMAIL,PHONE,CUSTOMER_ID) VALUES (240,'Maryrose','Cain','maryrosecain@loewscom','+91 80 012 4869',240);
INSERT INTO CONTACTS (CONTACT_ID,FIRST_NAME,LAST_NAME,EMAIL,PHONE,CUSTOMER_ID) VALUES (241,'Johnie','Rojas','johnierojas@itwcom','+91 80 012 4887',241);
INSERT INTO CONTACTS (CONTACT_ID,FIRST_NAME,LAST_NAME,EMAIL,PHONE,CUSTOMER_ID) VALUES (242,'Verla','Christian','verlachristian@synnexcom','+91 80 012 4889',242);
INSERT INTO CONTACTS (CONTACT_ID,FIRST_NAME,LAST_NAME,EMAIL,PHONE,CUSTOMER_ID) VALUES (243,'Teressa','Hewitt','teressahewitt@hormelfoodscom','+91 80 012 4891',243);
INSERT INTO CONTACTS (CONTACT_ID,FIRST_NAME,LAST_NAME,EMAIL,PHONE,CUSTOMER_ID) VALUES (244,'Shenna','Blair','shennablair@viacomcom','+91 141 012 4895',244);
INSERT INTO CONTACTS (CONTACT_ID,FIRST_NAME,LAST_NAME,EMAIL,PHONE,CUSTOMER_ID) VALUES (245,'Latoyia','Burt','latoyiaburt@hollyfrontiercom','+91 80 012 4907',245);
INSERT INTO CONTACTS (CONTACT_ID,FIRST_NAME,LAST_NAME,EMAIL,PHONE,CUSTOMER_ID) VALUES (246,'Shaquita','Norman','shaquitanorman@landolakesinccom','+91 80 012 4919',246);
INSERT INTO CONTACTS (CONTACT_ID,FIRST_NAME,LAST_NAME,EMAIL,PHONE,CUSTOMER_ID) VALUES (247,'Myrna','Romero','myrnaromero@celgenecom','+91 80 012 4931',247);
INSERT INTO CONTACTS (CONTACT_ID,FIRST_NAME,LAST_NAME,EMAIL,PHONE,CUSTOMER_ID) VALUES (248,'Bill','Stein','billstein@devonenergycom','+39 6 012 4501',248);
INSERT INTO CONTACTS (CONTACT_ID,FIRST_NAME,LAST_NAME,EMAIL,PHONE,CUSTOMER_ID) VALUES (249,'Olivia','Conrad','oliviaconrad@pbfenergycom','+39 6 012 4503',249);
INSERT INTO CONTACTS (CONTACT_ID,FIRST_NAME,LAST_NAME,EMAIL,PHONE,CUSTOMER_ID) VALUES (250,'Marianne','Bryant','mariannebryant@genworthcom','+39 6 012 4507',250);
INSERT INTO CONTACTS (CONTACT_ID,FIRST_NAME,LAST_NAME,EMAIL,PHONE,CUSTOMER_ID) VALUES (251,'Dustin','Paul','dustinpaul@yumcom','+39 6 012 4511',251);
INSERT INTO CONTACTS (CONTACT_ID,FIRST_NAME,LAST_NAME,EMAIL,PHONE,CUSTOMER_ID) VALUES (252,'Elroy','Wolf','elroywolf@ticom','+39 6 012 4515',252);
INSERT INTO CONTACTS (CONTACT_ID,FIRST_NAME,LAST_NAME,EMAIL,PHONE,CUSTOMER_ID) VALUES (253,'Jadwiga','Morrison','jadwigamorrison@cdwcom','+39 6 012 4519',253);
INSERT INTO CONTACTS (CONTACT_ID,FIRST_NAME,LAST_NAME,EMAIL,PHONE,CUSTOMER_ID) VALUES (254,'Isabella','Ortega','isabellaortega@paypalcom','+39 6 012 4531',254);
INSERT INTO CONTACTS (CONTACT_ID,FIRST_NAME,LAST_NAME,EMAIL,PHONE,CUSTOMER_ID) VALUES (255,'Katia','Case','katiacase@wmcom','+39 6 012 4535',255);
INSERT INTO CONTACTS (CONTACT_ID,FIRST_NAME,LAST_NAME,EMAIL,PHONE,CUSTOMER_ID) VALUES (256,'Enriqueta','Odom','enriquetaodom@mmccom','+39 6 012 4539',256);
INSERT INTO CONTACTS (CONTACT_ID,FIRST_NAME,LAST_NAME,EMAIL,PHONE,CUSTOMER_ID) VALUES (257,'Don','Hansen','donhansen@chkcom','+39 10 012 4385',257);
INSERT INTO CONTACTS (CONTACT_ID,FIRST_NAME,LAST_NAME,EMAIL,PHONE,CUSTOMER_ID) VALUES (258,'Herb','Sloan','herbsloan@pricelinegroupcom','+39 10 012 4387',258);
INSERT INTO CONTACTS (CONTACT_ID,FIRST_NAME,LAST_NAME,EMAIL,PHONE,CUSTOMER_ID) VALUES (259,'Blanche','Robbins','blancherobbins@parkercom','+39 6 012 4389',259);
INSERT INTO CONTACTS (CONTACT_ID,FIRST_NAME,LAST_NAME,EMAIL,PHONE,CUSTOMER_ID) VALUES (260,'Gaynell','Burton','gaynellburton@oxycom','+39 6 012 4391',260);
INSERT INTO CONTACTS (CONTACT_ID,FIRST_NAME,LAST_NAME,EMAIL,PHONE,CUSTOMER_ID) VALUES (261,'Marhta','Baldwin','marhtabaldwin@guardianlifecom','+39 49 012 4409',261);
INSERT INTO CONTACTS (CONTACT_ID,FIRST_NAME,LAST_NAME,EMAIL,PHONE,CUSTOMER_ID) VALUES (262,'Peter','Gamble','petergamble@mgmresortscom','+39 49 012 4411',262);
INSERT INTO CONTACTS (CONTACT_ID,FIRST_NAME,LAST_NAME,EMAIL,PHONE,CUSTOMER_ID) VALUES (263,'Nathan','Callahan','nathancallahan@farmerscom','+39 10 012 4413',263);
INSERT INTO CONTACTS (CONTACT_ID,FIRST_NAME,LAST_NAME,EMAIL,PHONE,CUSTOMER_ID) VALUES (264,'Tereasa','Padilla','tereasapadilla@jcpenneycom','+39 49 012 4415',264);
INSERT INTO CONTACTS (CONTACT_ID,FIRST_NAME,LAST_NAME,EMAIL,PHONE,CUSTOMER_ID) VALUES (265,'Merrilee','Phillips','merrileephillips@conedisoncom','+39 49 012 4417',265);
INSERT INTO CONTACTS (CONTACT_ID,FIRST_NAME,LAST_NAME,EMAIL,PHONE,CUSTOMER_ID) VALUES (266,'Tisha','Mcdonald','tishamcdonald@autolivcom','+39 49 012 4419',266);
INSERT INTO CONTACTS (CONTACT_ID,FIRST_NAME,LAST_NAME,EMAIL,PHONE,CUSTOMER_ID) VALUES (267,'Napoleon','Cruz','napoleoncruz@cognizantcom','+39 10 012 4421',267);
INSERT INTO CONTACTS (CONTACT_ID,FIRST_NAME,LAST_NAME,EMAIL,PHONE,CUSTOMER_ID) VALUES (268,'Basilia','Downs','basiliadowns@vfccom','+66 76 012 4441',268);
INSERT INTO CONTACTS (CONTACT_ID,FIRST_NAME,LAST_NAME,EMAIL,PHONE,CUSTOMER_ID) VALUES (269,'Alessandra','Estrada','alessandraestrada@ameriprisecom','+41 56 012 3527',269);
INSERT INTO CONTACTS (CONTACT_ID,FIRST_NAME,LAST_NAME,EMAIL,PHONE,CUSTOMER_ID) VALUES (270,'Sherron','Flores','sherronflores@fnfcom','+41 57 012 3529',270);
INSERT INTO CONTACTS (CONTACT_ID,FIRST_NAME,LAST_NAME,EMAIL,PHONE,CUSTOMER_ID) VALUES (271,'Elicia','Townsend','eliciatownsend@csccom','+41 58 012 3531',271);
INSERT INTO CONTACTS (CONTACT_ID,FIRST_NAME,LAST_NAME,EMAIL,PHONE,CUSTOMER_ID) VALUES (272,'Percy','Hernandez','percyhernandez@lbcom','+41 59 012 3533',272);
INSERT INTO CONTACTS (CONTACT_ID,FIRST_NAME,LAST_NAME,EMAIL,PHONE,CUSTOMER_ID) VALUES (273,'Shelia','Cain','sheliacain@jacobscom','+41 60 012 3535',273);
INSERT INTO CONTACTS (CONTACT_ID,FIRST_NAME,LAST_NAME,EMAIL,PHONE,CUSTOMER_ID) VALUES (274,'Charlene','Booker','charlenebooker@republicservicescom','+41 61 012 3537',274);
INSERT INTO CONTACTS (CONTACT_ID,FIRST_NAME,LAST_NAME,EMAIL,PHONE,CUSTOMER_ID) VALUES (275,'Mac','Mckay','macmckay@principalcom','+41 62 012 3539',275);
INSERT INTO CONTACTS (CONTACT_ID,FIRST_NAME,LAST_NAME,EMAIL,PHONE,CUSTOMER_ID) VALUES (276,'Jamison','Merritt','jamisonmerritt@rossstorescom','+41 63 012 3541',276);
INSERT INTO CONTACTS (CONTACT_ID,FIRST_NAME,LAST_NAME,EMAIL,PHONE,CUSTOMER_ID) VALUES (277,'QuINTOn','Woods','quINTOnwoods@bedbathandbeyondcom','+41 64 012 3543',277);
INSERT INTO CONTACTS (CONTACT_ID,FIRST_NAME,LAST_NAME,EMAIL,PHONE,CUSTOMER_ID) VALUES (278,'Cathey','Mcdowell','catheymcdowell@csxcom','+41 65 012 3545',278);
INSERT INTO CONTACTS (CONTACT_ID,FIRST_NAME,LAST_NAME,EMAIL,PHONE,CUSTOMER_ID) VALUES (279,'Deneen','Hays','deneenhays@toysrusinccom','+41 66 012 3547',279);
INSERT INTO CONTACTS (CONTACT_ID,FIRST_NAME,LAST_NAME,EMAIL,PHONE,CUSTOMER_ID) VALUES (280,'Jackson','Morin','jacksonmorin@sandscom','+41 67 012 3549',280);
INSERT INTO CONTACTS (CONTACT_ID,FIRST_NAME,LAST_NAME,EMAIL,PHONE,CUSTOMER_ID) VALUES (281,'Margo','Hoffman','margohoffman@leucadiacom','+41 2 012 3551',281);
INSERT INTO CONTACTS (CONTACT_ID,FIRST_NAME,LAST_NAME,EMAIL,PHONE,CUSTOMER_ID) VALUES (282,'Adah','Myers','adahmyers@domcom','+41 3 012 3553',282);
INSERT INTO CONTACTS (CONTACT_ID,FIRST_NAME,LAST_NAME,EMAIL,PHONE,CUSTOMER_ID) VALUES (283,'Florene','Craig','florenecraig@ussteelcom','+41 81 012 3555',283);
INSERT INTO CONTACTS (CONTACT_ID,FIRST_NAME,LAST_NAME,EMAIL,PHONE,CUSTOMER_ID) VALUES (284,'Janey','Burris','janeyburris@l-3comcom','+41 81 012 3557',284);
INSERT INTO CONTACTS (CONTACT_ID,FIRST_NAME,LAST_NAME,EMAIL,PHONE,CUSTOMER_ID) VALUES (285,'Evelina','Campbell','evelinacampbell@edisoninvestorcom','+41 71 012 3559',285);
INSERT INTO CONTACTS (CONTACT_ID,FIRST_NAME,LAST_NAME,EMAIL,PHONE,CUSTOMER_ID) VALUES (286,'Thi','Maxwell','thimaxwell@entergycom','+41 71 012 3561',286);
INSERT INTO CONTACTS (CONTACT_ID,FIRST_NAME,LAST_NAME,EMAIL,PHONE,CUSTOMER_ID) VALUES (287,'Aleshia','Reese','aleshiareese@adpcom','+41 4 012 3563',287);
INSERT INTO CONTACTS (CONTACT_ID,FIRST_NAME,LAST_NAME,EMAIL,PHONE,CUSTOMER_ID) VALUES (288,'Dorha','Wong','dorhawong@firstdatacom','+41 6 012 3565',288);
INSERT INTO CONTACTS (CONTACT_ID,FIRST_NAME,LAST_NAME,EMAIL,PHONE,CUSTOMER_ID) VALUES (289,'Estela','Donovan','esteladonovan@blackrockcom','+41 7 012 3567',289);
INSERT INTO CONTACTS (CONTACT_ID,FIRST_NAME,LAST_NAME,EMAIL,PHONE,CUSTOMER_ID) VALUES (290,'Hassan','Rivers','hassanrivers@westrockcom','+41 31 012 3569',290);
INSERT INTO CONTACTS (CONTACT_ID,FIRST_NAME,LAST_NAME,EMAIL,PHONE,CUSTOMER_ID) VALUES (291,'Jen','Mcmahon','jenmcmahon@voyacom','+41 68 012 3571',291);
INSERT INTO CONTACTS (CONTACT_ID,FIRST_NAME,LAST_NAME,EMAIL,PHONE,CUSTOMER_ID) VALUES (292,'Barbie','Carter','barbiecarter@sherwincom','+41 5 012 3573',292);
INSERT INTO CONTACTS (CONTACT_ID,FIRST_NAME,LAST_NAME,EMAIL,PHONE,CUSTOMER_ID) VALUES (293,'Cleo','English','cleoenglish@hiltonworldwidecom','+41 8 012 3575',293);
INSERT INTO CONTACTS (CONTACT_ID,FIRST_NAME,LAST_NAME,EMAIL,PHONE,CUSTOMER_ID) VALUES (294,'Liana','Pena','lianapena@corningcom','+41 1 012 3577',294);
INSERT INTO CONTACTS (CONTACT_ID,FIRST_NAME,LAST_NAME,EMAIL,PHONE,CUSTOMER_ID) VALUES (295,'Francina','Slater','francinaslater@rrdonnelleycom','+41 9 012 3579',295);
INSERT INTO CONTACTS (CONTACT_ID,FIRST_NAME,LAST_NAME,EMAIL,PHONE,CUSTOMER_ID) VALUES (296,'Josie','Steele','josiesteele@stanleyblackanddeckercom','+41 69 012 3581',296);
INSERT INTO CONTACTS (CONTACT_ID,FIRST_NAME,LAST_NAME,EMAIL,PHONE,CUSTOMER_ID) VALUES (297,'Maryrose','Roberson','maryroseroberson@xcelenergycom','+41 70 012 3583',297);
INSERT INTO CONTACTS (CONTACT_ID,FIRST_NAME,LAST_NAME,EMAIL,PHONE,CUSTOMER_ID) VALUES (298,'Elly','Salinas','ellysalinas@kiewitcom','+91 80 012 3687',298);
INSERT INTO CONTACTS (CONTACT_ID,FIRST_NAME,LAST_NAME,EMAIL,PHONE,CUSTOMER_ID) VALUES (299,'Ginny','Carlson','ginnycarlson@oratemurphyusacom','+91 80 012 3689',299);
INSERT INTO CONTACTS (CONTACT_ID,FIRST_NAME,LAST_NAME,EMAIL,PHONE,CUSTOMER_ID) VALUES (300,'Mozelle','Schneider','mozelleschneider@cbrecom','+91 80 012 3695',300);
INSERT INTO CONTACTS (CONTACT_ID,FIRST_NAME,LAST_NAME,EMAIL,PHONE,CUSTOMER_ID) VALUES (301,'Adam','Jacobs','adamjacobs@univarcom','+91 80 012 3699',301);
INSERT INTO CONTACTS (CONTACT_ID,FIRST_NAME,LAST_NAME,EMAIL,PHONE,CUSTOMER_ID) VALUES (302,'Vernia','Hayes','verniahayes@drhortoncom','+91 80 012 3701',302);
INSERT INTO CONTACTS (CONTACT_ID,FIRST_NAME,LAST_NAME,EMAIL,PHONE,CUSTOMER_ID) VALUES (303,'Ismael','Solomon','ismaelsolomon@elcompaniescom','+91 80 012 3703',303);
INSERT INTO CONTACTS (CONTACT_ID,FIRST_NAME,LAST_NAME,EMAIL,PHONE,CUSTOMER_ID) VALUES (304,'Ivey','Rutledge','iveyrutledge@praxaircom','+91 80 012 3709',304);
INSERT INTO CONTACTS (CONTACT_ID,FIRST_NAME,LAST_NAME,EMAIL,PHONE,CUSTOMER_ID) VALUES (305,'Jame','Terrell','jameterrell@biogencom','+91 80 012 3711',305);
INSERT INTO CONTACTS (CONTACT_ID,FIRST_NAME,LAST_NAME,EMAIL,PHONE,CUSTOMER_ID) VALUES (306,'Daina','Combs','dainacombs@mosaiccocom','+91 80 012 3715',306);
INSERT INTO CONTACTS (CONTACT_ID,FIRST_NAME,LAST_NAME,EMAIL,PHONE,CUSTOMER_ID) VALUES (307,'Lashunda','Davidson','lashundadavidson@statestreetcom','+91 80 012 3717',307);
INSERT INTO CONTACTS (CONTACT_ID,FIRST_NAME,LAST_NAME,EMAIL,PHONE,CUSTOMER_ID) VALUES (308,'Arlette','Thornton','arlettethornton@unumcom','+91 80 012 3719',308);
INSERT INTO CONTACTS (CONTACT_ID,FIRST_NAME,LAST_NAME,EMAIL,PHONE,CUSTOMER_ID) VALUES (309,'Darron','Robertson','darronrobertson@reynoldsamericancom','+91 80 012 3723',309);
INSERT INTO CONTACTS (CONTACT_ID,FIRST_NAME,LAST_NAME,EMAIL,PHONE,CUSTOMER_ID) VALUES (310,'Maple','Barnett','maplebarnett@core-markcom','+91 80 012 3725',310);
INSERT INTO CONTACTS (CONTACT_ID,FIRST_NAME,LAST_NAME,EMAIL,PHONE,CUSTOMER_ID) VALUES (311,'Charlsie','Carey','charlsiecarey@group1autocom','+91 80 012 3731',311);
INSERT INTO CONTACTS (CONTACT_ID,FIRST_NAME,LAST_NAME,EMAIL,PHONE,CUSTOMER_ID) VALUES (312,'Frank','Shannon','frankshannon@henryscheincom','+91 80 012 3733',312);
INSERT INTO CONTACTS (CONTACT_ID,FIRST_NAME,LAST_NAME,EMAIL,PHONE,CUSTOMER_ID) VALUES (313,'Josiah','Beasley','josiahbeasley@hertzcom','+91 80 012 3735',313);
INSERT INTO CONTACTS (CONTACT_ID,FIRST_NAME,LAST_NAME,EMAIL,PHONE,CUSTOMER_ID) VALUES (314,'Annabelle','Butler','annabellebutler@thriventcom','+91 80 012 3737',314);
INSERT INTO CONTACTS (CONTACT_ID,FIRST_NAME,LAST_NAME,EMAIL,PHONE,CUSTOMER_ID) VALUES (315,'Ed','Mueller','edmueller@nscorpcom','+91 80 012 3739',315);
INSERT INTO CONTACTS (CONTACT_ID,FIRST_NAME,LAST_NAME,EMAIL,PHONE,CUSTOMER_ID) VALUES (316,'Colleen','Estrada','colleenestrada@rgarecom','+91 80 012 3741',316);
INSERT INTO CONTACTS (CONTACT_ID,FIRST_NAME,LAST_NAME,EMAIL,PHONE,CUSTOMER_ID) VALUES (317,'Nikia','Kent','nikiakent@psegcom','+91 80 012 3745',317);
INSERT INTO CONTACTS (CONTACT_ID,FIRST_NAME,LAST_NAME,EMAIL,PHONE,CUSTOMER_ID) VALUES (318,'Amber','Brady','amberbrady@c-a-mcom','+91 80 012 3837',318);
INSERT INTO CONTACTS (CONTACT_ID,FIRST_NAME,LAST_NAME,EMAIL,PHONE,CUSTOMER_ID) VALUES (319,'Wendell','Massey','wendellmassey@bbtcom','+86 10 012 3839',319);




INSERT INTO ORDERS (ORDER_ID,CUSTOMER_ID,STATUS,SALESMAN_ID,ORDER_DATE) VALUES (105,1,'Pending',54,to_date('17-NOV-16','DD-MON-RR'));
INSERT INTO ORDERS (ORDER_ID,CUSTOMER_ID,STATUS,SALESMAN_ID,ORDER_DATE) VALUES (44,2,'Pending',55,to_date('20-FEB-17','DD-MON-RR'));
INSERT INTO ORDERS (ORDER_ID,CUSTOMER_ID,STATUS,SALESMAN_ID,ORDER_DATE) VALUES (101,3,'Pending',55,to_date('03-JAN-17','DD-MON-RR'));
INSERT INTO ORDERS (ORDER_ID,CUSTOMER_ID,STATUS,SALESMAN_ID,ORDER_DATE) VALUES (1,4,'Pending',56,to_date('15-OCT-17','DD-MON-RR'));
INSERT INTO ORDERS (ORDER_ID,CUSTOMER_ID,STATUS,SALESMAN_ID,ORDER_DATE) VALUES (5,5,'Canceled',56,to_date('09-APR-17','DD-MON-RR'));
INSERT INTO ORDERS (ORDER_ID,CUSTOMER_ID,STATUS,SALESMAN_ID,ORDER_DATE) VALUES (28,6,'Canceled',57,to_date('15-AUG-17','DD-MON-RR'));
INSERT INTO ORDERS (ORDER_ID,CUSTOMER_ID,STATUS,SALESMAN_ID,ORDER_DATE) VALUES (87,7,'Canceled',57,to_date('01-DEC-16','DD-MON-RR'));
INSERT INTO ORDERS (ORDER_ID,CUSTOMER_ID,STATUS,SALESMAN_ID,ORDER_DATE) VALUES (4,8,'Shipped',59,to_date('09-APR-15','DD-MON-RR'));
INSERT INTO ORDERS (ORDER_ID,CUSTOMER_ID,STATUS,SALESMAN_ID,ORDER_DATE) VALUES (41,9,'Shipped',59,to_date('11-MAY-17','DD-MON-RR'));
INSERT INTO ORDERS (ORDER_ID,CUSTOMER_ID,STATUS,SALESMAN_ID,ORDER_DATE) VALUES (82,44,'Shipped',60,to_date('03-DEC-16','DD-MON-RR'));
INSERT INTO ORDERS (ORDER_ID,CUSTOMER_ID,STATUS,SALESMAN_ID,ORDER_DATE) VALUES (102,45,'Shipped',61,to_date('20-DEC-16','DD-MON-RR'));
INSERT INTO ORDERS (ORDER_ID,CUSTOMER_ID,STATUS,SALESMAN_ID,ORDER_DATE) VALUES (26,46,'Shipped',62,to_date('16-AUG-16','DD-MON-RR'));
INSERT INTO ORDERS (ORDER_ID,CUSTOMER_ID,STATUS,SALESMAN_ID,ORDER_DATE) VALUES (43,47,'Shipped',62,to_date('02-MAY-15','DD-MON-RR'));
INSERT INTO ORDERS (ORDER_ID,CUSTOMER_ID,STATUS,SALESMAN_ID,ORDER_DATE) VALUES (53,48,'Shipped',62,to_date('29-SEP-16','DD-MON-RR'));
INSERT INTO ORDERS (ORDER_ID,CUSTOMER_ID,STATUS,SALESMAN_ID,ORDER_DATE) VALUES (81,49,'Shipped',62,to_date('13-DEC-16','DD-MON-RR'));
INSERT INTO ORDERS (ORDER_ID,CUSTOMER_ID,STATUS,SALESMAN_ID,ORDER_DATE) VALUES (83,16,'Shipped',62,to_date('02-DEC-16','DD-MON-RR'));
INSERT INTO ORDERS (ORDER_ID,CUSTOMER_ID,STATUS,SALESMAN_ID,ORDER_DATE) VALUES (93,17,'Shipped',62,to_date('27-OCT-16','DD-MON-RR'));
INSERT INTO ORDERS (ORDER_ID,CUSTOMER_ID,STATUS,SALESMAN_ID,ORDER_DATE) VALUES (94,1,'Shipped',62,to_date('27-OCT-17','DD-MON-RR'));
INSERT INTO ORDERS (ORDER_ID,CUSTOMER_ID,STATUS,SALESMAN_ID,ORDER_DATE) VALUES (79,2,'Shipped',64,to_date('14-DEC-16','DD-MON-RR'));
INSERT INTO ORDERS (ORDER_ID,CUSTOMER_ID,STATUS,SALESMAN_ID,ORDER_DATE) VALUES (80,3,'Shipped',64,to_date('13-DEC-16','DD-MON-RR'));
INSERT INTO ORDERS (ORDER_ID,CUSTOMER_ID,STATUS,SALESMAN_ID,ORDER_DATE) VALUES (2,4,'Shipped',null,to_date('26-APR-15','DD-MON-RR'));
INSERT INTO ORDERS (ORDER_ID,CUSTOMER_ID,STATUS,SALESMAN_ID,ORDER_DATE) VALUES (3,5,'Shipped',null,to_date('26-APR-17','DD-MON-RR'));
INSERT INTO ORDERS (ORDER_ID,CUSTOMER_ID,STATUS,SALESMAN_ID,ORDER_DATE) VALUES (6,6,'Shipped',null,to_date('09-APR-15','DD-MON-RR'));
INSERT INTO ORDERS (ORDER_ID,CUSTOMER_ID,STATUS,SALESMAN_ID,ORDER_DATE) VALUES (7,7,'Shipped',null,to_date('15-FEB-17','DD-MON-RR'));
INSERT INTO ORDERS (ORDER_ID,CUSTOMER_ID,STATUS,SALESMAN_ID,ORDER_DATE) VALUES (8,8,'Shipped',null,to_date('14-FEB-17','DD-MON-RR'));
INSERT INTO ORDERS (ORDER_ID,CUSTOMER_ID,STATUS,SALESMAN_ID,ORDER_DATE) VALUES (9,9,'Shipped',null,to_date('14-FEB-17','DD-MON-RR'));
INSERT INTO ORDERS (ORDER_ID,CUSTOMER_ID,STATUS,SALESMAN_ID,ORDER_DATE) VALUES (10,44,'Pending',null,to_date('24-JAN-17','DD-MON-RR'));
INSERT INTO ORDERS (ORDER_ID,CUSTOMER_ID,STATUS,SALESMAN_ID,ORDER_DATE) VALUES (11,45,'Shipped',null,to_date('29-NOV-16','DD-MON-RR'));
INSERT INTO ORDERS (ORDER_ID,CUSTOMER_ID,STATUS,SALESMAN_ID,ORDER_DATE) VALUES (12,46,'Shipped',null,to_date('29-NOV-16','DD-MON-RR'));
INSERT INTO ORDERS (ORDER_ID,CUSTOMER_ID,STATUS,SALESMAN_ID,ORDER_DATE) VALUES (13,47,'Shipped',null,to_date('29-NOV-16','DD-MON-RR'));
INSERT INTO ORDERS (ORDER_ID,CUSTOMER_ID,STATUS,SALESMAN_ID,ORDER_DATE) VALUES (14,48,'Shipped',null,to_date('28-SEP-17','DD-MON-RR'));
INSERT INTO ORDERS (ORDER_ID,CUSTOMER_ID,STATUS,SALESMAN_ID,ORDER_DATE) VALUES (15,49,'Shipped',null,to_date('27-SEP-17','DD-MON-RR'));
INSERT INTO ORDERS (ORDER_ID,CUSTOMER_ID,STATUS,SALESMAN_ID,ORDER_DATE) VALUES (16,16,'Pending',null,to_date('27-SEP-16','DD-MON-RR'));
INSERT INTO ORDERS (ORDER_ID,CUSTOMER_ID,STATUS,SALESMAN_ID,ORDER_DATE) VALUES (17,17,'Shipped',null,to_date('27-SEP-17','DD-MON-RR'));
INSERT INTO ORDERS (ORDER_ID,CUSTOMER_ID,STATUS,SALESMAN_ID,ORDER_DATE) VALUES (18,18,'Shipped',null,to_date('16-AUG-16','DD-MON-RR'));
INSERT INTO ORDERS (ORDER_ID,CUSTOMER_ID,STATUS,SALESMAN_ID,ORDER_DATE) VALUES (19,19,'Shipped',null,to_date('27-MAY-16','DD-MON-RR'));
INSERT INTO ORDERS (ORDER_ID,CUSTOMER_ID,STATUS,SALESMAN_ID,ORDER_DATE) VALUES (20,20,'Shipped',null,to_date('27-MAY-17','DD-MON-RR'));
INSERT INTO ORDERS (ORDER_ID,CUSTOMER_ID,STATUS,SALESMAN_ID,ORDER_DATE) VALUES (21,21,'Pending',null,to_date('27-MAY-17','DD-MON-RR'));
INSERT INTO ORDERS (ORDER_ID,CUSTOMER_ID,STATUS,SALESMAN_ID,ORDER_DATE) VALUES (22,22,'Canceled',null,to_date('26-MAY-16','DD-MON-RR'));
INSERT INTO ORDERS (ORDER_ID,CUSTOMER_ID,STATUS,SALESMAN_ID,ORDER_DATE) VALUES (23,23,'Shipped',null,to_date('07-SEP-16','DD-MON-RR'));
INSERT INTO ORDERS (ORDER_ID,CUSTOMER_ID,STATUS,SALESMAN_ID,ORDER_DATE) VALUES (24,41,'Shipped',null,to_date('07-SEP-16','DD-MON-RR'));
INSERT INTO ORDERS (ORDER_ID,CUSTOMER_ID,STATUS,SALESMAN_ID,ORDER_DATE) VALUES (25,42,'Shipped',null,to_date('24-AUG-16','DD-MON-RR'));
INSERT INTO ORDERS (ORDER_ID,CUSTOMER_ID,STATUS,SALESMAN_ID,ORDER_DATE) VALUES (27,43,'Canceled',null,to_date('16-AUG-16','DD-MON-RR'));
INSERT INTO ORDERS (ORDER_ID,CUSTOMER_ID,STATUS,SALESMAN_ID,ORDER_DATE) VALUES (29,44,'Shipped',null,to_date('14-AUG-17','DD-MON-RR'));
INSERT INTO ORDERS (ORDER_ID,CUSTOMER_ID,STATUS,SALESMAN_ID,ORDER_DATE) VALUES (30,45,'Shipped',null,to_date('12-AUG-17','DD-MON-RR'));
INSERT INTO ORDERS (ORDER_ID,CUSTOMER_ID,STATUS,SALESMAN_ID,ORDER_DATE) VALUES (31,46,'Canceled',null,to_date('12-AUG-17','DD-MON-RR'));
INSERT INTO ORDERS (ORDER_ID,CUSTOMER_ID,STATUS,SALESMAN_ID,ORDER_DATE) VALUES (32,47,'Shipped',null,to_date('09-MAR-17','DD-MON-RR'));
INSERT INTO ORDERS (ORDER_ID,CUSTOMER_ID,STATUS,SALESMAN_ID,ORDER_DATE) VALUES (33,48,'Shipped',null,to_date('07-MAR-17','DD-MON-RR'));
INSERT INTO ORDERS (ORDER_ID,CUSTOMER_ID,STATUS,SALESMAN_ID,ORDER_DATE) VALUES (34,49,'Shipped',null,to_date('12-JUN-16','DD-MON-RR'));
INSERT INTO ORDERS (ORDER_ID,CUSTOMER_ID,STATUS,SALESMAN_ID,ORDER_DATE) VALUES (35,50,'Shipped',null,to_date('05-SEP-16','DD-MON-RR'));
INSERT INTO ORDERS (ORDER_ID,CUSTOMER_ID,STATUS,SALESMAN_ID,ORDER_DATE) VALUES (36,51,'Shipped',null,to_date('05-SEP-17','DD-MON-RR'));
INSERT INTO ORDERS (ORDER_ID,CUSTOMER_ID,STATUS,SALESMAN_ID,ORDER_DATE) VALUES (37,52,'Shipped',null,to_date('19-FEB-17','DD-MON-RR'));
INSERT INTO ORDERS (ORDER_ID,CUSTOMER_ID,STATUS,SALESMAN_ID,ORDER_DATE) VALUES (38,53,'Canceled',57,to_date('31-MAY-15','DD-MON-RR'));
INSERT INTO ORDERS (ORDER_ID,CUSTOMER_ID,STATUS,SALESMAN_ID,ORDER_DATE) VALUES (39,54,'Shipped',62,to_date('22-OCT-16','DD-MON-RR'));
INSERT INTO ORDERS (ORDER_ID,CUSTOMER_ID,STATUS,SALESMAN_ID,ORDER_DATE) VALUES (40,55,'Shipped',62,to_date('11-MAY-17','DD-MON-RR'));
INSERT INTO ORDERS (ORDER_ID,CUSTOMER_ID,STATUS,SALESMAN_ID,ORDER_DATE) VALUES (42,56,'Canceled',64,to_date('03-MAY-15','DD-MON-RR'));
INSERT INTO ORDERS (ORDER_ID,CUSTOMER_ID,STATUS,SALESMAN_ID,ORDER_DATE) VALUES (45,57,'Shipped',64,to_date('20-FEB-17','DD-MON-RR'));
INSERT INTO ORDERS (ORDER_ID,CUSTOMER_ID,STATUS,SALESMAN_ID,ORDER_DATE) VALUES (46,58,'Pending',62,to_date('20-FEB-17','DD-MON-RR'));
INSERT INTO ORDERS (ORDER_ID,CUSTOMER_ID,STATUS,SALESMAN_ID,ORDER_DATE) VALUES (47,59,'Canceled',62,to_date('10-OCT-16','DD-MON-RR'));
INSERT INTO ORDERS (ORDER_ID,CUSTOMER_ID,STATUS,SALESMAN_ID,ORDER_DATE) VALUES (48,60,'Canceled',64,to_date('10-OCT-16','DD-MON-RR'));
INSERT INTO ORDERS (ORDER_ID,CUSTOMER_ID,STATUS,SALESMAN_ID,ORDER_DATE) VALUES (49,61,'Shipped',55,to_date('02-OCT-16','DD-MON-RR'));
INSERT INTO ORDERS (ORDER_ID,CUSTOMER_ID,STATUS,SALESMAN_ID,ORDER_DATE) VALUES (50,62,'Pending',55,to_date('02-OCT-16','DD-MON-RR'));
INSERT INTO ORDERS (ORDER_ID,CUSTOMER_ID,STATUS,SALESMAN_ID,ORDER_DATE) VALUES (51,63,'Shipped',59,to_date('02-OCT-16','DD-MON-RR'));
INSERT INTO ORDERS (ORDER_ID,CUSTOMER_ID,STATUS,SALESMAN_ID,ORDER_DATE) VALUES (52,64,'Shipped',60,to_date('02-OCT-16','DD-MON-RR'));
INSERT INTO ORDERS (ORDER_ID,CUSTOMER_ID,STATUS,SALESMAN_ID,ORDER_DATE) VALUES (54,65,'Shipped',56,to_date('29-SEP-16','DD-MON-RR'));
INSERT INTO ORDERS (ORDER_ID,CUSTOMER_ID,STATUS,SALESMAN_ID,ORDER_DATE) VALUES (55,66,'Pending',59,to_date('29-SEP-16','DD-MON-RR'));
INSERT INTO ORDERS (ORDER_ID,CUSTOMER_ID,STATUS,SALESMAN_ID,ORDER_DATE) VALUES (56,67,'Canceled',55,to_date('29-SEP-16','DD-MON-RR'));
INSERT INTO ORDERS (ORDER_ID,CUSTOMER_ID,STATUS,SALESMAN_ID,ORDER_DATE) VALUES (57,68,'Shipped',57,to_date('24-AUG-17','DD-MON-RR'));
INSERT INTO ORDERS (ORDER_ID,CUSTOMER_ID,STATUS,SALESMAN_ID,ORDER_DATE) VALUES (58,69,'Shipped',57,to_date('24-AUG-16','DD-MON-RR'));
INSERT INTO ORDERS (ORDER_ID,CUSTOMER_ID,STATUS,SALESMAN_ID,ORDER_DATE) VALUES (59,70,'Shipped',59,to_date('29-JUN-15','DD-MON-RR'));
INSERT INTO ORDERS (ORDER_ID,CUSTOMER_ID,STATUS,SALESMAN_ID,ORDER_DATE) VALUES (60,1,'Shipped',62,to_date('30-JUN-17','DD-MON-RR'));
INSERT INTO ORDERS (ORDER_ID,CUSTOMER_ID,STATUS,SALESMAN_ID,ORDER_DATE) VALUES (61,2,'Shipped',54,to_date('30-JUN-16','DD-MON-RR'));
INSERT INTO ORDERS (ORDER_ID,CUSTOMER_ID,STATUS,SALESMAN_ID,ORDER_DATE) VALUES (62,3,'Shipped',62,to_date('30-JUN-15','DD-MON-RR'));
INSERT INTO ORDERS (ORDER_ID,CUSTOMER_ID,STATUS,SALESMAN_ID,ORDER_DATE) VALUES (63,4,'Shipped',61,to_date('30-JUN-16','DD-MON-RR'));
INSERT INTO ORDERS (ORDER_ID,CUSTOMER_ID,STATUS,SALESMAN_ID,ORDER_DATE) VALUES (64,5,'Shipped',64,to_date('21-JUN-16','DD-MON-RR'));
INSERT INTO ORDERS (ORDER_ID,CUSTOMER_ID,STATUS,SALESMAN_ID,ORDER_DATE) VALUES (65,6,'Shipped',64,to_date('21-JUN-13','DD-MON-RR'));
INSERT INTO ORDERS (ORDER_ID,CUSTOMER_ID,STATUS,SALESMAN_ID,ORDER_DATE) VALUES (66,7,'Canceled',61,to_date('21-JUN-16','DD-MON-RR'));
INSERT INTO ORDERS (ORDER_ID,CUSTOMER_ID,STATUS,SALESMAN_ID,ORDER_DATE) VALUES (67,8,'Canceled',61,to_date('14-JUN-16','DD-MON-RR'));
INSERT INTO ORDERS (ORDER_ID,CUSTOMER_ID,STATUS,SALESMAN_ID,ORDER_DATE) VALUES (68,9,'Pending',null,to_date('13-JUN-16','DD-MON-RR'));
INSERT INTO ORDERS (ORDER_ID,CUSTOMER_ID,STATUS,SALESMAN_ID,ORDER_DATE) VALUES (69,44,'Canceled',54,to_date('17-MAR-17','DD-MON-RR'));
INSERT INTO ORDERS (ORDER_ID,CUSTOMER_ID,STATUS,SALESMAN_ID,ORDER_DATE) VALUES (70,45,'Canceled',61,to_date('21-FEB-17','DD-MON-RR'));
INSERT INTO ORDERS (ORDER_ID,CUSTOMER_ID,STATUS,SALESMAN_ID,ORDER_DATE) VALUES (71,46,'Shipped',54,to_date('21-FEB-17','DD-MON-RR'));
INSERT INTO ORDERS (ORDER_ID,CUSTOMER_ID,STATUS,SALESMAN_ID,ORDER_DATE) VALUES (72,47,'Shipped',64,to_date('17-FEB-16','DD-MON-RR'));
INSERT INTO ORDERS (ORDER_ID,CUSTOMER_ID,STATUS,SALESMAN_ID,ORDER_DATE) VALUES (73,48,'Shipped',null,to_date('17-FEB-16','DD-MON-RR'));
INSERT INTO ORDERS (ORDER_ID,CUSTOMER_ID,STATUS,SALESMAN_ID,ORDER_DATE) VALUES (74,49,'Shipped',64,to_date('10-FEB-17','DD-MON-RR'));
INSERT INTO ORDERS (ORDER_ID,CUSTOMER_ID,STATUS,SALESMAN_ID,ORDER_DATE) VALUES (75,16,'Shipped',null,to_date('10-FEB-17','DD-MON-RR'));
INSERT INTO ORDERS (ORDER_ID,CUSTOMER_ID,STATUS,SALESMAN_ID,ORDER_DATE) VALUES (76,17,'Shipped',55,to_date('10-FEB-17','DD-MON-RR'));
INSERT INTO ORDERS (ORDER_ID,CUSTOMER_ID,STATUS,SALESMAN_ID,ORDER_DATE) VALUES (77,1,'Shipped',60,to_date('02-JAN-17','DD-MON-RR'));
INSERT INTO ORDERS (ORDER_ID,CUSTOMER_ID,STATUS,SALESMAN_ID,ORDER_DATE) VALUES (78,2,'Pending',64,to_date('14-DEC-15','DD-MON-RR'));
INSERT INTO ORDERS (ORDER_ID,CUSTOMER_ID,STATUS,SALESMAN_ID,ORDER_DATE) VALUES (84,3,'Shipped',64,to_date('01-DEC-15','DD-MON-RR'));
INSERT INTO ORDERS (ORDER_ID,CUSTOMER_ID,STATUS,SALESMAN_ID,ORDER_DATE) VALUES (85,4,'Pending',55,to_date('01-DEC-16','DD-MON-RR'));
INSERT INTO ORDERS (ORDER_ID,CUSTOMER_ID,STATUS,SALESMAN_ID,ORDER_DATE) VALUES (86,5,'Pending',60,to_date('30-NOV-16','DD-MON-RR'));
INSERT INTO ORDERS (ORDER_ID,CUSTOMER_ID,STATUS,SALESMAN_ID,ORDER_DATE) VALUES (88,6,'Shipped',61,to_date('01-NOV-17','DD-MON-RR'));
INSERT INTO ORDERS (ORDER_ID,CUSTOMER_ID,STATUS,SALESMAN_ID,ORDER_DATE) VALUES (89,7,'Shipped',55,to_date('27-OCT-15','DD-MON-RR'));
INSERT INTO ORDERS (ORDER_ID,CUSTOMER_ID,STATUS,SALESMAN_ID,ORDER_DATE) VALUES (90,8,'Pending',55,to_date('28-OCT-15','DD-MON-RR'));
INSERT INTO ORDERS (ORDER_ID,CUSTOMER_ID,STATUS,SALESMAN_ID,ORDER_DATE) VALUES (91,9,'Pending',56,to_date('28-OCT-16','DD-MON-RR'));
INSERT INTO ORDERS (ORDER_ID,CUSTOMER_ID,STATUS,SALESMAN_ID,ORDER_DATE) VALUES (92,44,'Shipped',59,to_date('28-OCT-15','DD-MON-RR'));
INSERT INTO ORDERS (ORDER_ID,CUSTOMER_ID,STATUS,SALESMAN_ID,ORDER_DATE) VALUES (95,45,'Shipped',59,to_date('19-SEP-16','DD-MON-RR'));
INSERT INTO ORDERS (ORDER_ID,CUSTOMER_ID,STATUS,SALESMAN_ID,ORDER_DATE) VALUES (96,46,'Shipped',56,to_date('14-SEP-16','DD-MON-RR'));
INSERT INTO ORDERS (ORDER_ID,CUSTOMER_ID,STATUS,SALESMAN_ID,ORDER_DATE) VALUES (97,47,'Canceled',60,to_date('12-JUL-16','DD-MON-RR'));
INSERT INTO ORDERS (ORDER_ID,CUSTOMER_ID,STATUS,SALESMAN_ID,ORDER_DATE) VALUES (98,48,'Shipped',55,to_date('18-MAR-17','DD-MON-RR'));
INSERT INTO ORDERS (ORDER_ID,CUSTOMER_ID,STATUS,SALESMAN_ID,ORDER_DATE) VALUES (99,49,'Shipped',60,to_date('07-JAN-17','DD-MON-RR'));
INSERT INTO ORDERS (ORDER_ID,CUSTOMER_ID,STATUS,SALESMAN_ID,ORDER_DATE) VALUES (100,16,'Pending',54,to_date('05-JAN-17','DD-MON-RR'));
INSERT INTO ORDERS (ORDER_ID,CUSTOMER_ID,STATUS,SALESMAN_ID,ORDER_DATE) VALUES (103,17,'Pending',64,to_date('08-FEB-16','DD-MON-RR'));
INSERT INTO ORDERS (ORDER_ID,CUSTOMER_ID,STATUS,SALESMAN_ID,ORDER_DATE) VALUES (104,18,'Shipped',60,to_date('01-FEB-17','DD-MON-RR'));



INSERT INTO ORDER_ITEMS (ORDER_ID,ITEM_ID,PRODUCT_ID,QUANTITY,UNIT_PRICE) VALUES (70,7,32,132,46999);
INSERT INTO ORDER_ITEMS (ORDER_ID,ITEM_ID,PRODUCT_ID,QUANTITY,UNIT_PRICE) VALUES (73,5,192,124,51999);
INSERT INTO ORDER_ITEMS (ORDER_ID,ITEM_ID,PRODUCT_ID,QUANTITY,UNIT_PRICE) VALUES (74,7,27,92,80074);
INSERT INTO ORDER_ITEMS (ORDER_ID,ITEM_ID,PRODUCT_ID,QUANTITY,UNIT_PRICE) VALUES (75,11,6,128,84999);
INSERT INTO ORDER_ITEMS (ORDER_ID,ITEM_ID,PRODUCT_ID,QUANTITY,UNIT_PRICE) VALUES (76,10,95,106,10999);
INSERT INTO ORDER_ITEMS (ORDER_ID,ITEM_ID,PRODUCT_ID,QUANTITY,UNIT_PRICE) VALUES (77,5,271,148,54959);
INSERT INTO ORDER_ITEMS (ORDER_ID,ITEM_ID,PRODUCT_ID,QUANTITY,UNIT_PRICE) VALUES (81,7,79,127,65999);
INSERT INTO ORDER_ITEMS (ORDER_ID,ITEM_ID,PRODUCT_ID,QUANTITY,UNIT_PRICE) VALUES (82,9,284,138,5499);
INSERT INTO ORDER_ITEMS (ORDER_ID,ITEM_ID,PRODUCT_ID,QUANTITY,UNIT_PRICE) VALUES (83,8,174,117,79826);
INSERT INTO ORDER_ITEMS (ORDER_ID,ITEM_ID,PRODUCT_ID,QUANTITY,UNIT_PRICE) VALUES (84,6,131,34,27999);
INSERT INTO ORDER_ITEMS (ORDER_ID,ITEM_ID,PRODUCT_ID,QUANTITY,UNIT_PRICE) VALUES (87,11,271,58,54959);
INSERT INTO ORDER_ITEMS (ORDER_ID,ITEM_ID,PRODUCT_ID,QUANTITY,UNIT_PRICE) VALUES (90,8,92,49,2200);
INSERT INTO ORDER_ITEMS (ORDER_ID,ITEM_ID,PRODUCT_ID,QUANTITY,UNIT_PRICE) VALUES (91,11,226,77,30985);
INSERT INTO ORDER_ITEMS (ORDER_ID,ITEM_ID,PRODUCT_ID,QUANTITY,UNIT_PRICE) VALUES (93,5,121,141,72199);
INSERT INTO ORDER_ITEMS (ORDER_ID,ITEM_ID,PRODUCT_ID,QUANTITY,UNIT_PRICE) VALUES (94,9,12,33,82498);
INSERT INTO ORDER_ITEMS (ORDER_ID,ITEM_ID,PRODUCT_ID,QUANTITY,UNIT_PRICE) VALUES (99,9,17,144,69901);
INSERT INTO ORDER_ITEMS (ORDER_ID,ITEM_ID,PRODUCT_ID,QUANTITY,UNIT_PRICE) VALUES (102,3,247,149,33999);
INSERT INTO ORDER_ITEMS (ORDER_ID,ITEM_ID,PRODUCT_ID,QUANTITY,UNIT_PRICE) VALUES (104,7,178,145,199989);
INSERT INTO ORDER_ITEMS (ORDER_ID,ITEM_ID,PRODUCT_ID,QUANTITY,UNIT_PRICE) VALUES (105,6,183,79,89999);
INSERT INTO ORDER_ITEMS (ORDER_ID,ITEM_ID,PRODUCT_ID,QUANTITY,UNIT_PRICE) VALUES (2,9,200,75,62095);
INSERT INTO ORDER_ITEMS (ORDER_ID,ITEM_ID,PRODUCT_ID,QUANTITY,UNIT_PRICE) VALUES (4,8,18,116,799);
INSERT INTO ORDER_ITEMS (ORDER_ID,ITEM_ID,PRODUCT_ID,QUANTITY,UNIT_PRICE) VALUES (6,7,7,119,68099);
INSERT INTO ORDER_ITEMS (ORDER_ID,ITEM_ID,PRODUCT_ID,QUANTITY,UNIT_PRICE) VALUES (8,9,268,148,4788);
INSERT INTO ORDER_ITEMS (ORDER_ID,ITEM_ID,PRODUCT_ID,QUANTITY,UNIT_PRICE) VALUES (2,1,43,111,29898);
INSERT INTO ORDER_ITEMS (ORDER_ID,ITEM_ID,PRODUCT_ID,QUANTITY,UNIT_PRICE) VALUES (3,1,24,111,6689);
INSERT INTO ORDER_ITEMS (ORDER_ID,ITEM_ID,PRODUCT_ID,QUANTITY,UNIT_PRICE) VALUES (4,1,280,47,14988);
INSERT INTO ORDER_ITEMS (ORDER_ID,ITEM_ID,PRODUCT_ID,QUANTITY,UNIT_PRICE) VALUES (5,1,149,70,28298);
INSERT INTO ORDER_ITEMS (ORDER_ID,ITEM_ID,PRODUCT_ID,QUANTITY,UNIT_PRICE) VALUES (6,1,199,67,64799);
INSERT INTO ORDER_ITEMS (ORDER_ID,ITEM_ID,PRODUCT_ID,QUANTITY,UNIT_PRICE) VALUES (7,1,227,74,305);
INSERT INTO ORDER_ITEMS (ORDER_ID,ITEM_ID,PRODUCT_ID,QUANTITY,UNIT_PRICE) VALUES (8,1,87,92,75999);
INSERT INTO ORDER_ITEMS (ORDER_ID,ITEM_ID,PRODUCT_ID,QUANTITY,UNIT_PRICE) VALUES (9,1,108,139,84999);
INSERT INTO ORDER_ITEMS (ORDER_ID,ITEM_ID,PRODUCT_ID,QUANTITY,UNIT_PRICE) VALUES (10,1,145,118,287);
INSERT INTO ORDER_ITEMS (ORDER_ID,ITEM_ID,PRODUCT_ID,QUANTITY,UNIT_PRICE) VALUES (11,1,96,113,14156);
INSERT INTO ORDER_ITEMS (ORDER_ID,ITEM_ID,PRODUCT_ID,QUANTITY,UNIT_PRICE) VALUES (12,1,191,41,57399);
INSERT INTO ORDER_ITEMS (ORDER_ID,ITEM_ID,PRODUCT_ID,QUANTITY,UNIT_PRICE) VALUES (13,1,84,46,4403);
INSERT INTO ORDER_ITEMS (ORDER_ID,ITEM_ID,PRODUCT_ID,QUANTITY,UNIT_PRICE) VALUES (14,1,129,98,73499);
INSERT INTO ORDER_ITEMS (ORDER_ID,ITEM_ID,PRODUCT_ID,QUANTITY,UNIT_PRICE) VALUES (1,1,137,116,46999);
INSERT INTO ORDER_ITEMS (ORDER_ID,ITEM_ID,PRODUCT_ID,QUANTITY,UNIT_PRICE) VALUES (15,1,287,60,32999);
INSERT INTO ORDER_ITEMS (ORDER_ID,ITEM_ID,PRODUCT_ID,QUANTITY,UNIT_PRICE) VALUES (16,1,166,70,163889);
INSERT INTO ORDER_ITEMS (ORDER_ID,ITEM_ID,PRODUCT_ID,QUANTITY,UNIT_PRICE) VALUES (17,1,149,51,28298);
INSERT INTO ORDER_ITEMS (ORDER_ID,ITEM_ID,PRODUCT_ID,QUANTITY,UNIT_PRICE) VALUES (18,1,213,105,146996);
INSERT INTO ORDER_ITEMS (ORDER_ID,ITEM_ID,PRODUCT_ID,QUANTITY,UNIT_PRICE) VALUES (19,1,38,53,119999);
INSERT INTO ORDER_ITEMS (ORDER_ID,ITEM_ID,PRODUCT_ID,QUANTITY,UNIT_PRICE) VALUES (20,1,126,105,64099);
INSERT INTO ORDER_ITEMS (ORDER_ID,ITEM_ID,PRODUCT_ID,QUANTITY,UNIT_PRICE) VALUES (21,1,36,79,129999);
INSERT INTO ORDER_ITEMS (ORDER_ID,ITEM_ID,PRODUCT_ID,QUANTITY,UNIT_PRICE) VALUES (22,1,83,44,82999);
INSERT INTO ORDER_ITEMS (ORDER_ID,ITEM_ID,PRODUCT_ID,QUANTITY,UNIT_PRICE) VALUES (23,1,202,104,71399);
INSERT INTO ORDER_ITEMS (ORDER_ID,ITEM_ID,PRODUCT_ID,QUANTITY,UNIT_PRICE) VALUES (24,1,121,129,72199);
INSERT INTO ORDER_ITEMS (ORDER_ID,ITEM_ID,PRODUCT_ID,QUANTITY,UNIT_PRICE) VALUES (25,1,43,109,29898);
INSERT INTO ORDER_ITEMS (ORDER_ID,ITEM_ID,PRODUCT_ID,QUANTITY,UNIT_PRICE) VALUES (26,1,200,114,62095);
INSERT INTO ORDER_ITEMS (ORDER_ID,ITEM_ID,PRODUCT_ID,QUANTITY,UNIT_PRICE) VALUES (27,1,71,38,660);
INSERT INTO ORDER_ITEMS (ORDER_ID,ITEM_ID,PRODUCT_ID,QUANTITY,UNIT_PRICE) VALUES (28,1,31,61,44372);
INSERT INTO ORDER_ITEMS (ORDER_ID,ITEM_ID,PRODUCT_ID,QUANTITY,UNIT_PRICE) VALUES (29,1,7,38,68099);
INSERT INTO ORDER_ITEMS (ORDER_ID,ITEM_ID,PRODUCT_ID,QUANTITY,UNIT_PRICE) VALUES (30,1,235,70,4199);
INSERT INTO ORDER_ITEMS (ORDER_ID,ITEM_ID,PRODUCT_ID,QUANTITY,UNIT_PRICE) VALUES (31,1,101,68,63599);
INSERT INTO ORDER_ITEMS (ORDER_ID,ITEM_ID,PRODUCT_ID,QUANTITY,UNIT_PRICE) VALUES (32,1,251,83,33781);
INSERT INTO ORDER_ITEMS (ORDER_ID,ITEM_ID,PRODUCT_ID,QUANTITY,UNIT_PRICE) VALUES (33,1,55,93,15099);
INSERT INTO ORDER_ITEMS (ORDER_ID,ITEM_ID,PRODUCT_ID,QUANTITY,UNIT_PRICE) VALUES (34,1,185,141,87398);
INSERT INTO ORDER_ITEMS (ORDER_ID,ITEM_ID,PRODUCT_ID,QUANTITY,UNIT_PRICE) VALUES (35,1,174,133,79826);
INSERT INTO ORDER_ITEMS (ORDER_ID,ITEM_ID,PRODUCT_ID,QUANTITY,UNIT_PRICE) VALUES (36,1,204,45,68699);
INSERT INTO ORDER_ITEMS (ORDER_ID,ITEM_ID,PRODUCT_ID,QUANTITY,UNIT_PRICE) VALUES (37,1,35,150,131499);
INSERT INTO ORDER_ITEMS (ORDER_ID,ITEM_ID,PRODUCT_ID,QUANTITY,UNIT_PRICE) VALUES (38,1,71,90,660);
INSERT INTO ORDER_ITEMS (ORDER_ID,ITEM_ID,PRODUCT_ID,QUANTITY,UNIT_PRICE) VALUES (39,1,186,116,144998);
INSERT INTO ORDER_ITEMS (ORDER_ID,ITEM_ID,PRODUCT_ID,QUANTITY,UNIT_PRICE) VALUES (40,1,141,106,41999);
INSERT INTO ORDER_ITEMS (ORDER_ID,ITEM_ID,PRODUCT_ID,QUANTITY,UNIT_PRICE) VALUES (41,1,268,80,4788);
INSERT INTO ORDER_ITEMS (ORDER_ID,ITEM_ID,PRODUCT_ID,QUANTITY,UNIT_PRICE) VALUES (42,1,34,45,41798);
INSERT INTO ORDER_ITEMS (ORDER_ID,ITEM_ID,PRODUCT_ID,QUANTITY,UNIT_PRICE) VALUES (43,1,67,74,86305);
INSERT INTO ORDER_ITEMS (ORDER_ID,ITEM_ID,PRODUCT_ID,QUANTITY,UNIT_PRICE) VALUES (44,1,220,118,75999);
INSERT INTO ORDER_ITEMS (ORDER_ID,ITEM_ID,PRODUCT_ID,QUANTITY,UNIT_PRICE) VALUES (45,1,74,43,70195);
INSERT INTO ORDER_ITEMS (ORDER_ID,ITEM_ID,PRODUCT_ID,QUANTITY,UNIT_PRICE) VALUES (46,1,120,51,892);
INSERT INTO ORDER_ITEMS (ORDER_ID,ITEM_ID,PRODUCT_ID,QUANTITY,UNIT_PRICE) VALUES (47,1,178,73,199989);
INSERT INTO ORDER_ITEMS (ORDER_ID,ITEM_ID,PRODUCT_ID,QUANTITY,UNIT_PRICE) VALUES (48,1,165,46,166661);
INSERT INTO ORDER_ITEMS (ORDER_ID,ITEM_ID,PRODUCT_ID,QUANTITY,UNIT_PRICE) VALUES (49,1,172,104,35849);
INSERT INTO ORDER_ITEMS (ORDER_ID,ITEM_ID,PRODUCT_ID,QUANTITY,UNIT_PRICE) VALUES (50,1,215,49,82989);
INSERT INTO ORDER_ITEMS (ORDER_ID,ITEM_ID,PRODUCT_ID,QUANTITY,UNIT_PRICE) VALUES (51,1,21,34,74999);
INSERT INTO ORDER_ITEMS (ORDER_ID,ITEM_ID,PRODUCT_ID,QUANTITY,UNIT_PRICE) VALUES (52,1,235,123,4199);
INSERT INTO ORDER_ITEMS (ORDER_ID,ITEM_ID,PRODUCT_ID,QUANTITY,UNIT_PRICE) VALUES (53,1,100,130,9788);
INSERT INTO ORDER_ITEMS (ORDER_ID,ITEM_ID,PRODUCT_ID,QUANTITY,UNIT_PRICE) VALUES (54,1,208,73,119999);
INSERT INTO ORDER_ITEMS (ORDER_ID,ITEM_ID,PRODUCT_ID,QUANTITY,UNIT_PRICE) VALUES (55,1,102,127,204269);
INSERT INTO ORDER_ITEMS (ORDER_ID,ITEM_ID,PRODUCT_ID,QUANTITY,UNIT_PRICE) VALUES (56,1,84,70,4403);
INSERT INTO ORDER_ITEMS (ORDER_ID,ITEM_ID,PRODUCT_ID,QUANTITY,UNIT_PRICE) VALUES (57,1,224,75,34999);
INSERT INTO ORDER_ITEMS (ORDER_ID,ITEM_ID,PRODUCT_ID,QUANTITY,UNIT_PRICE) VALUES (58,1,64,55,52599);
INSERT INTO ORDER_ITEMS (ORDER_ID,ITEM_ID,PRODUCT_ID,QUANTITY,UNIT_PRICE) VALUES (59,1,178,101,199989);
INSERT INTO ORDER_ITEMS (ORDER_ID,ITEM_ID,PRODUCT_ID,QUANTITY,UNIT_PRICE) VALUES (60,1,205,74,64999);
INSERT INTO ORDER_ITEMS (ORDER_ID,ITEM_ID,PRODUCT_ID,QUANTITY,UNIT_PRICE) VALUES (61,1,174,114,79826);
INSERT INTO ORDER_ITEMS (ORDER_ID,ITEM_ID,PRODUCT_ID,QUANTITY,UNIT_PRICE) VALUES (62,1,188,130,48249);
INSERT INTO ORDER_ITEMS (ORDER_ID,ITEM_ID,PRODUCT_ID,QUANTITY,UNIT_PRICE) VALUES (63,1,70,72,71099);
INSERT INTO ORDER_ITEMS (ORDER_ID,ITEM_ID,PRODUCT_ID,QUANTITY,UNIT_PRICE) VALUES (64,1,199,61,64799);
INSERT INTO ORDER_ITEMS (ORDER_ID,ITEM_ID,PRODUCT_ID,QUANTITY,UNIT_PRICE) VALUES (65,1,280,104,14988);
INSERT INTO ORDER_ITEMS (ORDER_ID,ITEM_ID,PRODUCT_ID,QUANTITY,UNIT_PRICE) VALUES (66,1,77,143,69599);
INSERT INTO ORDER_ITEMS (ORDER_ID,ITEM_ID,PRODUCT_ID,QUANTITY,UNIT_PRICE) VALUES (67,1,287,61,32999);
INSERT INTO ORDER_ITEMS (ORDER_ID,ITEM_ID,PRODUCT_ID,QUANTITY,UNIT_PRICE) VALUES (68,1,163,98,189999);
INSERT INTO ORDER_ITEMS (ORDER_ID,ITEM_ID,PRODUCT_ID,QUANTITY,UNIT_PRICE) VALUES (69,1,206,57,4139);
INSERT INTO ORDER_ITEMS (ORDER_ID,ITEM_ID,PRODUCT_ID,QUANTITY,UNIT_PRICE) VALUES (70,1,185,146,87398);
INSERT INTO ORDER_ITEMS (ORDER_ID,ITEM_ID,PRODUCT_ID,QUANTITY,UNIT_PRICE) VALUES (71,1,19,146,170437);
INSERT INTO ORDER_ITEMS (ORDER_ID,ITEM_ID,PRODUCT_ID,QUANTITY,UNIT_PRICE) VALUES (72,1,129,101,73499);
INSERT INTO ORDER_ITEMS (ORDER_ID,ITEM_ID,PRODUCT_ID,QUANTITY,UNIT_PRICE) VALUES (73,1,245,120,1699);
INSERT INTO ORDER_ITEMS (ORDER_ID,ITEM_ID,PRODUCT_ID,QUANTITY,UNIT_PRICE) VALUES (74,1,104,97,8388);
INSERT INTO ORDER_ITEMS (ORDER_ID,ITEM_ID,PRODUCT_ID,QUANTITY,UNIT_PRICE) VALUES (75,1,58,73,78498);
INSERT INTO ORDER_ITEMS (ORDER_ID,ITEM_ID,PRODUCT_ID,QUANTITY,UNIT_PRICE) VALUES (76,1,109,92,71399);
INSERT INTO ORDER_ITEMS (ORDER_ID,ITEM_ID,PRODUCT_ID,QUANTITY,UNIT_PRICE) VALUES (77,1,203,65,67138);
INSERT INTO ORDER_ITEMS (ORDER_ID,ITEM_ID,PRODUCT_ID,QUANTITY,UNIT_PRICE) VALUES (78,1,92,147,2200);
INSERT INTO ORDER_ITEMS (ORDER_ID,ITEM_ID,PRODUCT_ID,QUANTITY,UNIT_PRICE) VALUES (79,1,285,145,33999);
INSERT INTO ORDER_ITEMS (ORDER_ID,ITEM_ID,PRODUCT_ID,QUANTITY,UNIT_PRICE) VALUES (80,1,213,63,146996);
INSERT INTO ORDER_ITEMS (ORDER_ID,ITEM_ID,PRODUCT_ID,QUANTITY,UNIT_PRICE) VALUES (81,1,128,133,74163);
INSERT INTO ORDER_ITEMS (ORDER_ID,ITEM_ID,PRODUCT_ID,QUANTITY,UNIT_PRICE) VALUES (82,1,91,42,225999);
INSERT INTO ORDER_ITEMS (ORDER_ID,ITEM_ID,PRODUCT_ID,QUANTITY,UNIT_PRICE) VALUES (83,1,264,35,8899);
INSERT INTO ORDER_ITEMS (ORDER_ID,ITEM_ID,PRODUCT_ID,QUANTITY,UNIT_PRICE) VALUES (84,1,106,137,60895);
INSERT INTO ORDER_ITEMS (ORDER_ID,ITEM_ID,PRODUCT_ID,QUANTITY,UNIT_PRICE) VALUES (85,1,155,114,58895);
INSERT INTO ORDER_ITEMS (ORDER_ID,ITEM_ID,PRODUCT_ID,QUANTITY,UNIT_PRICE) VALUES (86,1,202,46,71399);
INSERT INTO ORDER_ITEMS (ORDER_ID,ITEM_ID,PRODUCT_ID,QUANTITY,UNIT_PRICE) VALUES (87,1,47,123,237709);
INSERT INTO ORDER_ITEMS (ORDER_ID,ITEM_ID,PRODUCT_ID,QUANTITY,UNIT_PRICE) VALUES (88,1,278,139,67799);
INSERT INTO ORDER_ITEMS (ORDER_ID,ITEM_ID,PRODUCT_ID,QUANTITY,UNIT_PRICE) VALUES (89,1,247,45,33999);
INSERT INTO ORDER_ITEMS (ORDER_ID,ITEM_ID,PRODUCT_ID,QUANTITY,UNIT_PRICE) VALUES (90,1,65,84,119999);
INSERT INTO ORDER_ITEMS (ORDER_ID,ITEM_ID,PRODUCT_ID,QUANTITY,UNIT_PRICE) VALUES (91,1,122,89,72299);
INSERT INTO ORDER_ITEMS (ORDER_ID,ITEM_ID,PRODUCT_ID,QUANTITY,UNIT_PRICE) VALUES (92,1,208,114,119999);
INSERT INTO ORDER_ITEMS (ORDER_ID,ITEM_ID,PRODUCT_ID,QUANTITY,UNIT_PRICE) VALUES (93,1,257,70,8495);
INSERT INTO ORDER_ITEMS (ORDER_ID,ITEM_ID,PRODUCT_ID,QUANTITY,UNIT_PRICE) VALUES (94,1,255,38,9099);
INSERT INTO ORDER_ITEMS (ORDER_ID,ITEM_ID,PRODUCT_ID,QUANTITY,UNIT_PRICE) VALUES (95,1,52,138,167698);
INSERT INTO ORDER_ITEMS (ORDER_ID,ITEM_ID,PRODUCT_ID,QUANTITY,UNIT_PRICE) VALUES (96,1,260,34,26799);
INSERT INTO ORDER_ITEMS (ORDER_ID,ITEM_ID,PRODUCT_ID,QUANTITY,UNIT_PRICE) VALUES (97,1,110,39,319297);
INSERT INTO ORDER_ITEMS (ORDER_ID,ITEM_ID,PRODUCT_ID,QUANTITY,UNIT_PRICE) VALUES (98,1,66,104,39999);
INSERT INTO ORDER_ITEMS (ORDER_ID,ITEM_ID,PRODUCT_ID,QUANTITY,UNIT_PRICE) VALUES (99,1,95,66,10999);
INSERT INTO ORDER_ITEMS (ORDER_ID,ITEM_ID,PRODUCT_ID,QUANTITY,UNIT_PRICE) VALUES (100,1,280,70,14988);
INSERT INTO ORDER_ITEMS (ORDER_ID,ITEM_ID,PRODUCT_ID,QUANTITY,UNIT_PRICE) VALUES (101,1,17,47,69901);
INSERT INTO ORDER_ITEMS (ORDER_ID,ITEM_ID,PRODUCT_ID,QUANTITY,UNIT_PRICE) VALUES (102,1,196,69,109999);
INSERT INTO ORDER_ITEMS (ORDER_ID,ITEM_ID,PRODUCT_ID,QUANTITY,UNIT_PRICE) VALUES (103,1,6,117,84999);
INSERT INTO ORDER_ITEMS (ORDER_ID,ITEM_ID,PRODUCT_ID,QUANTITY,UNIT_PRICE) VALUES (104,1,129,74,73499);
INSERT INTO ORDER_ITEMS (ORDER_ID,ITEM_ID,PRODUCT_ID,QUANTITY,UNIT_PRICE) VALUES (105,1,31,116,44372);
INSERT INTO ORDER_ITEMS (ORDER_ID,ITEM_ID,PRODUCT_ID,QUANTITY,UNIT_PRICE) VALUES (1,2,78,77,68699);
INSERT INTO ORDER_ITEMS (ORDER_ID,ITEM_ID,PRODUCT_ID,QUANTITY,UNIT_PRICE) VALUES (3,2,56,65,1699);
INSERT INTO ORDER_ITEMS (ORDER_ID,ITEM_ID,PRODUCT_ID,QUANTITY,UNIT_PRICE) VALUES (5,2,15,45,72599);
INSERT INTO ORDER_ITEMS (ORDER_ID,ITEM_ID,PRODUCT_ID,QUANTITY,UNIT_PRICE) VALUES (8,2,12,70,82498);
INSERT INTO ORDER_ITEMS (ORDER_ID,ITEM_ID,PRODUCT_ID,QUANTITY,UNIT_PRICE) VALUES (9,2,99,123,6806);
INSERT INTO ORDER_ITEMS (ORDER_ID,ITEM_ID,PRODUCT_ID,QUANTITY,UNIT_PRICE) VALUES (10,2,10,102,81199);
INSERT INTO ORDER_ITEMS (ORDER_ID,ITEM_ID,PRODUCT_ID,QUANTITY,UNIT_PRICE) VALUES (12,2,63,58,57296);
INSERT INTO ORDER_ITEMS (ORDER_ID,ITEM_ID,PRODUCT_ID,QUANTITY,UNIT_PRICE) VALUES (15,2,154,67,120498);
INSERT INTO ORDER_ITEMS (ORDER_ID,ITEM_ID,PRODUCT_ID,QUANTITY,UNIT_PRICE) VALUES (16,2,155,106,58895);
INSERT INTO ORDER_ITEMS (ORDER_ID,ITEM_ID,PRODUCT_ID,QUANTITY,UNIT_PRICE) VALUES (19,2,24,62,6689);
INSERT INTO ORDER_ITEMS (ORDER_ID,ITEM_ID,PRODUCT_ID,QUANTITY,UNIT_PRICE) VALUES (20,2,41,78,29989);
INSERT INTO ORDER_ITEMS (ORDER_ID,ITEM_ID,PRODUCT_ID,QUANTITY,UNIT_PRICE) VALUES (21,2,101,146,63599);
INSERT INTO ORDER_ITEMS (ORDER_ID,ITEM_ID,PRODUCT_ID,QUANTITY,UNIT_PRICE) VALUES (22,2,116,45,73199);
INSERT INTO ORDER_ITEMS (ORDER_ID,ITEM_ID,PRODUCT_ID,QUANTITY,UNIT_PRICE) VALUES (23,2,190,50,94899);
INSERT INTO ORDER_ITEMS (ORDER_ID,ITEM_ID,PRODUCT_ID,QUANTITY,UNIT_PRICE) VALUES (25,2,239,119,73999);
INSERT INTO ORDER_ITEMS (ORDER_ID,ITEM_ID,PRODUCT_ID,QUANTITY,UNIT_PRICE) VALUES (27,2,141,77,41999);
INSERT INTO ORDER_ITEMS (ORDER_ID,ITEM_ID,PRODUCT_ID,QUANTITY,UNIT_PRICE) VALUES (28,2,121,120,72199);
INSERT INTO ORDER_ITEMS (ORDER_ID,ITEM_ID,PRODUCT_ID,QUANTITY,UNIT_PRICE) VALUES (29,2,82,62,149989);
INSERT INTO ORDER_ITEMS (ORDER_ID,ITEM_ID,PRODUCT_ID,QUANTITY,UNIT_PRICE) VALUES (31,2,176,97,93949);
INSERT INTO ORDER_ITEMS (ORDER_ID,ITEM_ID,PRODUCT_ID,QUANTITY,UNIT_PRICE) VALUES (33,2,153,33,1249);
INSERT INTO ORDER_ITEMS (ORDER_ID,ITEM_ID,PRODUCT_ID,QUANTITY,UNIT_PRICE) VALUES (35,2,70,134,71099);
INSERT INTO ORDER_ITEMS (ORDER_ID,ITEM_ID,PRODUCT_ID,QUANTITY,UNIT_PRICE) VALUES (36,2,101,105,63599);
INSERT INTO ORDER_ITEMS (ORDER_ID,ITEM_ID,PRODUCT_ID,QUANTITY,UNIT_PRICE) VALUES (37,2,67,129,86305);
INSERT INTO ORDER_ITEMS (ORDER_ID,ITEM_ID,PRODUCT_ID,QUANTITY,UNIT_PRICE) VALUES (38,2,169,52,184489);
INSERT INTO ORDER_ITEMS (ORDER_ID,ITEM_ID,PRODUCT_ID,QUANTITY,UNIT_PRICE) VALUES (39,2,153,108,1249);
INSERT INTO ORDER_ITEMS (ORDER_ID,ITEM_ID,PRODUCT_ID,QUANTITY,UNIT_PRICE) VALUES (40,2,101,131,63599);
INSERT INTO ORDER_ITEMS (ORDER_ID,ITEM_ID,PRODUCT_ID,QUANTITY,UNIT_PRICE) VALUES (41,2,219,82,129973);
INSERT INTO ORDER_ITEMS (ORDER_ID,ITEM_ID,PRODUCT_ID,QUANTITY,UNIT_PRICE) VALUES (43,2,287,66,32999);
INSERT INTO ORDER_ITEMS (ORDER_ID,ITEM_ID,PRODUCT_ID,QUANTITY,UNIT_PRICE) VALUES (46,2,4,112,269999);
INSERT INTO ORDER_ITEMS (ORDER_ID,ITEM_ID,PRODUCT_ID,QUANTITY,UNIT_PRICE) VALUES (47,2,55,107,15099);
INSERT INTO ORDER_ITEMS (ORDER_ID,ITEM_ID,PRODUCT_ID,QUANTITY,UNIT_PRICE) VALUES (48,2,158,98,200946);
INSERT INTO ORDER_ITEMS (ORDER_ID,ITEM_ID,PRODUCT_ID,QUANTITY,UNIT_PRICE) VALUES (53,2,168,89,4399);
INSERT INTO ORDER_ITEMS (ORDER_ID,ITEM_ID,PRODUCT_ID,QUANTITY,UNIT_PRICE) VALUES (55,2,32,70,46999);
INSERT INTO ORDER_ITEMS (ORDER_ID,ITEM_ID,PRODUCT_ID,QUANTITY,UNIT_PRICE) VALUES (58,2,120,32,892);
INSERT INTO ORDER_ITEMS (ORDER_ID,ITEM_ID,PRODUCT_ID,QUANTITY,UNIT_PRICE) VALUES (59,2,166,34,163889);
INSERT INTO ORDER_ITEMS (ORDER_ID,ITEM_ID,PRODUCT_ID,QUANTITY,UNIT_PRICE) VALUES (60,2,13,138,70499);
INSERT INTO ORDER_ITEMS (ORDER_ID,ITEM_ID,PRODUCT_ID,QUANTITY,UNIT_PRICE) VALUES (61,2,56,75,1699);
INSERT INTO ORDER_ITEMS (ORDER_ID,ITEM_ID,PRODUCT_ID,QUANTITY,UNIT_PRICE) VALUES (63,2,54,47,101999);
INSERT INTO ORDER_ITEMS (ORDER_ID,ITEM_ID,PRODUCT_ID,QUANTITY,UNIT_PRICE) VALUES (65,2,113,83,70499);
INSERT INTO ORDER_ITEMS (ORDER_ID,ITEM_ID,PRODUCT_ID,QUANTITY,UNIT_PRICE) VALUES (66,2,218,40,138889);
INSERT INTO ORDER_ITEMS (ORDER_ID,ITEM_ID,PRODUCT_ID,QUANTITY,UNIT_PRICE) VALUES (67,2,144,121,28979);
INSERT INTO ORDER_ITEMS (ORDER_ID,ITEM_ID,PRODUCT_ID,QUANTITY,UNIT_PRICE) VALUES (68,2,248,42,277498);
INSERT INTO ORDER_ITEMS (ORDER_ID,ITEM_ID,PRODUCT_ID,QUANTITY,UNIT_PRICE) VALUES (69,2,71,66,660);
INSERT INTO ORDER_ITEMS (ORDER_ID,ITEM_ID,PRODUCT_ID,QUANTITY,UNIT_PRICE) VALUES (70,2,83,52,82999);
INSERT INTO ORDER_ITEMS (ORDER_ID,ITEM_ID,PRODUCT_ID,QUANTITY,UNIT_PRICE) VALUES (71,2,241,38,1756);
INSERT INTO ORDER_ITEMS (ORDER_ID,ITEM_ID,PRODUCT_ID,QUANTITY,UNIT_PRICE) VALUES (72,2,211,123,106499);
INSERT INTO ORDER_ITEMS (ORDER_ID,ITEM_ID,PRODUCT_ID,QUANTITY,UNIT_PRICE) VALUES (74,2,250,86,33899);
INSERT INTO ORDER_ITEMS (ORDER_ID,ITEM_ID,PRODUCT_ID,QUANTITY,UNIT_PRICE) VALUES (75,2,187,74,35398);
INSERT INTO ORDER_ITEMS (ORDER_ID,ITEM_ID,PRODUCT_ID,QUANTITY,UNIT_PRICE) VALUES (76,2,177,98,175999);
INSERT INTO ORDER_ITEMS (ORDER_ID,ITEM_ID,PRODUCT_ID,QUANTITY,UNIT_PRICE) VALUES (77,2,168,136,4399);
INSERT INTO ORDER_ITEMS (ORDER_ID,ITEM_ID,PRODUCT_ID,QUANTITY,UNIT_PRICE) VALUES (78,2,169,50,184489);
INSERT INTO ORDER_ITEMS (ORDER_ID,ITEM_ID,PRODUCT_ID,QUANTITY,UNIT_PRICE) VALUES (79,2,265,53,143199);
INSERT INTO ORDER_ITEMS (ORDER_ID,ITEM_ID,PRODUCT_ID,QUANTITY,UNIT_PRICE) VALUES (82,2,107,71,644);
INSERT INTO ORDER_ITEMS (ORDER_ID,ITEM_ID,PRODUCT_ID,QUANTITY,UNIT_PRICE) VALUES (83,2,196,54,109999);
INSERT INTO ORDER_ITEMS (ORDER_ID,ITEM_ID,PRODUCT_ID,QUANTITY,UNIT_PRICE) VALUES (84,2,199,137,64799);
INSERT INTO ORDER_ITEMS (ORDER_ID,ITEM_ID,PRODUCT_ID,QUANTITY,UNIT_PRICE) VALUES (85,2,230,35,13669);
INSERT INTO ORDER_ITEMS (ORDER_ID,ITEM_ID,PRODUCT_ID,QUANTITY,UNIT_PRICE) VALUES (86,2,156,47,39499);
INSERT INTO ORDER_ITEMS (ORDER_ID,ITEM_ID,PRODUCT_ID,QUANTITY,UNIT_PRICE) VALUES (87,2,233,96,5999);
INSERT INTO ORDER_ITEMS (ORDER_ID,ITEM_ID,PRODUCT_ID,QUANTITY,UNIT_PRICE) VALUES (88,2,11,106,201511);
INSERT INTO ORDER_ITEMS (ORDER_ID,ITEM_ID,PRODUCT_ID,QUANTITY,UNIT_PRICE) VALUES (89,2,102,84,204269);
INSERT INTO ORDER_ITEMS (ORDER_ID,ITEM_ID,PRODUCT_ID,QUANTITY,UNIT_PRICE) VALUES (90,2,64,60,52599);
INSERT INTO ORDER_ITEMS (ORDER_ID,ITEM_ID,PRODUCT_ID,QUANTITY,UNIT_PRICE) VALUES (91,2,220,127,75999);
INSERT INTO ORDER_ITEMS (ORDER_ID,ITEM_ID,PRODUCT_ID,QUANTITY,UNIT_PRICE) VALUES (92,2,34,126,41798);
INSERT INTO ORDER_ITEMS (ORDER_ID,ITEM_ID,PRODUCT_ID,QUANTITY,UNIT_PRICE) VALUES (94,2,186,146,144998);
INSERT INTO ORDER_ITEMS (ORDER_ID,ITEM_ID,PRODUCT_ID,QUANTITY,UNIT_PRICE) VALUES (95,2,143,64,40299);
INSERT INTO ORDER_ITEMS (ORDER_ID,ITEM_ID,PRODUCT_ID,QUANTITY,UNIT_PRICE) VALUES (97,2,207,82,325499);
INSERT INTO ORDER_ITEMS (ORDER_ID,ITEM_ID,PRODUCT_ID,QUANTITY,UNIT_PRICE) VALUES (101,2,113,134,70499);
INSERT INTO ORDER_ITEMS (ORDER_ID,ITEM_ID,PRODUCT_ID,QUANTITY,UNIT_PRICE) VALUES (104,2,171,90,38298);
INSERT INTO ORDER_ITEMS (ORDER_ID,ITEM_ID,PRODUCT_ID,QUANTITY,UNIT_PRICE) VALUES (105,2,242,67,175199);
INSERT INTO ORDER_ITEMS (ORDER_ID,ITEM_ID,PRODUCT_ID,QUANTITY,UNIT_PRICE) VALUES (1,3,64,52,52599);
INSERT INTO ORDER_ITEMS (ORDER_ID,ITEM_ID,PRODUCT_ID,QUANTITY,UNIT_PRICE) VALUES (8,3,71,87,660);
INSERT INTO ORDER_ITEMS (ORDER_ID,ITEM_ID,PRODUCT_ID,QUANTITY,UNIT_PRICE) VALUES (9,3,265,90,143199);
INSERT INTO ORDER_ITEMS (ORDER_ID,ITEM_ID,PRODUCT_ID,QUANTITY,UNIT_PRICE) VALUES (12,3,42,75,29989);
INSERT INTO ORDER_ITEMS (ORDER_ID,ITEM_ID,PRODUCT_ID,QUANTITY,UNIT_PRICE) VALUES (15,3,246,133,34399);
INSERT INTO ORDER_ITEMS (ORDER_ID,ITEM_ID,PRODUCT_ID,QUANTITY,UNIT_PRICE) VALUES (16,3,235,56,4199);
INSERT INTO ORDER_ITEMS (ORDER_ID,ITEM_ID,PRODUCT_ID,QUANTITY,UNIT_PRICE) VALUES (19,3,23,142,8989);
INSERT INTO ORDER_ITEMS (ORDER_ID,ITEM_ID,PRODUCT_ID,QUANTITY,UNIT_PRICE) VALUES (22,3,24,77,6689);
INSERT INTO ORDER_ITEMS (ORDER_ID,ITEM_ID,PRODUCT_ID,QUANTITY,UNIT_PRICE) VALUES (25,3,29,65,64599);
INSERT INTO ORDER_ITEMS (ORDER_ID,ITEM_ID,PRODUCT_ID,QUANTITY,UNIT_PRICE) VALUES (27,3,68,96,76611);
INSERT INTO ORDER_ITEMS (ORDER_ID,ITEM_ID,PRODUCT_ID,QUANTITY,UNIT_PRICE) VALUES (28,3,41,56,29989);
INSERT INTO ORDER_ITEMS (ORDER_ID,ITEM_ID,PRODUCT_ID,QUANTITY,UNIT_PRICE) VALUES (29,3,268,118,4788);
INSERT INTO ORDER_ITEMS (ORDER_ID,ITEM_ID,PRODUCT_ID,QUANTITY,UNIT_PRICE) VALUES (36,3,100,102,9788);
INSERT INTO ORDER_ITEMS (ORDER_ID,ITEM_ID,PRODUCT_ID,QUANTITY,UNIT_PRICE) VALUES (38,3,264,89,8899);
INSERT INTO ORDER_ITEMS (ORDER_ID,ITEM_ID,PRODUCT_ID,QUANTITY,UNIT_PRICE) VALUES (39,3,109,33,71399);
INSERT INTO ORDER_ITEMS (ORDER_ID,ITEM_ID,PRODUCT_ID,QUANTITY,UNIT_PRICE) VALUES (40,3,250,131,33899);
INSERT INTO ORDER_ITEMS (ORDER_ID,ITEM_ID,PRODUCT_ID,QUANTITY,UNIT_PRICE) VALUES (41,3,69,86,67875);
INSERT INTO ORDER_ITEMS (ORDER_ID,ITEM_ID,PRODUCT_ID,QUANTITY,UNIT_PRICE) VALUES (43,3,110,94,319297);
INSERT INTO ORDER_ITEMS (ORDER_ID,ITEM_ID,PRODUCT_ID,QUANTITY,UNIT_PRICE) VALUES (46,3,187,86,35398);
INSERT INTO ORDER_ITEMS (ORDER_ID,ITEM_ID,PRODUCT_ID,QUANTITY,UNIT_PRICE) VALUES (47,3,65,99,119999);
INSERT INTO ORDER_ITEMS (ORDER_ID,ITEM_ID,PRODUCT_ID,QUANTITY,UNIT_PRICE) VALUES (57,2,177,110,175999);
INSERT INTO ORDER_ITEMS (ORDER_ID,ITEM_ID,PRODUCT_ID,QUANTITY,UNIT_PRICE) VALUES (58,3,113,73,70499);
INSERT INTO ORDER_ITEMS (ORDER_ID,ITEM_ID,PRODUCT_ID,QUANTITY,UNIT_PRICE) VALUES (59,3,118,105,69989);
INSERT INTO ORDER_ITEMS (ORDER_ID,ITEM_ID,PRODUCT_ID,QUANTITY,UNIT_PRICE) VALUES (60,3,272,144,107399);
INSERT INTO ORDER_ITEMS (ORDER_ID,ITEM_ID,PRODUCT_ID,QUANTITY,UNIT_PRICE) VALUES (61,3,146,59,28398);
INSERT INTO ORDER_ITEMS (ORDER_ID,ITEM_ID,PRODUCT_ID,QUANTITY,UNIT_PRICE) VALUES (65,3,116,35,73199);
INSERT INTO ORDER_ITEMS (ORDER_ID,ITEM_ID,PRODUCT_ID,QUANTITY,UNIT_PRICE) VALUES (66,3,286,35,234);
INSERT INTO ORDER_ITEMS (ORDER_ID,ITEM_ID,PRODUCT_ID,QUANTITY,UNIT_PRICE) VALUES (67,3,167,94,101046);
INSERT INTO ORDER_ITEMS (ORDER_ID,ITEM_ID,PRODUCT_ID,QUANTITY,UNIT_PRICE) VALUES (68,3,183,50,89999);
INSERT INTO ORDER_ITEMS (ORDER_ID,ITEM_ID,PRODUCT_ID,QUANTITY,UNIT_PRICE) VALUES (69,3,253,112,57999);
INSERT INTO ORDER_ITEMS (ORDER_ID,ITEM_ID,PRODUCT_ID,QUANTITY,UNIT_PRICE) VALUES (71,3,195,75,105599);
INSERT INTO ORDER_ITEMS (ORDER_ID,ITEM_ID,PRODUCT_ID,QUANTITY,UNIT_PRICE) VALUES (72,3,273,145,44364);
INSERT INTO ORDER_ITEMS (ORDER_ID,ITEM_ID,PRODUCT_ID,QUANTITY,UNIT_PRICE) VALUES (75,3,33,143,5265);
INSERT INTO ORDER_ITEMS (ORDER_ID,ITEM_ID,PRODUCT_ID,QUANTITY,UNIT_PRICE) VALUES (76,3,163,134,189999);
INSERT INTO ORDER_ITEMS (ORDER_ID,ITEM_ID,PRODUCT_ID,QUANTITY,UNIT_PRICE) VALUES (77,3,218,143,138889);
INSERT INTO ORDER_ITEMS (ORDER_ID,ITEM_ID,PRODUCT_ID,QUANTITY,UNIT_PRICE) VALUES (78,3,125,119,76899);
INSERT INTO ORDER_ITEMS (ORDER_ID,ITEM_ID,PRODUCT_ID,QUANTITY,UNIT_PRICE) VALUES (83,3,116,76,73199);
INSERT INTO ORDER_ITEMS (ORDER_ID,ITEM_ID,PRODUCT_ID,QUANTITY,UNIT_PRICE) VALUES (86,3,287,45,32999);
INSERT INTO ORDER_ITEMS (ORDER_ID,ITEM_ID,PRODUCT_ID,QUANTITY,UNIT_PRICE) VALUES (87,3,130,119,11745);
INSERT INTO ORDER_ITEMS (ORDER_ID,ITEM_ID,PRODUCT_ID,QUANTITY,UNIT_PRICE) VALUES (89,3,224,89,34999);
INSERT INTO ORDER_ITEMS (ORDER_ID,ITEM_ID,PRODUCT_ID,QUANTITY,UNIT_PRICE) VALUES (91,3,266,83,141899);
INSERT INTO ORDER_ITEMS (ORDER_ID,ITEM_ID,PRODUCT_ID,QUANTITY,UNIT_PRICE) VALUES (97,3,270,61,76999);
INSERT INTO ORDER_ITEMS (ORDER_ID,ITEM_ID,PRODUCT_ID,QUANTITY,UNIT_PRICE) VALUES (101,3,135,134,12788);
INSERT INTO ORDER_ITEMS (ORDER_ID,ITEM_ID,PRODUCT_ID,QUANTITY,UNIT_PRICE) VALUES (104,3,45,48,250169);
INSERT INTO ORDER_ITEMS (ORDER_ID,ITEM_ID,PRODUCT_ID,QUANTITY,UNIT_PRICE) VALUES (105,3,275,45,39999);
INSERT INTO ORDER_ITEMS (ORDER_ID,ITEM_ID,PRODUCT_ID,QUANTITY,UNIT_PRICE) VALUES (1,4,210,87,102999);
INSERT INTO ORDER_ITEMS (ORDER_ID,ITEM_ID,PRODUCT_ID,QUANTITY,UNIT_PRICE) VALUES (8,4,25,40,10488);
INSERT INTO ORDER_ITEMS (ORDER_ID,ITEM_ID,PRODUCT_ID,QUANTITY,UNIT_PRICE) VALUES (9,4,288,62,31999);
INSERT INTO ORDER_ITEMS (ORDER_ID,ITEM_ID,PRODUCT_ID,QUANTITY,UNIT_PRICE) VALUES (12,4,144,70,28979);
INSERT INTO ORDER_ITEMS (ORDER_ID,ITEM_ID,PRODUCT_ID,QUANTITY,UNIT_PRICE) VALUES (13,2,85,82,127499);
INSERT INTO ORDER_ITEMS (ORDER_ID,ITEM_ID,PRODUCT_ID,QUANTITY,UNIT_PRICE) VALUES (14,2,206,133,4139);
INSERT INTO ORDER_ITEMS (ORDER_ID,ITEM_ID,PRODUCT_ID,QUANTITY,UNIT_PRICE) VALUES (16,4,95,42,10999);
INSERT INTO ORDER_ITEMS (ORDER_ID,ITEM_ID,PRODUCT_ID,QUANTITY,UNIT_PRICE) VALUES (18,2,226,57,30985);
INSERT INTO ORDER_ITEMS (ORDER_ID,ITEM_ID,PRODUCT_ID,QUANTITY,UNIT_PRICE) VALUES (22,4,288,44,31999);
INSERT INTO ORDER_ITEMS (ORDER_ID,ITEM_ID,PRODUCT_ID,QUANTITY,UNIT_PRICE) VALUES (24,2,227,61,305);
INSERT INTO ORDER_ITEMS (ORDER_ID,ITEM_ID,PRODUCT_ID,QUANTITY,UNIT_PRICE) VALUES (25,4,209,80,119999);
INSERT INTO ORDER_ITEMS (ORDER_ID,ITEM_ID,PRODUCT_ID,QUANTITY,UNIT_PRICE) VALUES (26,2,186,92,144998);
INSERT INTO ORDER_ITEMS (ORDER_ID,ITEM_ID,PRODUCT_ID,QUANTITY,UNIT_PRICE) VALUES (27,4,263,95,8999);
INSERT INTO ORDER_ITEMS (ORDER_ID,ITEM_ID,PRODUCT_ID,QUANTITY,UNIT_PRICE) VALUES (28,4,208,139,119999);
INSERT INTO ORDER_ITEMS (ORDER_ID,ITEM_ID,PRODUCT_ID,QUANTITY,UNIT_PRICE) VALUES (29,4,141,32,41999);
INSERT INTO ORDER_ITEMS (ORDER_ID,ITEM_ID,PRODUCT_ID,QUANTITY,UNIT_PRICE) VALUES (30,2,200,137,62095);
INSERT INTO ORDER_ITEMS (ORDER_ID,ITEM_ID,PRODUCT_ID,QUANTITY,UNIT_PRICE) VALUES (33,3,217,67,40198);
INSERT INTO ORDER_ITEMS (ORDER_ID,ITEM_ID,PRODUCT_ID,QUANTITY,UNIT_PRICE) VALUES (36,4,10,72,81199);
INSERT INTO ORDER_ITEMS (ORDER_ID,ITEM_ID,PRODUCT_ID,QUANTITY,UNIT_PRICE) VALUES (38,4,61,59,4873);
INSERT INTO ORDER_ITEMS (ORDER_ID,ITEM_ID,PRODUCT_ID,QUANTITY,UNIT_PRICE) VALUES (40,4,230,80,13669);
INSERT INTO ORDER_ITEMS (ORDER_ID,ITEM_ID,PRODUCT_ID,QUANTITY,UNIT_PRICE) VALUES (41,4,258,49,5798);
INSERT INTO ORDER_ITEMS (ORDER_ID,ITEM_ID,PRODUCT_ID,QUANTITY,UNIT_PRICE) VALUES (43,4,105,86,279999);
INSERT INTO ORDER_ITEMS (ORDER_ID,ITEM_ID,PRODUCT_ID,QUANTITY,UNIT_PRICE) VALUES (44,2,215,148,82989);
INSERT INTO ORDER_ITEMS (ORDER_ID,ITEM_ID,PRODUCT_ID,QUANTITY,UNIT_PRICE) VALUES (46,4,264,104,8899);
INSERT INTO ORDER_ITEMS (ORDER_ID,ITEM_ID,PRODUCT_ID,QUANTITY,UNIT_PRICE) VALUES (57,3,238,122,74178);
INSERT INTO ORDER_ITEMS (ORDER_ID,ITEM_ID,PRODUCT_ID,QUANTITY,UNIT_PRICE) VALUES (58,4,186,70,144998);
INSERT INTO ORDER_ITEMS (ORDER_ID,ITEM_ID,PRODUCT_ID,QUANTITY,UNIT_PRICE) VALUES (59,4,47,138,237709);
INSERT INTO ORDER_ITEMS (ORDER_ID,ITEM_ID,PRODUCT_ID,QUANTITY,UNIT_PRICE) VALUES (60,4,92,125,2200);
INSERT INTO ORDER_ITEMS (ORDER_ID,ITEM_ID,PRODUCT_ID,QUANTITY,UNIT_PRICE) VALUES (61,4,34,71,41798);
INSERT INTO ORDER_ITEMS (ORDER_ID,ITEM_ID,PRODUCT_ID,QUANTITY,UNIT_PRICE) VALUES (67,4,109,117,71399);
INSERT INTO ORDER_ITEMS (ORDER_ID,ITEM_ID,PRODUCT_ID,QUANTITY,UNIT_PRICE) VALUES (68,4,163,125,189999);
INSERT INTO ORDER_ITEMS (ORDER_ID,ITEM_ID,PRODUCT_ID,QUANTITY,UNIT_PRICE) VALUES (73,2,35,130,131499);
INSERT INTO ORDER_ITEMS (ORDER_ID,ITEM_ID,PRODUCT_ID,QUANTITY,UNIT_PRICE) VALUES (75,4,142,115,299889);
INSERT INTO ORDER_ITEMS (ORDER_ID,ITEM_ID,PRODUCT_ID,QUANTITY,UNIT_PRICE) VALUES (76,4,272,56,107399);
INSERT INTO ORDER_ITEMS (ORDER_ID,ITEM_ID,PRODUCT_ID,QUANTITY,UNIT_PRICE) VALUES (77,4,2,99,255499);
INSERT INTO ORDER_ITEMS (ORDER_ID,ITEM_ID,PRODUCT_ID,QUANTITY,UNIT_PRICE) VALUES (78,4,200,87,62095);
INSERT INTO ORDER_ITEMS (ORDER_ID,ITEM_ID,PRODUCT_ID,QUANTITY,UNIT_PRICE) VALUES (79,3,204,138,68699);
INSERT INTO ORDER_ITEMS (ORDER_ID,ITEM_ID,PRODUCT_ID,QUANTITY,UNIT_PRICE) VALUES (83,4,261,106,150499);
INSERT INTO ORDER_ITEMS (ORDER_ID,ITEM_ID,PRODUCT_ID,QUANTITY,UNIT_PRICE) VALUES (86,4,121,76,72199);
INSERT INTO ORDER_ITEMS (ORDER_ID,ITEM_ID,PRODUCT_ID,QUANTITY,UNIT_PRICE) VALUES (89,4,253,126,57999);
INSERT INTO ORDER_ITEMS (ORDER_ID,ITEM_ID,PRODUCT_ID,QUANTITY,UNIT_PRICE) VALUES (90,3,134,106,29572);
INSERT INTO ORDER_ITEMS (ORDER_ID,ITEM_ID,PRODUCT_ID,QUANTITY,UNIT_PRICE) VALUES (91,4,194,75,39742);
INSERT INTO ORDER_ITEMS (ORDER_ID,ITEM_ID,PRODUCT_ID,QUANTITY,UNIT_PRICE) VALUES (94,3,218,86,138889);
INSERT INTO ORDER_ITEMS (ORDER_ID,ITEM_ID,PRODUCT_ID,QUANTITY,UNIT_PRICE) VALUES (105,4,138,80,64599);
INSERT INTO ORDER_ITEMS (ORDER_ID,ITEM_ID,PRODUCT_ID,QUANTITY,UNIT_PRICE) VALUES (1,5,138,131,64599);
INSERT INTO ORDER_ITEMS (ORDER_ID,ITEM_ID,PRODUCT_ID,QUANTITY,UNIT_PRICE) VALUES (2,2,265,121,143199);
INSERT INTO ORDER_ITEMS (ORDER_ID,ITEM_ID,PRODUCT_ID,QUANTITY,UNIT_PRICE) VALUES (3,3,28,63,47999);
INSERT INTO ORDER_ITEMS (ORDER_ID,ITEM_ID,PRODUCT_ID,QUANTITY,UNIT_PRICE) VALUES (5,3,216,82,86398);
INSERT INTO ORDER_ITEMS (ORDER_ID,ITEM_ID,PRODUCT_ID,QUANTITY,UNIT_PRICE) VALUES (6,2,138,41,64599);
INSERT INTO ORDER_ITEMS (ORDER_ID,ITEM_ID,PRODUCT_ID,QUANTITY,UNIT_PRICE) VALUES (8,5,284,118,5499);
INSERT INTO ORDER_ITEMS (ORDER_ID,ITEM_ID,PRODUCT_ID,QUANTITY,UNIT_PRICE) VALUES (12,5,208,133,119999);
INSERT INTO ORDER_ITEMS (ORDER_ID,ITEM_ID,PRODUCT_ID,QUANTITY,UNIT_PRICE) VALUES (13,3,240,80,180597);
INSERT INTO ORDER_ITEMS (ORDER_ID,ITEM_ID,PRODUCT_ID,QUANTITY,UNIT_PRICE) VALUES (15,4,239,71,73999);
INSERT INTO ORDER_ITEMS (ORDER_ID,ITEM_ID,PRODUCT_ID,QUANTITY,UNIT_PRICE) VALUES (19,4,259,46,8072);
INSERT INTO ORDER_ITEMS (ORDER_ID,ITEM_ID,PRODUCT_ID,QUANTITY,UNIT_PRICE) VALUES (21,3,250,120,33899);
INSERT INTO ORDER_ITEMS (ORDER_ID,ITEM_ID,PRODUCT_ID,QUANTITY,UNIT_PRICE) VALUES (22,5,160,59,190873);
INSERT INTO ORDER_ITEMS (ORDER_ID,ITEM_ID,PRODUCT_ID,QUANTITY,UNIT_PRICE) VALUES (23,3,210,80,102999);
INSERT INTO ORDER_ITEMS (ORDER_ID,ITEM_ID,PRODUCT_ID,QUANTITY,UNIT_PRICE) VALUES (24,3,47,51,237709);
INSERT INTO ORDER_ITEMS (ORDER_ID,ITEM_ID,PRODUCT_ID,QUANTITY,UNIT_PRICE) VALUES (25,5,235,45,4199);
INSERT INTO ORDER_ITEMS (ORDER_ID,ITEM_ID,PRODUCT_ID,QUANTITY,UNIT_PRICE) VALUES (27,5,118,122,69989);
INSERT INTO ORDER_ITEMS (ORDER_ID,ITEM_ID,PRODUCT_ID,QUANTITY,UNIT_PRICE) VALUES (28,5,27,99,80074);
INSERT INTO ORDER_ITEMS (ORDER_ID,ITEM_ID,PRODUCT_ID,QUANTITY,UNIT_PRICE) VALUES (29,5,258,137,5798);
INSERT INTO ORDER_ITEMS (ORDER_ID,ITEM_ID,PRODUCT_ID,QUANTITY,UNIT_PRICE) VALUES (30,3,260,37,26799);
INSERT INTO ORDER_ITEMS (ORDER_ID,ITEM_ID,PRODUCT_ID,QUANTITY,UNIT_PRICE) VALUES (32,2,142,130,299889);
INSERT INTO ORDER_ITEMS (ORDER_ID,ITEM_ID,PRODUCT_ID,QUANTITY,UNIT_PRICE) VALUES (35,3,211,87,106499);
INSERT INTO ORDER_ITEMS (ORDER_ID,ITEM_ID,PRODUCT_ID,QUANTITY,UNIT_PRICE) VALUES (38,5,209,149,119999);
INSERT INTO ORDER_ITEMS (ORDER_ID,ITEM_ID,PRODUCT_ID,QUANTITY,UNIT_PRICE) VALUES (40,5,98,149,206499);
INSERT INTO ORDER_ITEMS (ORDER_ID,ITEM_ID,PRODUCT_ID,QUANTITY,UNIT_PRICE) VALUES (41,5,179,83,31267);
INSERT INTO ORDER_ITEMS (ORDER_ID,ITEM_ID,PRODUCT_ID,QUANTITY,UNIT_PRICE) VALUES (46,5,181,94,99999);
INSERT INTO ORDER_ITEMS (ORDER_ID,ITEM_ID,PRODUCT_ID,QUANTITY,UNIT_PRICE) VALUES (55,3,260,79,26799);
INSERT INTO ORDER_ITEMS (ORDER_ID,ITEM_ID,PRODUCT_ID,QUANTITY,UNIT_PRICE) VALUES (57,4,164,114,1850);
INSERT INTO ORDER_ITEMS (ORDER_ID,ITEM_ID,PRODUCT_ID,QUANTITY,UNIT_PRICE) VALUES (58,5,62,143,78979);
INSERT INTO ORDER_ITEMS (ORDER_ID,ITEM_ID,PRODUCT_ID,QUANTITY,UNIT_PRICE) VALUES (59,5,203,117,67138);
INSERT INTO ORDER_ITEMS (ORDER_ID,ITEM_ID,PRODUCT_ID,QUANTITY,UNIT_PRICE) VALUES (60,5,278,114,67799);
INSERT INTO ORDER_ITEMS (ORDER_ID,ITEM_ID,PRODUCT_ID,QUANTITY,UNIT_PRICE) VALUES (67,5,80,129,56489);
INSERT INTO ORDER_ITEMS (ORDER_ID,ITEM_ID,PRODUCT_ID,QUANTITY,UNIT_PRICE) VALUES (68,5,108,150,84999);
INSERT INTO ORDER_ITEMS (ORDER_ID,ITEM_ID,PRODUCT_ID,QUANTITY,UNIT_PRICE) VALUES (69,4,82,58,149989);
INSERT INTO ORDER_ITEMS (ORDER_ID,ITEM_ID,PRODUCT_ID,QUANTITY,UNIT_PRICE) VALUES (74,3,242,61,175199);
INSERT INTO ORDER_ITEMS (ORDER_ID,ITEM_ID,PRODUCT_ID,QUANTITY,UNIT_PRICE) VALUES (75,5,192,37,51999);
INSERT INTO ORDER_ITEMS (ORDER_ID,ITEM_ID,PRODUCT_ID,QUANTITY,UNIT_PRICE) VALUES (76,5,89,133,74999);
INSERT INTO ORDER_ITEMS (ORDER_ID,ITEM_ID,PRODUCT_ID,QUANTITY,UNIT_PRICE) VALUES (78,5,181,37,99999);
INSERT INTO ORDER_ITEMS (ORDER_ID,ITEM_ID,PRODUCT_ID,QUANTITY,UNIT_PRICE) VALUES (82,3,254,121,11999);
INSERT INTO ORDER_ITEMS (ORDER_ID,ITEM_ID,PRODUCT_ID,QUANTITY,UNIT_PRICE) VALUES (89,5,44,55,4937);
INSERT INTO ORDER_ITEMS (ORDER_ID,ITEM_ID,PRODUCT_ID,QUANTITY,UNIT_PRICE) VALUES (91,5,272,111,107399);
INSERT INTO ORDER_ITEMS (ORDER_ID,ITEM_ID,PRODUCT_ID,QUANTITY,UNIT_PRICE) VALUES (94,4,80,133,56489);
INSERT INTO ORDER_ITEMS (ORDER_ID,ITEM_ID,PRODUCT_ID,QUANTITY,UNIT_PRICE) VALUES (1,6,126,95,64099);
INSERT INTO ORDER_ITEMS (ORDER_ID,ITEM_ID,PRODUCT_ID,QUANTITY,UNIT_PRICE) VALUES (2,3,195,39,105599);
INSERT INTO ORDER_ITEMS (ORDER_ID,ITEM_ID,PRODUCT_ID,QUANTITY,UNIT_PRICE) VALUES (3,4,64,46,52599);
INSERT INTO ORDER_ITEMS (ORDER_ID,ITEM_ID,PRODUCT_ID,QUANTITY,UNIT_PRICE) VALUES (5,4,31,77,44372);
INSERT INTO ORDER_ITEMS (ORDER_ID,ITEM_ID,PRODUCT_ID,QUANTITY,UNIT_PRICE) VALUES (12,6,236,114,74532);
INSERT INTO ORDER_ITEMS (ORDER_ID,ITEM_ID,PRODUCT_ID,QUANTITY,UNIT_PRICE) VALUES (13,4,30,60,6452);
INSERT INTO ORDER_ITEMS (ORDER_ID,ITEM_ID,PRODUCT_ID,QUANTITY,UNIT_PRICE) VALUES (14,3,231,87,44999);
INSERT INTO ORDER_ITEMS (ORDER_ID,ITEM_ID,PRODUCT_ID,QUANTITY,UNIT_PRICE) VALUES (15,5,230,92,13669);
INSERT INTO ORDER_ITEMS (ORDER_ID,ITEM_ID,PRODUCT_ID,QUANTITY,UNIT_PRICE) VALUES (18,3,93,83,211672);
INSERT INTO ORDER_ITEMS (ORDER_ID,ITEM_ID,PRODUCT_ID,QUANTITY,UNIT_PRICE) VALUES (19,5,107,106,644);
INSERT INTO ORDER_ITEMS (ORDER_ID,ITEM_ID,PRODUCT_ID,QUANTITY,UNIT_PRICE) VALUES (22,6,56,43,1699);
INSERT INTO ORDER_ITEMS (ORDER_ID,ITEM_ID,PRODUCT_ID,QUANTITY,UNIT_PRICE) VALUES (23,4,116,74,73199);
INSERT INTO ORDER_ITEMS (ORDER_ID,ITEM_ID,PRODUCT_ID,QUANTITY,UNIT_PRICE) VALUES (25,6,28,85,47999);
INSERT INTO ORDER_ITEMS (ORDER_ID,ITEM_ID,PRODUCT_ID,QUANTITY,UNIT_PRICE) VALUES (27,6,29,133,64599);
INSERT INTO ORDER_ITEMS (ORDER_ID,ITEM_ID,PRODUCT_ID,QUANTITY,UNIT_PRICE) VALUES (29,6,30,75,6452);
INSERT INTO ORDER_ITEMS (ORDER_ID,ITEM_ID,PRODUCT_ID,QUANTITY,UNIT_PRICE) VALUES (30,4,237,50,74498);
INSERT INTO ORDER_ITEMS (ORDER_ID,ITEM_ID,PRODUCT_ID,QUANTITY,UNIT_PRICE) VALUES (31,3,191,147,57399);
INSERT INTO ORDER_ITEMS (ORDER_ID,ITEM_ID,PRODUCT_ID,QUANTITY,UNIT_PRICE) VALUES (38,6,278,76,67799);
INSERT INTO ORDER_ITEMS (ORDER_ID,ITEM_ID,PRODUCT_ID,QUANTITY,UNIT_PRICE) VALUES (39,4,53,128,100398);
INSERT INTO ORDER_ITEMS (ORDER_ID,ITEM_ID,PRODUCT_ID,QUANTITY,UNIT_PRICE) VALUES (40,6,273,82,44364);
INSERT INTO ORDER_ITEMS (ORDER_ID,ITEM_ID,PRODUCT_ID,QUANTITY,UNIT_PRICE) VALUES (41,6,287,112,32999);
INSERT INTO ORDER_ITEMS (ORDER_ID,ITEM_ID,PRODUCT_ID,QUANTITY,UNIT_PRICE) VALUES (46,6,60,80,5999);
INSERT INTO ORDER_ITEMS (ORDER_ID,ITEM_ID,PRODUCT_ID,QUANTITY,UNIT_PRICE) VALUES (47,4,33,98,5265);
INSERT INTO ORDER_ITEMS (ORDER_ID,ITEM_ID,PRODUCT_ID,QUANTITY,UNIT_PRICE) VALUES (58,6,213,77,146996);
INSERT INTO ORDER_ITEMS (ORDER_ID,ITEM_ID,PRODUCT_ID,QUANTITY,UNIT_PRICE) VALUES (59,6,154,126,120498);
INSERT INTO ORDER_ITEMS (ORDER_ID,ITEM_ID,PRODUCT_ID,QUANTITY,UNIT_PRICE) VALUES (65,4,248,42,277498);
INSERT INTO ORDER_ITEMS (ORDER_ID,ITEM_ID,PRODUCT_ID,QUANTITY,UNIT_PRICE) VALUES (66,4,103,88,80999);
INSERT INTO ORDER_ITEMS (ORDER_ID,ITEM_ID,PRODUCT_ID,QUANTITY,UNIT_PRICE) VALUES (68,6,13,141,70499);
INSERT INTO ORDER_ITEMS (ORDER_ID,ITEM_ID,PRODUCT_ID,QUANTITY,UNIT_PRICE) VALUES (69,5,278,71,67799);
INSERT INTO ORDER_ITEMS (ORDER_ID,ITEM_ID,PRODUCT_ID,QUANTITY,UNIT_PRICE) VALUES (70,3,102,84,204269);
INSERT INTO ORDER_ITEMS (ORDER_ID,ITEM_ID,PRODUCT_ID,QUANTITY,UNIT_PRICE) VALUES (74,4,106,82,60895);
INSERT INTO ORDER_ITEMS (ORDER_ID,ITEM_ID,PRODUCT_ID,QUANTITY,UNIT_PRICE) VALUES (75,6,95,81,10999);
INSERT INTO ORDER_ITEMS (ORDER_ID,ITEM_ID,PRODUCT_ID,QUANTITY,UNIT_PRICE) VALUES (76,6,167,46,101046);
INSERT INTO ORDER_ITEMS (ORDER_ID,ITEM_ID,PRODUCT_ID,QUANTITY,UNIT_PRICE) VALUES (78,6,206,145,4139);
INSERT INTO ORDER_ITEMS (ORDER_ID,ITEM_ID,PRODUCT_ID,QUANTITY,UNIT_PRICE) VALUES (81,2,241,134,1756);
INSERT INTO ORDER_ITEMS (ORDER_ID,ITEM_ID,PRODUCT_ID,QUANTITY,UNIT_PRICE) VALUES (82,4,157,113,38899);
INSERT INTO ORDER_ITEMS (ORDER_ID,ITEM_ID,PRODUCT_ID,QUANTITY,UNIT_PRICE) VALUES (87,4,127,59,71999);
INSERT INTO ORDER_ITEMS (ORDER_ID,ITEM_ID,PRODUCT_ID,QUANTITY,UNIT_PRICE) VALUES (89,6,122,140,72299);
INSERT INTO ORDER_ITEMS (ORDER_ID,ITEM_ID,PRODUCT_ID,QUANTITY,UNIT_PRICE) VALUES (91,6,123,37,317744);
INSERT INTO ORDER_ITEMS (ORDER_ID,ITEM_ID,PRODUCT_ID,QUANTITY,UNIT_PRICE) VALUES (92,3,65,132,119999);
INSERT INTO ORDER_ITEMS (ORDER_ID,ITEM_ID,PRODUCT_ID,QUANTITY,UNIT_PRICE) VALUES (95,3,271,69,54959);
INSERT INTO ORDER_ITEMS (ORDER_ID,ITEM_ID,PRODUCT_ID,QUANTITY,UNIT_PRICE) VALUES (99,2,118,37,69989);
INSERT INTO ORDER_ITEMS (ORDER_ID,ITEM_ID,PRODUCT_ID,QUANTITY,UNIT_PRICE) VALUES (1,7,30,41,6452);
INSERT INTO ORDER_ITEMS (ORDER_ID,ITEM_ID,PRODUCT_ID,QUANTITY,UNIT_PRICE) VALUES (2,4,18,49,799);
INSERT INTO ORDER_ITEMS (ORDER_ID,ITEM_ID,PRODUCT_ID,QUANTITY,UNIT_PRICE) VALUES (3,5,107,112,644);
INSERT INTO ORDER_ITEMS (ORDER_ID,ITEM_ID,PRODUCT_ID,QUANTITY,UNIT_PRICE) VALUES (4,2,137,75,46999);
INSERT INTO ORDER_ITEMS (ORDER_ID,ITEM_ID,PRODUCT_ID,QUANTITY,UNIT_PRICE) VALUES (5,5,31,78,44372);
INSERT INTO ORDER_ITEMS (ORDER_ID,ITEM_ID,PRODUCT_ID,QUANTITY,UNIT_PRICE) VALUES (9,5,145,58,287);
INSERT INTO ORDER_ITEMS (ORDER_ID,ITEM_ID,PRODUCT_ID,QUANTITY,UNIT_PRICE) VALUES (10,3,182,83,94989);
INSERT INTO ORDER_ITEMS (ORDER_ID,ITEM_ID,PRODUCT_ID,QUANTITY,UNIT_PRICE) VALUES (12,7,141,110,41999);
INSERT INTO ORDER_ITEMS (ORDER_ID,ITEM_ID,PRODUCT_ID,QUANTITY,UNIT_PRICE) VALUES (13,5,167,89,101046);
INSERT INTO ORDER_ITEMS (ORDER_ID,ITEM_ID,PRODUCT_ID,QUANTITY,UNIT_PRICE) VALUES (15,6,253,83,57999);
INSERT INTO ORDER_ITEMS (ORDER_ID,ITEM_ID,PRODUCT_ID,QUANTITY,UNIT_PRICE) VALUES (19,6,103,105,80999);
INSERT INTO ORDER_ITEMS (ORDER_ID,ITEM_ID,PRODUCT_ID,QUANTITY,UNIT_PRICE) VALUES (22,7,17,60,69901);
INSERT INTO ORDER_ITEMS (ORDER_ID,ITEM_ID,PRODUCT_ID,QUANTITY,UNIT_PRICE) VALUES (23,5,5,59,229079);
INSERT INTO ORDER_ITEMS (ORDER_ID,ITEM_ID,PRODUCT_ID,QUANTITY,UNIT_PRICE) VALUES (26,3,279,71,131899);
INSERT INTO ORDER_ITEMS (ORDER_ID,ITEM_ID,PRODUCT_ID,QUANTITY,UNIT_PRICE) VALUES (27,7,155,51,58895);
INSERT INTO ORDER_ITEMS (ORDER_ID,ITEM_ID,PRODUCT_ID,QUANTITY,UNIT_PRICE) VALUES (29,7,166,103,163889);
INSERT INTO ORDER_ITEMS (ORDER_ID,ITEM_ID,PRODUCT_ID,QUANTITY,UNIT_PRICE) VALUES (30,5,43,68,29898);
INSERT INTO ORDER_ITEMS (ORDER_ID,ITEM_ID,PRODUCT_ID,QUANTITY,UNIT_PRICE) VALUES (31,4,226,34,30985);
INSERT INTO ORDER_ITEMS (ORDER_ID,ITEM_ID,PRODUCT_ID,QUANTITY,UNIT_PRICE) VALUES (34,2,131,113,27999);
INSERT INTO ORDER_ITEMS (ORDER_ID,ITEM_ID,PRODUCT_ID,QUANTITY,UNIT_PRICE) VALUES (38,7,49,139,149999);
INSERT INTO ORDER_ITEMS (ORDER_ID,ITEM_ID,PRODUCT_ID,QUANTITY,UNIT_PRICE) VALUES (39,5,38,144,119999);
INSERT INTO ORDER_ITEMS (ORDER_ID,ITEM_ID,PRODUCT_ID,QUANTITY,UNIT_PRICE) VALUES (40,7,258,99,5798);
INSERT INTO ORDER_ITEMS (ORDER_ID,ITEM_ID,PRODUCT_ID,QUANTITY,UNIT_PRICE) VALUES (41,7,25,101,10488);
INSERT INTO ORDER_ITEMS (ORDER_ID,ITEM_ID,PRODUCT_ID,QUANTITY,UNIT_PRICE) VALUES (42,2,10,147,81199);
INSERT INTO ORDER_ITEMS (ORDER_ID,ITEM_ID,PRODUCT_ID,QUANTITY,UNIT_PRICE) VALUES (44,3,271,37,54959);
INSERT INTO ORDER_ITEMS (ORDER_ID,ITEM_ID,PRODUCT_ID,QUANTITY,UNIT_PRICE) VALUES (46,7,155,114,58895);
INSERT INTO ORDER_ITEMS (ORDER_ID,ITEM_ID,PRODUCT_ID,QUANTITY,UNIT_PRICE) VALUES (47,5,149,123,28298);
INSERT INTO ORDER_ITEMS (ORDER_ID,ITEM_ID,PRODUCT_ID,QUANTITY,UNIT_PRICE) VALUES (59,7,152,82,28098);
INSERT INTO ORDER_ITEMS (ORDER_ID,ITEM_ID,PRODUCT_ID,QUANTITY,UNIT_PRICE) VALUES (61,5,15,32,72599);
INSERT INTO ORDER_ITEMS (ORDER_ID,ITEM_ID,PRODUCT_ID,QUANTITY,UNIT_PRICE) VALUES (66,5,174,66,79826);
INSERT INTO ORDER_ITEMS (ORDER_ID,ITEM_ID,PRODUCT_ID,QUANTITY,UNIT_PRICE) VALUES (67,6,108,82,84999);
INSERT INTO ORDER_ITEMS (ORDER_ID,ITEM_ID,PRODUCT_ID,QUANTITY,UNIT_PRICE) VALUES (70,4,82,139,149989);
INSERT INTO ORDER_ITEMS (ORDER_ID,ITEM_ID,PRODUCT_ID,QUANTITY,UNIT_PRICE) VALUES (74,5,3,101,79999);
INSERT INTO ORDER_ITEMS (ORDER_ID,ITEM_ID,PRODUCT_ID,QUANTITY,UNIT_PRICE) VALUES (75,7,106,74,60895);
INSERT INTO ORDER_ITEMS (ORDER_ID,ITEM_ID,PRODUCT_ID,QUANTITY,UNIT_PRICE) VALUES (76,7,196,125,109999);
INSERT INTO ORDER_ITEMS (ORDER_ID,ITEM_ID,PRODUCT_ID,QUANTITY,UNIT_PRICE) VALUES (79,4,63,146,57296);
INSERT INTO ORDER_ITEMS (ORDER_ID,ITEM_ID,PRODUCT_ID,QUANTITY,UNIT_PRICE) VALUES (81,3,69,104,67875);
INSERT INTO ORDER_ITEMS (ORDER_ID,ITEM_ID,PRODUCT_ID,QUANTITY,UNIT_PRICE) VALUES (82,5,48,59,12185);
INSERT INTO ORDER_ITEMS (ORDER_ID,ITEM_ID,PRODUCT_ID,QUANTITY,UNIT_PRICE) VALUES (83,5,101,122,63599);
INSERT INTO ORDER_ITEMS (ORDER_ID,ITEM_ID,PRODUCT_ID,QUANTITY,UNIT_PRICE) VALUES (84,3,269,147,75999);
INSERT INTO ORDER_ITEMS (ORDER_ID,ITEM_ID,PRODUCT_ID,QUANTITY,UNIT_PRICE) VALUES (87,5,265,74,143199);
INSERT INTO ORDER_ITEMS (ORDER_ID,ITEM_ID,PRODUCT_ID,QUANTITY,UNIT_PRICE) VALUES (90,4,93,146,211672);
INSERT INTO ORDER_ITEMS (ORDER_ID,ITEM_ID,PRODUCT_ID,QUANTITY,UNIT_PRICE) VALUES (91,7,118,113,69989);
INSERT INTO ORDER_ITEMS (ORDER_ID,ITEM_ID,PRODUCT_ID,QUANTITY,UNIT_PRICE) VALUES (92,4,110,111,319297);
INSERT INTO ORDER_ITEMS (ORDER_ID,ITEM_ID,PRODUCT_ID,QUANTITY,UNIT_PRICE) VALUES (95,4,86,123,80498);
INSERT INTO ORDER_ITEMS (ORDER_ID,ITEM_ID,PRODUCT_ID,QUANTITY,UNIT_PRICE) VALUES (97,4,33,67,5265);
INSERT INTO ORDER_ITEMS (ORDER_ID,ITEM_ID,PRODUCT_ID,QUANTITY,UNIT_PRICE) VALUES (99,3,84,98,4403);
INSERT INTO ORDER_ITEMS (ORDER_ID,ITEM_ID,PRODUCT_ID,QUANTITY,UNIT_PRICE) VALUES (101,4,284,52,5499);
INSERT INTO ORDER_ITEMS (ORDER_ID,ITEM_ID,PRODUCT_ID,QUANTITY,UNIT_PRICE) VALUES (102,2,95,117,10999);
INSERT INTO ORDER_ITEMS (ORDER_ID,ITEM_ID,PRODUCT_ID,QUANTITY,UNIT_PRICE) VALUES (103,2,258,142,5798);
INSERT INTO ORDER_ITEMS (ORDER_ID,ITEM_ID,PRODUCT_ID,QUANTITY,UNIT_PRICE) VALUES (1,8,170,129,38398);
INSERT INTO ORDER_ITEMS (ORDER_ID,ITEM_ID,PRODUCT_ID,QUANTITY,UNIT_PRICE) VALUES (2,5,160,30,190873);
INSERT INTO ORDER_ITEMS (ORDER_ID,ITEM_ID,PRODUCT_ID,QUANTITY,UNIT_PRICE) VALUES (3,6,36,81,129999);
INSERT INTO ORDER_ITEMS (ORDER_ID,ITEM_ID,PRODUCT_ID,QUANTITY,UNIT_PRICE) VALUES (4,3,7,140,68099);
INSERT INTO ORDER_ITEMS (ORDER_ID,ITEM_ID,PRODUCT_ID,QUANTITY,UNIT_PRICE) VALUES (8,6,127,34,71999);
INSERT INTO ORDER_ITEMS (ORDER_ID,ITEM_ID,PRODUCT_ID,QUANTITY,UNIT_PRICE) VALUES (9,6,14,48,70499);
INSERT INTO ORDER_ITEMS (ORDER_ID,ITEM_ID,PRODUCT_ID,QUANTITY,UNIT_PRICE) VALUES (10,4,172,133,35849);
INSERT INTO ORDER_ITEMS (ORDER_ID,ITEM_ID,PRODUCT_ID,QUANTITY,UNIT_PRICE) VALUES (12,8,256,85,2699);
INSERT INTO ORDER_ITEMS (ORDER_ID,ITEM_ID,PRODUCT_ID,QUANTITY,UNIT_PRICE) VALUES (13,6,1,127,64099);
INSERT INTO ORDER_ITEMS (ORDER_ID,ITEM_ID,PRODUCT_ID,QUANTITY,UNIT_PRICE) VALUES (16,5,45,80,250169);
INSERT INTO ORDER_ITEMS (ORDER_ID,ITEM_ID,PRODUCT_ID,QUANTITY,UNIT_PRICE) VALUES (19,7,30,94,6452);
INSERT INTO ORDER_ITEMS (ORDER_ID,ITEM_ID,PRODUCT_ID,QUANTITY,UNIT_PRICE) VALUES (21,4,1,135,64099);
INSERT INTO ORDER_ITEMS (ORDER_ID,ITEM_ID,PRODUCT_ID,QUANTITY,UNIT_PRICE) VALUES (22,8,222,99,75498);
INSERT INTO ORDER_ITEMS (ORDER_ID,ITEM_ID,PRODUCT_ID,QUANTITY,UNIT_PRICE) VALUES (23,6,169,40,184489);
INSERT INTO ORDER_ITEMS (ORDER_ID,ITEM_ID,PRODUCT_ID,QUANTITY,UNIT_PRICE) VALUES (27,8,71,127,660);
INSERT INTO ORDER_ITEMS (ORDER_ID,ITEM_ID,PRODUCT_ID,QUANTITY,UNIT_PRICE) VALUES (29,8,10,81,81199);
INSERT INTO ORDER_ITEMS (ORDER_ID,ITEM_ID,PRODUCT_ID,QUANTITY,UNIT_PRICE) VALUES (31,5,79,56,65999);
INSERT INTO ORDER_ITEMS (ORDER_ID,ITEM_ID,PRODUCT_ID,QUANTITY,UNIT_PRICE) VALUES (32,3,73,134,799);
INSERT INTO ORDER_ITEMS (ORDER_ID,ITEM_ID,PRODUCT_ID,QUANTITY,UNIT_PRICE) VALUES (34,3,39,100,30199);
INSERT INTO ORDER_ITEMS (ORDER_ID,ITEM_ID,PRODUCT_ID,QUANTITY,UNIT_PRICE) VALUES (36,5,255,143,9099);
INSERT INTO ORDER_ITEMS (ORDER_ID,ITEM_ID,PRODUCT_ID,QUANTITY,UNIT_PRICE) VALUES (37,3,147,100,28398);
INSERT INTO ORDER_ITEMS (ORDER_ID,ITEM_ID,PRODUCT_ID,QUANTITY,UNIT_PRICE) VALUES (39,6,20,112,71999);
INSERT INTO ORDER_ITEMS (ORDER_ID,ITEM_ID,PRODUCT_ID,QUANTITY,UNIT_PRICE) VALUES (40,8,31,30,44372);
INSERT INTO ORDER_ITEMS (ORDER_ID,ITEM_ID,PRODUCT_ID,QUANTITY,UNIT_PRICE) VALUES (42,3,249,76,266072);
INSERT INTO ORDER_ITEMS (ORDER_ID,ITEM_ID,PRODUCT_ID,QUANTITY,UNIT_PRICE) VALUES (44,4,158,100,200946);
INSERT INTO ORDER_ITEMS (ORDER_ID,ITEM_ID,PRODUCT_ID,QUANTITY,UNIT_PRICE) VALUES (46,8,123,116,317744);
INSERT INTO ORDER_ITEMS (ORDER_ID,ITEM_ID,PRODUCT_ID,QUANTITY,UNIT_PRICE) VALUES (54,2,4,136,269999);
INSERT INTO ORDER_ITEMS (ORDER_ID,ITEM_ID,PRODUCT_ID,QUANTITY,UNIT_PRICE) VALUES (58,7,108,49,84999);
INSERT INTO ORDER_ITEMS (ORDER_ID,ITEM_ID,PRODUCT_ID,QUANTITY,UNIT_PRICE) VALUES (61,6,5,50,229079);
INSERT INTO ORDER_ITEMS (ORDER_ID,ITEM_ID,PRODUCT_ID,QUANTITY,UNIT_PRICE) VALUES (67,7,78,124,68699);
INSERT INTO ORDER_ITEMS (ORDER_ID,ITEM_ID,PRODUCT_ID,QUANTITY,UNIT_PRICE) VALUES (70,5,124,106,59499);
INSERT INTO ORDER_ITEMS (ORDER_ID,ITEM_ID,PRODUCT_ID,QUANTITY,UNIT_PRICE) VALUES (73,3,31,102,44372);
INSERT INTO ORDER_ITEMS (ORDER_ID,ITEM_ID,PRODUCT_ID,QUANTITY,UNIT_PRICE) VALUES (75,8,24,82,6689);
INSERT INTO ORDER_ITEMS (ORDER_ID,ITEM_ID,PRODUCT_ID,QUANTITY,UNIT_PRICE) VALUES (81,4,49,83,149999);
INSERT INTO ORDER_ITEMS (ORDER_ID,ITEM_ID,PRODUCT_ID,QUANTITY,UNIT_PRICE) VALUES (82,6,180,56,27999);
INSERT INTO ORDER_ITEMS (ORDER_ID,ITEM_ID,PRODUCT_ID,QUANTITY,UNIT_PRICE) VALUES (83,6,233,86,5999);
INSERT INTO ORDER_ITEMS (ORDER_ID,ITEM_ID,PRODUCT_ID,QUANTITY,UNIT_PRICE) VALUES (84,4,95,36,10999);
INSERT INTO ORDER_ITEMS (ORDER_ID,ITEM_ID,PRODUCT_ID,QUANTITY,UNIT_PRICE) VALUES (87,6,174,84,79826);
INSERT INTO ORDER_ITEMS (ORDER_ID,ITEM_ID,PRODUCT_ID,QUANTITY,UNIT_PRICE) VALUES (90,5,73,129,799);
INSERT INTO ORDER_ITEMS (ORDER_ID,ITEM_ID,PRODUCT_ID,QUANTITY,UNIT_PRICE) VALUES (91,8,196,102,109999);
INSERT INTO ORDER_ITEMS (ORDER_ID,ITEM_ID,PRODUCT_ID,QUANTITY,UNIT_PRICE) VALUES (95,5,107,76,644);
INSERT INTO ORDER_ITEMS (ORDER_ID,ITEM_ID,PRODUCT_ID,QUANTITY,UNIT_PRICE) VALUES (97,5,99,48,6806);
INSERT INTO ORDER_ITEMS (ORDER_ID,ITEM_ID,PRODUCT_ID,QUANTITY,UNIT_PRICE) VALUES (98,2,48,44,12185);
INSERT INTO ORDER_ITEMS (ORDER_ID,ITEM_ID,PRODUCT_ID,QUANTITY,UNIT_PRICE) VALUES (99,4,36,71,129999);
INSERT INTO ORDER_ITEMS (ORDER_ID,ITEM_ID,PRODUCT_ID,QUANTITY,UNIT_PRICE) VALUES (101,5,150,36,28198);
INSERT INTO ORDER_ITEMS (ORDER_ID,ITEM_ID,PRODUCT_ID,QUANTITY,UNIT_PRICE) VALUES (104,4,48,51,12185);
INSERT INTO ORDER_ITEMS (ORDER_ID,ITEM_ID,PRODUCT_ID,QUANTITY,UNIT_PRICE) VALUES (105,5,103,77,80999);
INSERT INTO ORDER_ITEMS (ORDER_ID,ITEM_ID,PRODUCT_ID,QUANTITY,UNIT_PRICE) VALUES (1,9,196,139,109999);
INSERT INTO ORDER_ITEMS (ORDER_ID,ITEM_ID,PRODUCT_ID,QUANTITY,UNIT_PRICE) VALUES (2,6,182,95,94989);
INSERT INTO ORDER_ITEMS (ORDER_ID,ITEM_ID,PRODUCT_ID,QUANTITY,UNIT_PRICE) VALUES (3,7,125,73,76899);
INSERT INTO ORDER_ITEMS (ORDER_ID,ITEM_ID,PRODUCT_ID,QUANTITY,UNIT_PRICE) VALUES (4,4,287,60,32999);
INSERT INTO ORDER_ITEMS (ORDER_ID,ITEM_ID,PRODUCT_ID,QUANTITY,UNIT_PRICE) VALUES (7,2,230,49,13669);
INSERT INTO ORDER_ITEMS (ORDER_ID,ITEM_ID,PRODUCT_ID,QUANTITY,UNIT_PRICE) VALUES (8,7,16,135,88989);
INSERT INTO ORDER_ITEMS (ORDER_ID,ITEM_ID,PRODUCT_ID,QUANTITY,UNIT_PRICE) VALUES (9,7,124,117,59499);
INSERT INTO ORDER_ITEMS (ORDER_ID,ITEM_ID,PRODUCT_ID,QUANTITY,UNIT_PRICE) VALUES (10,5,218,68,138889);
INSERT INTO ORDER_ITEMS (ORDER_ID,ITEM_ID,PRODUCT_ID,QUANTITY,UNIT_PRICE) VALUES (11,2,40,79,29989);
INSERT INTO ORDER_ITEMS (ORDER_ID,ITEM_ID,PRODUCT_ID,QUANTITY,UNIT_PRICE) VALUES (12,9,282,117,80499);
INSERT INTO ORDER_ITEMS (ORDER_ID,ITEM_ID,PRODUCT_ID,QUANTITY,UNIT_PRICE) VALUES (13,7,39,67,30199);
INSERT INTO ORDER_ITEMS (ORDER_ID,ITEM_ID,PRODUCT_ID,QUANTITY,UNIT_PRICE) VALUES (14,4,114,40,82061);
INSERT INTO ORDER_ITEMS (ORDER_ID,ITEM_ID,PRODUCT_ID,QUANTITY,UNIT_PRICE) VALUES (16,6,131,53,27999);
INSERT INTO ORDER_ITEMS (ORDER_ID,ITEM_ID,PRODUCT_ID,QUANTITY,UNIT_PRICE) VALUES (18,4,91,141,225999);
INSERT INTO ORDER_ITEMS (ORDER_ID,ITEM_ID,PRODUCT_ID,QUANTITY,UNIT_PRICE) VALUES (22,9,8,89,60199);
INSERT INTO ORDER_ITEMS (ORDER_ID,ITEM_ID,PRODUCT_ID,QUANTITY,UNIT_PRICE) VALUES (23,7,286,36,234);
INSERT INTO ORDER_ITEMS (ORDER_ID,ITEM_ID,PRODUCT_ID,QUANTITY,UNIT_PRICE) VALUES (24,4,24,59,6689);
INSERT INTO ORDER_ITEMS (ORDER_ID,ITEM_ID,PRODUCT_ID,QUANTITY,UNIT_PRICE) VALUES (27,9,93,132,211672);
INSERT INTO ORDER_ITEMS (ORDER_ID,ITEM_ID,PRODUCT_ID,QUANTITY,UNIT_PRICE) VALUES (28,6,210,120,102999);
INSERT INTO ORDER_ITEMS (ORDER_ID,ITEM_ID,PRODUCT_ID,QUANTITY,UNIT_PRICE) VALUES (29,9,233,71,5999);
INSERT INTO ORDER_ITEMS (ORDER_ID,ITEM_ID,PRODUCT_ID,QUANTITY,UNIT_PRICE) VALUES (32,4,30,105,6452);
INSERT INTO ORDER_ITEMS (ORDER_ID,ITEM_ID,PRODUCT_ID,QUANTITY,UNIT_PRICE) VALUES (33,4,55,93,15099);
INSERT INTO ORDER_ITEMS (ORDER_ID,ITEM_ID,PRODUCT_ID,QUANTITY,UNIT_PRICE) VALUES (34,4,143,106,40299);
INSERT INTO ORDER_ITEMS (ORDER_ID,ITEM_ID,PRODUCT_ID,QUANTITY,UNIT_PRICE) VALUES (36,6,205,33,64999);
INSERT INTO ORDER_ITEMS (ORDER_ID,ITEM_ID,PRODUCT_ID,QUANTITY,UNIT_PRICE) VALUES (39,7,185,101,87398);
INSERT INTO ORDER_ITEMS (ORDER_ID,ITEM_ID,PRODUCT_ID,QUANTITY,UNIT_PRICE) VALUES (40,9,170,31,38398);
INSERT INTO ORDER_ITEMS (ORDER_ID,ITEM_ID,PRODUCT_ID,QUANTITY,UNIT_PRICE) VALUES (43,5,86,114,80498);
INSERT INTO ORDER_ITEMS (ORDER_ID,ITEM_ID,PRODUCT_ID,QUANTITY,UNIT_PRICE) VALUES (46,9,2,65,255499);
INSERT INTO ORDER_ITEMS (ORDER_ID,ITEM_ID,PRODUCT_ID,QUANTITY,UNIT_PRICE) VALUES (53,3,9,106,89999);
INSERT INTO ORDER_ITEMS (ORDER_ID,ITEM_ID,PRODUCT_ID,QUANTITY,UNIT_PRICE) VALUES (54,3,68,134,76611);
INSERT INTO ORDER_ITEMS (ORDER_ID,ITEM_ID,PRODUCT_ID,QUANTITY,UNIT_PRICE) VALUES (57,5,132,77,55499);
INSERT INTO ORDER_ITEMS (ORDER_ID,ITEM_ID,PRODUCT_ID,QUANTITY,UNIT_PRICE) VALUES (58,8,157,65,38899);
INSERT INTO ORDER_ITEMS (ORDER_ID,ITEM_ID,PRODUCT_ID,QUANTITY,UNIT_PRICE) VALUES (61,7,52,45,167698);
INSERT INTO ORDER_ITEMS (ORDER_ID,ITEM_ID,PRODUCT_ID,QUANTITY,UNIT_PRICE) VALUES (67,8,247,39,33999);
INSERT INTO ORDER_ITEMS (ORDER_ID,ITEM_ID,PRODUCT_ID,QUANTITY,UNIT_PRICE) VALUES (69,6,3,46,79999);
INSERT INTO ORDER_ITEMS (ORDER_ID,ITEM_ID,PRODUCT_ID,QUANTITY,UNIT_PRICE) VALUES (70,6,50,68,886799);
INSERT INTO ORDER_ITEMS (ORDER_ID,ITEM_ID,PRODUCT_ID,QUANTITY,UNIT_PRICE) VALUES (75,9,20,34,71999);
INSERT INTO ORDER_ITEMS (ORDER_ID,ITEM_ID,PRODUCT_ID,QUANTITY,UNIT_PRICE) VALUES (76,8,201,91,6535);
INSERT INTO ORDER_ITEMS (ORDER_ID,ITEM_ID,PRODUCT_ID,QUANTITY,UNIT_PRICE) VALUES (81,5,55,144,15099);
INSERT INTO ORDER_ITEMS (ORDER_ID,ITEM_ID,PRODUCT_ID,QUANTITY,UNIT_PRICE) VALUES (82,7,70,31,71099);
INSERT INTO ORDER_ITEMS (ORDER_ID,ITEM_ID,PRODUCT_ID,QUANTITY,UNIT_PRICE) VALUES (83,7,18,49,799);
INSERT INTO ORDER_ITEMS (ORDER_ID,ITEM_ID,PRODUCT_ID,QUANTITY,UNIT_PRICE) VALUES (84,5,87,119,75999);
INSERT INTO ORDER_ITEMS (ORDER_ID,ITEM_ID,PRODUCT_ID,QUANTITY,UNIT_PRICE) VALUES (87,7,7,66,68099);
INSERT INTO ORDER_ITEMS (ORDER_ID,ITEM_ID,PRODUCT_ID,QUANTITY,UNIT_PRICE) VALUES (89,7,76,109,62999);
INSERT INTO ORDER_ITEMS (ORDER_ID,ITEM_ID,PRODUCT_ID,QUANTITY,UNIT_PRICE) VALUES (90,6,185,147,87398);
INSERT INTO ORDER_ITEMS (ORDER_ID,ITEM_ID,PRODUCT_ID,QUANTITY,UNIT_PRICE) VALUES (94,5,181,143,99999);
INSERT INTO ORDER_ITEMS (ORDER_ID,ITEM_ID,PRODUCT_ID,QUANTITY,UNIT_PRICE) VALUES (95,6,71,135,660);
INSERT INTO ORDER_ITEMS (ORDER_ID,ITEM_ID,PRODUCT_ID,QUANTITY,UNIT_PRICE) VALUES (97,6,219,132,129973);
INSERT INTO ORDER_ITEMS (ORDER_ID,ITEM_ID,PRODUCT_ID,QUANTITY,UNIT_PRICE) VALUES (99,5,200,58,62095);
INSERT INTO ORDER_ITEMS (ORDER_ID,ITEM_ID,PRODUCT_ID,QUANTITY,UNIT_PRICE) VALUES (101,6,20,138,71999);
INSERT INTO ORDER_ITEMS (ORDER_ID,ITEM_ID,PRODUCT_ID,QUANTITY,UNIT_PRICE) VALUES (104,5,281,85,86498);
INSERT INTO ORDER_ITEMS (ORDER_ID,ITEM_ID,PRODUCT_ID,QUANTITY,UNIT_PRICE) VALUES (1,10,64,147,52599);
INSERT INTO ORDER_ITEMS (ORDER_ID,ITEM_ID,PRODUCT_ID,QUANTITY,UNIT_PRICE) VALUES (2,7,204,100,68699);
INSERT INTO ORDER_ITEMS (ORDER_ID,ITEM_ID,PRODUCT_ID,QUANTITY,UNIT_PRICE) VALUES (3,8,190,127,94899);
INSERT INTO ORDER_ITEMS (ORDER_ID,ITEM_ID,PRODUCT_ID,QUANTITY,UNIT_PRICE) VALUES (4,5,20,80,71999);
INSERT INTO ORDER_ITEMS (ORDER_ID,ITEM_ID,PRODUCT_ID,QUANTITY,UNIT_PRICE) VALUES (6,3,94,90,1555);
INSERT INTO ORDER_ITEMS (ORDER_ID,ITEM_ID,PRODUCT_ID,QUANTITY,UNIT_PRICE) VALUES (10,6,64,96,52599);
INSERT INTO ORDER_ITEMS (ORDER_ID,ITEM_ID,PRODUCT_ID,QUANTITY,UNIT_PRICE) VALUES (12,10,210,37,102999);
INSERT INTO ORDER_ITEMS (ORDER_ID,ITEM_ID,PRODUCT_ID,QUANTITY,UNIT_PRICE) VALUES (13,8,1,95,64099);
INSERT INTO ORDER_ITEMS (ORDER_ID,ITEM_ID,PRODUCT_ID,QUANTITY,UNIT_PRICE) VALUES (14,5,239,125,73999);
INSERT INTO ORDER_ITEMS (ORDER_ID,ITEM_ID,PRODUCT_ID,QUANTITY,UNIT_PRICE) VALUES (15,7,83,118,82999);
INSERT INTO ORDER_ITEMS (ORDER_ID,ITEM_ID,PRODUCT_ID,QUANTITY,UNIT_PRICE) VALUES (16,7,256,44,2699);
INSERT INTO ORDER_ITEMS (ORDER_ID,ITEM_ID,PRODUCT_ID,QUANTITY,UNIT_PRICE) VALUES (18,5,87,103,75999);
INSERT INTO ORDER_ITEMS (ORDER_ID,ITEM_ID,PRODUCT_ID,QUANTITY,UNIT_PRICE) VALUES (22,10,90,95,75999);
INSERT INTO ORDER_ITEMS (ORDER_ID,ITEM_ID,PRODUCT_ID,QUANTITY,UNIT_PRICE) VALUES (23,8,241,126,1756);
INSERT INTO ORDER_ITEMS (ORDER_ID,ITEM_ID,PRODUCT_ID,QUANTITY,UNIT_PRICE) VALUES (24,5,41,83,29989);
INSERT INTO ORDER_ITEMS (ORDER_ID,ITEM_ID,PRODUCT_ID,QUANTITY,UNIT_PRICE) VALUES (26,4,164,78,1850);
INSERT INTO ORDER_ITEMS (ORDER_ID,ITEM_ID,PRODUCT_ID,QUANTITY,UNIT_PRICE) VALUES (27,10,150,58,28198);
INSERT INTO ORDER_ITEMS (ORDER_ID,ITEM_ID,PRODUCT_ID,QUANTITY,UNIT_PRICE) VALUES (30,6,4,82,269999);
INSERT INTO ORDER_ITEMS (ORDER_ID,ITEM_ID,PRODUCT_ID,QUANTITY,UNIT_PRICE) VALUES (33,5,62,84,78979);
INSERT INTO ORDER_ITEMS (ORDER_ID,ITEM_ID,PRODUCT_ID,QUANTITY,UNIT_PRICE) VALUES (34,5,68,37,76611);
INSERT INTO ORDER_ITEMS (ORDER_ID,ITEM_ID,PRODUCT_ID,QUANTITY,UNIT_PRICE) VALUES (35,4,41,79,29989);
INSERT INTO ORDER_ITEMS (ORDER_ID,ITEM_ID,PRODUCT_ID,QUANTITY,UNIT_PRICE) VALUES (39,8,179,102,31267);
INSERT INTO ORDER_ITEMS (ORDER_ID,ITEM_ID,PRODUCT_ID,QUANTITY,UNIT_PRICE) VALUES (40,10,215,36,82989);
INSERT INTO ORDER_ITEMS (ORDER_ID,ITEM_ID,PRODUCT_ID,QUANTITY,UNIT_PRICE) VALUES (41,8,21,31,74999);
INSERT INTO ORDER_ITEMS (ORDER_ID,ITEM_ID,PRODUCT_ID,QUANTITY,UNIT_PRICE) VALUES (42,4,213,103,146996);
INSERT INTO ORDER_ITEMS (ORDER_ID,ITEM_ID,PRODUCT_ID,QUANTITY,UNIT_PRICE) VALUES (43,6,235,86,4199);
INSERT INTO ORDER_ITEMS (ORDER_ID,ITEM_ID,PRODUCT_ID,QUANTITY,UNIT_PRICE) VALUES (46,10,214,91,100979);
INSERT INTO ORDER_ITEMS (ORDER_ID,ITEM_ID,PRODUCT_ID,QUANTITY,UNIT_PRICE) VALUES (58,9,136,134,82699);
INSERT INTO ORDER_ITEMS (ORDER_ID,ITEM_ID,PRODUCT_ID,QUANTITY,UNIT_PRICE) VALUES (66,6,97,130,5987);
INSERT INTO ORDER_ITEMS (ORDER_ID,ITEM_ID,PRODUCT_ID,QUANTITY,UNIT_PRICE) VALUES (68,7,189,139,649);
INSERT INTO ORDER_ITEMS (ORDER_ID,ITEM_ID,PRODUCT_ID,QUANTITY,UNIT_PRICE) VALUES (69,7,79,49,65999);
INSERT INTO ORDER_ITEMS (ORDER_ID,ITEM_ID,PRODUCT_ID,QUANTITY,UNIT_PRICE) VALUES (81,6,65,61,119999);
INSERT INTO ORDER_ITEMS (ORDER_ID,ITEM_ID,PRODUCT_ID,QUANTITY,UNIT_PRICE) VALUES (82,8,213,56,146996);
INSERT INTO ORDER_ITEMS (ORDER_ID,ITEM_ID,PRODUCT_ID,QUANTITY,UNIT_PRICE) VALUES (87,8,257,110,8495);
INSERT INTO ORDER_ITEMS (ORDER_ID,ITEM_ID,PRODUCT_ID,QUANTITY,UNIT_PRICE) VALUES (89,8,151,127,28197);
INSERT INTO ORDER_ITEMS (ORDER_ID,ITEM_ID,PRODUCT_ID,QUANTITY,UNIT_PRICE) VALUES (90,7,250,125,33899);
INSERT INTO ORDER_ITEMS (ORDER_ID,ITEM_ID,PRODUCT_ID,QUANTITY,UNIT_PRICE) VALUES (92,5,114,112,82061);
INSERT INTO ORDER_ITEMS (ORDER_ID,ITEM_ID,PRODUCT_ID,QUANTITY,UNIT_PRICE) VALUES (93,2,169,46,184489);
INSERT INTO ORDER_ITEMS (ORDER_ID,ITEM_ID,PRODUCT_ID,QUANTITY,UNIT_PRICE) VALUES (94,6,4,111,269999);
INSERT INTO ORDER_ITEMS (ORDER_ID,ITEM_ID,PRODUCT_ID,QUANTITY,UNIT_PRICE) VALUES (99,6,1,43,64099);
INSERT INTO ORDER_ITEMS (ORDER_ID,ITEM_ID,PRODUCT_ID,QUANTITY,UNIT_PRICE) VALUES (101,7,102,123,204269);
INSERT INTO ORDER_ITEMS (ORDER_ID,ITEM_ID,PRODUCT_ID,QUANTITY,UNIT_PRICE) VALUES (1,11,169,105,184489);
INSERT INTO ORDER_ITEMS (ORDER_ID,ITEM_ID,PRODUCT_ID,QUANTITY,UNIT_PRICE) VALUES (2,8,141,97,41999);
INSERT INTO ORDER_ITEMS (ORDER_ID,ITEM_ID,PRODUCT_ID,QUANTITY,UNIT_PRICE) VALUES (4,6,159,96,199449);
INSERT INTO ORDER_ITEMS (ORDER_ID,ITEM_ID,PRODUCT_ID,QUANTITY,UNIT_PRICE) VALUES (6,4,258,145,5798);
INSERT INTO ORDER_ITEMS (ORDER_ID,ITEM_ID,PRODUCT_ID,QUANTITY,UNIT_PRICE) VALUES (10,7,127,52,71999);
INSERT INTO ORDER_ITEMS (ORDER_ID,ITEM_ID,PRODUCT_ID,QUANTITY,UNIT_PRICE) VALUES (12,11,169,114,184489);
INSERT INTO ORDER_ITEMS (ORDER_ID,ITEM_ID,PRODUCT_ID,QUANTITY,UNIT_PRICE) VALUES (13,9,225,137,50398);
INSERT INTO ORDER_ITEMS (ORDER_ID,ITEM_ID,PRODUCT_ID,QUANTITY,UNIT_PRICE) VALUES (14,6,188,79,48249);
INSERT INTO ORDER_ITEMS (ORDER_ID,ITEM_ID,PRODUCT_ID,QUANTITY,UNIT_PRICE) VALUES (15,8,241,77,1756);
INSERT INTO ORDER_ITEMS (ORDER_ID,ITEM_ID,PRODUCT_ID,QUANTITY,UNIT_PRICE) VALUES (16,8,138,142,64599);
INSERT INTO ORDER_ITEMS (ORDER_ID,ITEM_ID,PRODUCT_ID,QUANTITY,UNIT_PRICE) VALUES (18,6,259,60,8072);
INSERT INTO ORDER_ITEMS (ORDER_ID,ITEM_ID,PRODUCT_ID,QUANTITY,UNIT_PRICE) VALUES (19,8,91,130,225999);
INSERT INTO ORDER_ITEMS (ORDER_ID,ITEM_ID,PRODUCT_ID,QUANTITY,UNIT_PRICE) VALUES (22,11,234,144,15099);
INSERT INTO ORDER_ITEMS (ORDER_ID,ITEM_ID,PRODUCT_ID,QUANTITY,UNIT_PRICE) VALUES (23,9,14,86,70499);
INSERT INTO ORDER_ITEMS (ORDER_ID,ITEM_ID,PRODUCT_ID,QUANTITY,UNIT_PRICE) VALUES (24,6,276,99,116399);
INSERT INTO ORDER_ITEMS (ORDER_ID,ITEM_ID,PRODUCT_ID,QUANTITY,UNIT_PRICE) VALUES (26,5,151,36,28197);
INSERT INTO ORDER_ITEMS (ORDER_ID,ITEM_ID,PRODUCT_ID,QUANTITY,UNIT_PRICE) VALUES (27,11,116,67,73199);
INSERT INTO ORDER_ITEMS (ORDER_ID,ITEM_ID,PRODUCT_ID,QUANTITY,UNIT_PRICE) VALUES (30,7,155,64,58895);
INSERT INTO ORDER_ITEMS (ORDER_ID,ITEM_ID,PRODUCT_ID,QUANTITY,UNIT_PRICE) VALUES (33,6,190,70,94899);
INSERT INTO ORDER_ITEMS (ORDER_ID,ITEM_ID,PRODUCT_ID,QUANTITY,UNIT_PRICE) VALUES (42,5,252,85,49999);
INSERT INTO ORDER_ITEMS (ORDER_ID,ITEM_ID,PRODUCT_ID,QUANTITY,UNIT_PRICE) VALUES (43,7,1,57,64099);
INSERT INTO ORDER_ITEMS (ORDER_ID,ITEM_ID,PRODUCT_ID,QUANTITY,UNIT_PRICE) VALUES (45,2,66,126,39999);
INSERT INTO ORDER_ITEMS (ORDER_ID,ITEM_ID,PRODUCT_ID,QUANTITY,UNIT_PRICE) VALUES (58,10,163,31,189999);
INSERT INTO ORDER_ITEMS (ORDER_ID,ITEM_ID,PRODUCT_ID,QUANTITY,UNIT_PRICE) VALUES (60,6,51,79,226999);
INSERT INTO ORDER_ITEMS (ORDER_ID,ITEM_ID,PRODUCT_ID,QUANTITY,UNIT_PRICE) VALUES (65,5,119,141,89999);
INSERT INTO ORDER_ITEMS (ORDER_ID,ITEM_ID,PRODUCT_ID,QUANTITY,UNIT_PRICE) VALUES (66,7,49,78,149999);
INSERT INTO ORDER_ITEMS (ORDER_ID,ITEM_ID,PRODUCT_ID,QUANTITY,UNIT_PRICE) VALUES (68,8,204,56,68699);
INSERT INTO ORDER_ITEMS (ORDER_ID,ITEM_ID,PRODUCT_ID,QUANTITY,UNIT_PRICE) VALUES (87,9,121,142,72199);
INSERT INTO ORDER_ITEMS (ORDER_ID,ITEM_ID,PRODUCT_ID,QUANTITY,UNIT_PRICE) VALUES (91,9,43,44,29898);
INSERT INTO ORDER_ITEMS (ORDER_ID,ITEM_ID,PRODUCT_ID,QUANTITY,UNIT_PRICE) VALUES (92,6,164,91,1850);
INSERT INTO ORDER_ITEMS (ORDER_ID,ITEM_ID,PRODUCT_ID,QUANTITY,UNIT_PRICE) VALUES (93,3,251,30,33781);
INSERT INTO ORDER_ITEMS (ORDER_ID,ITEM_ID,PRODUCT_ID,QUANTITY,UNIT_PRICE) VALUES (94,7,172,37,35849);
INSERT INTO ORDER_ITEMS (ORDER_ID,ITEM_ID,PRODUCT_ID,QUANTITY,UNIT_PRICE) VALUES (99,7,201,31,6535);
INSERT INTO ORDER_ITEMS (ORDER_ID,ITEM_ID,PRODUCT_ID,QUANTITY,UNIT_PRICE) VALUES (1,12,226,103,30985);
INSERT INTO ORDER_ITEMS (ORDER_ID,ITEM_ID,PRODUCT_ID,QUANTITY,UNIT_PRICE) VALUES (6,5,11,74,201511);
INSERT INTO ORDER_ITEMS (ORDER_ID,ITEM_ID,PRODUCT_ID,QUANTITY,UNIT_PRICE) VALUES (10,8,18,124,799);
INSERT INTO ORDER_ITEMS (ORDER_ID,ITEM_ID,PRODUCT_ID,QUANTITY,UNIT_PRICE) VALUES (12,12,96,120,14156);
INSERT INTO ORDER_ITEMS (ORDER_ID,ITEM_ID,PRODUCT_ID,QUANTITY,UNIT_PRICE) VALUES (13,10,245,138,1699);
INSERT INTO ORDER_ITEMS (ORDER_ID,ITEM_ID,PRODUCT_ID,QUANTITY,UNIT_PRICE) VALUES (14,7,113,32,70499);
INSERT INTO ORDER_ITEMS (ORDER_ID,ITEM_ID,PRODUCT_ID,QUANTITY,UNIT_PRICE) VALUES (18,7,188,133,48249);
INSERT INTO ORDER_ITEMS (ORDER_ID,ITEM_ID,PRODUCT_ID,QUANTITY,UNIT_PRICE) VALUES (19,9,63,83,57296);
INSERT INTO ORDER_ITEMS (ORDER_ID,ITEM_ID,PRODUCT_ID,QUANTITY,UNIT_PRICE) VALUES (22,12,108,45,84999);
INSERT INTO ORDER_ITEMS (ORDER_ID,ITEM_ID,PRODUCT_ID,QUANTITY,UNIT_PRICE) VALUES (23,10,187,110,35398);
INSERT INTO ORDER_ITEMS (ORDER_ID,ITEM_ID,PRODUCT_ID,QUANTITY,UNIT_PRICE) VALUES (25,7,135,132,12788);
INSERT INTO ORDER_ITEMS (ORDER_ID,ITEM_ID,PRODUCT_ID,QUANTITY,UNIT_PRICE) VALUES (27,12,92,105,2200);
INSERT INTO ORDER_ITEMS (ORDER_ID,ITEM_ID,PRODUCT_ID,QUANTITY,UNIT_PRICE) VALUES (28,7,54,131,101999);
INSERT INTO ORDER_ITEMS (ORDER_ID,ITEM_ID,PRODUCT_ID,QUANTITY,UNIT_PRICE) VALUES (29,10,76,62,62999);
INSERT INTO ORDER_ITEMS (ORDER_ID,ITEM_ID,PRODUCT_ID,QUANTITY,UNIT_PRICE) VALUES (32,5,85,148,127499);
INSERT INTO ORDER_ITEMS (ORDER_ID,ITEM_ID,PRODUCT_ID,QUANTITY,UNIT_PRICE) VALUES (33,7,18,41,799);
INSERT INTO ORDER_ITEMS (ORDER_ID,ITEM_ID,PRODUCT_ID,QUANTITY,UNIT_PRICE) VALUES (36,7,152,45,28098);
INSERT INTO ORDER_ITEMS (ORDER_ID,ITEM_ID,PRODUCT_ID,QUANTITY,UNIT_PRICE) VALUES (42,6,78,47,68699);
INSERT INTO ORDER_ITEMS (ORDER_ID,ITEM_ID,PRODUCT_ID,QUANTITY,UNIT_PRICE) VALUES (43,8,169,73,184489);
INSERT INTO ORDER_ITEMS (ORDER_ID,ITEM_ID,PRODUCT_ID,QUANTITY,UNIT_PRICE) VALUES (45,3,68,88,76611);
INSERT INTO ORDER_ITEMS (ORDER_ID,ITEM_ID,PRODUCT_ID,QUANTITY,UNIT_PRICE) VALUES (57,6,164,44,1850);
INSERT INTO ORDER_ITEMS (ORDER_ID,ITEM_ID,PRODUCT_ID,QUANTITY,UNIT_PRICE) VALUES (58,11,152,51,28098);
INSERT INTO ORDER_ITEMS (ORDER_ID,ITEM_ID,PRODUCT_ID,QUANTITY,UNIT_PRICE) VALUES (59,8,287,96,32999);
INSERT INTO ORDER_ITEMS (ORDER_ID,ITEM_ID,PRODUCT_ID,QUANTITY,UNIT_PRICE) VALUES (60,7,189,146,649);
INSERT INTO ORDER_ITEMS (ORDER_ID,ITEM_ID,PRODUCT_ID,QUANTITY,UNIT_PRICE) VALUES (66,8,75,122,62404);
INSERT INTO ORDER_ITEMS (ORDER_ID,ITEM_ID,PRODUCT_ID,QUANTITY,UNIT_PRICE) VALUES (67,9,91,138,225999);
INSERT INTO ORDER_ITEMS (ORDER_ID,ITEM_ID,PRODUCT_ID,QUANTITY,UNIT_PRICE) VALUES (69,8,169,67,184489);
INSERT INTO ORDER_ITEMS (ORDER_ID,ITEM_ID,PRODUCT_ID,QUANTITY,UNIT_PRICE) VALUES (73,4,45,54,250169);
INSERT INTO ORDER_ITEMS (ORDER_ID,ITEM_ID,PRODUCT_ID,QUANTITY,UNIT_PRICE) VALUES (74,6,187,137,35398);
INSERT INTO ORDER_ITEMS (ORDER_ID,ITEM_ID,PRODUCT_ID,QUANTITY,UNIT_PRICE) VALUES (75,10,72,86,58999);
INSERT INTO ORDER_ITEMS (ORDER_ID,ITEM_ID,PRODUCT_ID,QUANTITY,UNIT_PRICE) VALUES (76,9,155,78,58895);
INSERT INTO ORDER_ITEMS (ORDER_ID,ITEM_ID,PRODUCT_ID,QUANTITY,UNIT_PRICE) VALUES (87,10,76,96,62999);
INSERT INTO ORDER_ITEMS (ORDER_ID,ITEM_ID,PRODUCT_ID,QUANTITY,UNIT_PRICE) VALUES (91,10,269,104,75999);
INSERT INTO ORDER_ITEMS (ORDER_ID,ITEM_ID,PRODUCT_ID,QUANTITY,UNIT_PRICE) VALUES (92,7,108,104,84999);
INSERT INTO ORDER_ITEMS (ORDER_ID,ITEM_ID,PRODUCT_ID,QUANTITY,UNIT_PRICE) VALUES (93,4,43,113,29898);
INSERT INTO ORDER_ITEMS (ORDER_ID,ITEM_ID,PRODUCT_ID,QUANTITY,UNIT_PRICE) VALUES (94,8,258,73,5798);
INSERT INTO ORDER_ITEMS (ORDER_ID,ITEM_ID,PRODUCT_ID,QUANTITY,UNIT_PRICE) VALUES (99,8,102,101,204269);
INSERT INTO ORDER_ITEMS (ORDER_ID,ITEM_ID,PRODUCT_ID,QUANTITY,UNIT_PRICE) VALUES (104,6,51,139,226999);
INSERT INTO ORDER_ITEMS (ORDER_ID,ITEM_ID,PRODUCT_ID,QUANTITY,UNIT_PRICE) VALUES (1,13,178,121,199989);
INSERT INTO ORDER_ITEMS (ORDER_ID,ITEM_ID,PRODUCT_ID,QUANTITY,UNIT_PRICE) VALUES (4,7,262,79,144999);
INSERT INTO ORDER_ITEMS (ORDER_ID,ITEM_ID,PRODUCT_ID,QUANTITY,UNIT_PRICE) VALUES (6,6,89,150,74999);
INSERT INTO ORDER_ITEMS (ORDER_ID,ITEM_ID,PRODUCT_ID,QUANTITY,UNIT_PRICE) VALUES (8,8,100,68,9788);
INSERT INTO ORDER_ITEMS (ORDER_ID,ITEM_ID,PRODUCT_ID,QUANTITY,UNIT_PRICE) VALUES (9,8,93,132,211672);
INSERT INTO ORDER_ITEMS (ORDER_ID,ITEM_ID,PRODUCT_ID,QUANTITY,UNIT_PRICE) VALUES (10,9,119,107,89999);
INSERT INTO ORDER_ITEMS (ORDER_ID,ITEM_ID,PRODUCT_ID,QUANTITY,UNIT_PRICE) VALUES (14,8,238,64,74178);
INSERT INTO ORDER_ITEMS (ORDER_ID,ITEM_ID,PRODUCT_ID,QUANTITY,UNIT_PRICE) VALUES (16,9,135,76,12788);
INSERT INTO ORDER_ITEMS (ORDER_ID,ITEM_ID,PRODUCT_ID,QUANTITY,UNIT_PRICE) VALUES (18,8,136,32,82699);
INSERT INTO ORDER_ITEMS (ORDER_ID,ITEM_ID,PRODUCT_ID,QUANTITY,UNIT_PRICE) VALUES (19,10,200,93,62095);
INSERT INTO ORDER_ITEMS (ORDER_ID,ITEM_ID,PRODUCT_ID,QUANTITY,UNIT_PRICE) VALUES (22,13,281,73,86498);
INSERT INTO ORDER_ITEMS (ORDER_ID,ITEM_ID,PRODUCT_ID,QUANTITY,UNIT_PRICE) VALUES (25,8,2,65,255499);
INSERT INTO ORDER_ITEMS (ORDER_ID,ITEM_ID,PRODUCT_ID,QUANTITY,UNIT_PRICE) VALUES (27,13,111,102,82737);
INSERT INTO ORDER_ITEMS (ORDER_ID,ITEM_ID,PRODUCT_ID,QUANTITY,UNIT_PRICE) VALUES (28,8,40,105,29989);
INSERT INTO ORDER_ITEMS (ORDER_ID,ITEM_ID,PRODUCT_ID,QUANTITY,UNIT_PRICE) VALUES (29,11,115,52,69999);
INSERT INTO ORDER_ITEMS (ORDER_ID,ITEM_ID,PRODUCT_ID,QUANTITY,UNIT_PRICE) VALUES (31,6,171,103,38298);
INSERT INTO ORDER_ITEMS (ORDER_ID,ITEM_ID,PRODUCT_ID,QUANTITY,UNIT_PRICE) VALUES (32,6,102,147,204269);
INSERT INTO ORDER_ITEMS (ORDER_ID,ITEM_ID,PRODUCT_ID,QUANTITY,UNIT_PRICE) VALUES (33,8,13,75,70499);
INSERT INTO ORDER_ITEMS (ORDER_ID,ITEM_ID,PRODUCT_ID,QUANTITY,UNIT_PRICE) VALUES (34,6,101,62,63599);
INSERT INTO ORDER_ITEMS (ORDER_ID,ITEM_ID,PRODUCT_ID,QUANTITY,UNIT_PRICE) VALUES (35,5,186,41,144998);
INSERT INTO ORDER_ITEMS (ORDER_ID,ITEM_ID,PRODUCT_ID,QUANTITY,UNIT_PRICE) VALUES (36,8,141,144,41999);
INSERT INTO ORDER_ITEMS (ORDER_ID,ITEM_ID,PRODUCT_ID,QUANTITY,UNIT_PRICE) VALUES (39,9,144,125,28979);
INSERT INTO ORDER_ITEMS (ORDER_ID,ITEM_ID,PRODUCT_ID,QUANTITY,UNIT_PRICE) VALUES (40,11,184,88,99999);
INSERT INTO ORDER_ITEMS (ORDER_ID,ITEM_ID,PRODUCT_ID,QUANTITY,UNIT_PRICE) VALUES (41,9,55,61,15099);
INSERT INTO ORDER_ITEMS (ORDER_ID,ITEM_ID,PRODUCT_ID,QUANTITY,UNIT_PRICE) VALUES (42,7,139,149,6592);
INSERT INTO ORDER_ITEMS (ORDER_ID,ITEM_ID,PRODUCT_ID,QUANTITY,UNIT_PRICE) VALUES (46,11,89,119,74999);
INSERT INTO ORDER_ITEMS (ORDER_ID,ITEM_ID,PRODUCT_ID,QUANTITY,UNIT_PRICE) VALUES (51,2,7,64,68099);
INSERT INTO ORDER_ITEMS (ORDER_ID,ITEM_ID,PRODUCT_ID,QUANTITY,UNIT_PRICE) VALUES (53,4,177,96,175999);
INSERT INTO ORDER_ITEMS (ORDER_ID,ITEM_ID,PRODUCT_ID,QUANTITY,UNIT_PRICE) VALUES (58,12,62,148,78979);
INSERT INTO ORDER_ITEMS (ORDER_ID,ITEM_ID,PRODUCT_ID,QUANTITY,UNIT_PRICE) VALUES (59,9,154,82,120498);
INSERT INTO ORDER_ITEMS (ORDER_ID,ITEM_ID,PRODUCT_ID,QUANTITY,UNIT_PRICE) VALUES (64,2,126,52,64099);
INSERT INTO ORDER_ITEMS (ORDER_ID,ITEM_ID,PRODUCT_ID,QUANTITY,UNIT_PRICE) VALUES (65,6,262,118,144999);
INSERT INTO ORDER_ITEMS (ORDER_ID,ITEM_ID,PRODUCT_ID,QUANTITY,UNIT_PRICE) VALUES (66,9,279,90,131899);
INSERT INTO ORDER_ITEMS (ORDER_ID,ITEM_ID,PRODUCT_ID,QUANTITY,UNIT_PRICE) VALUES (67,10,239,45,73999);
INSERT INTO ORDER_ITEMS (ORDER_ID,ITEM_ID,PRODUCT_ID,QUANTITY,UNIT_PRICE) VALUES (68,9,177,84,175999);
INSERT INTO ORDER_ITEMS (ORDER_ID,ITEM_ID,PRODUCT_ID,QUANTITY,UNIT_PRICE) VALUES (69,9,261,55,150499);




INSERT INTO INVENTORIES (PRODUCT_ID,WAREHOUSE_ID,QUANTITY) VALUES (210,8,122);
INSERT INTO INVENTORIES (PRODUCT_ID,WAREHOUSE_ID,QUANTITY) VALUES (211,8,123);
INSERT INTO INVENTORIES (PRODUCT_ID,WAREHOUSE_ID,QUANTITY) VALUES (212,8,123);
INSERT INTO INVENTORIES (PRODUCT_ID,WAREHOUSE_ID,QUANTITY) VALUES (214,8,124);
INSERT INTO INVENTORIES (PRODUCT_ID,WAREHOUSE_ID,QUANTITY) VALUES (216,8,125);
INSERT INTO INVENTORIES (PRODUCT_ID,WAREHOUSE_ID,QUANTITY) VALUES (217,8,125);
INSERT INTO INVENTORIES (PRODUCT_ID,WAREHOUSE_ID,QUANTITY) VALUES (218,8,126);
INSERT INTO INVENTORIES (PRODUCT_ID,WAREHOUSE_ID,QUANTITY) VALUES (220,8,149);
INSERT INTO INVENTORIES (PRODUCT_ID,WAREHOUSE_ID,QUANTITY) VALUES (221,8,150);
INSERT INTO INVENTORIES (PRODUCT_ID,WAREHOUSE_ID,QUANTITY) VALUES (222,8,150);
INSERT INTO INVENTORIES (PRODUCT_ID,WAREHOUSE_ID,QUANTITY) VALUES (223,8,151);
INSERT INTO INVENTORIES (PRODUCT_ID,WAREHOUSE_ID,QUANTITY) VALUES (229,8,123);
INSERT INTO INVENTORIES (PRODUCT_ID,WAREHOUSE_ID,QUANTITY) VALUES (230,8,124);
INSERT INTO INVENTORIES (PRODUCT_ID,WAREHOUSE_ID,QUANTITY) VALUES (231,8,124);
INSERT INTO INVENTORIES (PRODUCT_ID,WAREHOUSE_ID,QUANTITY) VALUES (232,8,124);
INSERT INTO INVENTORIES (PRODUCT_ID,WAREHOUSE_ID,QUANTITY) VALUES (233,8,124);
INSERT INTO INVENTORIES (PRODUCT_ID,WAREHOUSE_ID,QUANTITY) VALUES (234,8,124);
INSERT INTO INVENTORIES (PRODUCT_ID,WAREHOUSE_ID,QUANTITY) VALUES (235,8,125);
INSERT INTO INVENTORIES (PRODUCT_ID,WAREHOUSE_ID,QUANTITY) VALUES (241,8,121);
INSERT INTO INVENTORIES (PRODUCT_ID,WAREHOUSE_ID,QUANTITY) VALUES (242,8,121);
INSERT INTO INVENTORIES (PRODUCT_ID,WAREHOUSE_ID,QUANTITY) VALUES (243,8,121);
INSERT INTO INVENTORIES (PRODUCT_ID,WAREHOUSE_ID,QUANTITY) VALUES (245,8,137);
INSERT INTO INVENTORIES (PRODUCT_ID,WAREHOUSE_ID,QUANTITY) VALUES (254,8,136);
INSERT INTO INVENTORIES (PRODUCT_ID,WAREHOUSE_ID,QUANTITY) VALUES (255,8,136);
INSERT INTO INVENTORIES (PRODUCT_ID,WAREHOUSE_ID,QUANTITY) VALUES (256,8,136);
INSERT INTO INVENTORIES (PRODUCT_ID,WAREHOUSE_ID,QUANTITY) VALUES (257,8,136);
INSERT INTO INVENTORIES (PRODUCT_ID,WAREHOUSE_ID,QUANTITY) VALUES (258,8,136);
INSERT INTO INVENTORIES (PRODUCT_ID,WAREHOUSE_ID,QUANTITY) VALUES (259,8,137);
INSERT INTO INVENTORIES (PRODUCT_ID,WAREHOUSE_ID,QUANTITY) VALUES (260,8,137);
INSERT INTO INVENTORIES (PRODUCT_ID,WAREHOUSE_ID,QUANTITY) VALUES (263,8,137);
INSERT INTO INVENTORIES (PRODUCT_ID,WAREHOUSE_ID,QUANTITY) VALUES (264,8,137);
INSERT INTO INVENTORIES (PRODUCT_ID,WAREHOUSE_ID,QUANTITY) VALUES (269,8,178);
INSERT INTO INVENTORIES (PRODUCT_ID,WAREHOUSE_ID,QUANTITY) VALUES (270,8,178);
INSERT INTO INVENTORIES (PRODUCT_ID,WAREHOUSE_ID,QUANTITY) VALUES (271,8,183);
INSERT INTO INVENTORIES (PRODUCT_ID,WAREHOUSE_ID,QUANTITY) VALUES (272,8,184);
INSERT INTO INVENTORIES (PRODUCT_ID,WAREHOUSE_ID,QUANTITY) VALUES (273,8,156);
INSERT INTO INVENTORIES (PRODUCT_ID,WAREHOUSE_ID,QUANTITY) VALUES (274,8,160);
INSERT INTO INVENTORIES (PRODUCT_ID,WAREHOUSE_ID,QUANTITY) VALUES (276,8,187);
INSERT INTO INVENTORIES (PRODUCT_ID,WAREHOUSE_ID,QUANTITY) VALUES (277,8,187);
INSERT INTO INVENTORIES (PRODUCT_ID,WAREHOUSE_ID,QUANTITY) VALUES (278,8,188);
INSERT INTO INVENTORIES (PRODUCT_ID,WAREHOUSE_ID,QUANTITY) VALUES (280,8,154);
INSERT INTO INVENTORIES (PRODUCT_ID,WAREHOUSE_ID,QUANTITY) VALUES (281,8,167);
INSERT INTO INVENTORIES (PRODUCT_ID,WAREHOUSE_ID,QUANTITY) VALUES (283,8,194);
INSERT INTO INVENTORIES (PRODUCT_ID,WAREHOUSE_ID,QUANTITY) VALUES (284,8,268);
INSERT INTO INVENTORIES (PRODUCT_ID,WAREHOUSE_ID,QUANTITY) VALUES (285,8,176);
INSERT INTO INVENTORIES (PRODUCT_ID,WAREHOUSE_ID,QUANTITY) VALUES (286,8,177);
INSERT INTO INVENTORIES (PRODUCT_ID,WAREHOUSE_ID,QUANTITY) VALUES (2,9,23);
INSERT INTO INVENTORIES (PRODUCT_ID,WAREHOUSE_ID,QUANTITY) VALUES (3,9,35);
INSERT INTO INVENTORIES (PRODUCT_ID,WAREHOUSE_ID,QUANTITY) VALUES (4,9,35);
INSERT INTO INVENTORIES (PRODUCT_ID,WAREHOUSE_ID,QUANTITY) VALUES (5,9,36);
INSERT INTO INVENTORIES (PRODUCT_ID,WAREHOUSE_ID,QUANTITY) VALUES (6,9,36);
INSERT INTO INVENTORIES (PRODUCT_ID,WAREHOUSE_ID,QUANTITY) VALUES (7,9,36);
INSERT INTO INVENTORIES (PRODUCT_ID,WAREHOUSE_ID,QUANTITY) VALUES (8,9,36);
INSERT INTO INVENTORIES (PRODUCT_ID,WAREHOUSE_ID,QUANTITY) VALUES (9,9,36);
INSERT INTO INVENTORIES (PRODUCT_ID,WAREHOUSE_ID,QUANTITY) VALUES (11,9,37);
INSERT INTO INVENTORIES (PRODUCT_ID,WAREHOUSE_ID,QUANTITY) VALUES (12,9,37);
INSERT INTO INVENTORIES (PRODUCT_ID,WAREHOUSE_ID,QUANTITY) VALUES (13,9,37);
INSERT INTO INVENTORIES (PRODUCT_ID,WAREHOUSE_ID,QUANTITY) VALUES (14,9,38);
INSERT INTO INVENTORIES (PRODUCT_ID,WAREHOUSE_ID,QUANTITY) VALUES (15,9,41);
INSERT INTO INVENTORIES (PRODUCT_ID,WAREHOUSE_ID,QUANTITY) VALUES (17,9,3);
INSERT INTO INVENTORIES (PRODUCT_ID,WAREHOUSE_ID,QUANTITY) VALUES (18,9,3);
INSERT INTO INVENTORIES (PRODUCT_ID,WAREHOUSE_ID,QUANTITY) VALUES (19,9,3);
INSERT INTO INVENTORIES (PRODUCT_ID,WAREHOUSE_ID,QUANTITY) VALUES (20,9,4);
INSERT INTO INVENTORIES (PRODUCT_ID,WAREHOUSE_ID,QUANTITY) VALUES (21,9,4);
INSERT INTO INVENTORIES (PRODUCT_ID,WAREHOUSE_ID,QUANTITY) VALUES (27,9,5);
INSERT INTO INVENTORIES (PRODUCT_ID,WAREHOUSE_ID,QUANTITY) VALUES (29,9,6);
INSERT INTO INVENTORIES (PRODUCT_ID,WAREHOUSE_ID,QUANTITY) VALUES (30,9,6);
INSERT INTO INVENTORIES (PRODUCT_ID,WAREHOUSE_ID,QUANTITY) VALUES (31,9,7);
INSERT INTO INVENTORIES (PRODUCT_ID,WAREHOUSE_ID,QUANTITY) VALUES (32,9,7);
INSERT INTO INVENTORIES (PRODUCT_ID,WAREHOUSE_ID,QUANTITY) VALUES (34,9,8);
INSERT INTO INVENTORIES (PRODUCT_ID,WAREHOUSE_ID,QUANTITY) VALUES (46,9,6);
INSERT INTO INVENTORIES (PRODUCT_ID,WAREHOUSE_ID,QUANTITY) VALUES (47,9,0);
INSERT INTO INVENTORIES (PRODUCT_ID,WAREHOUSE_ID,QUANTITY) VALUES (54,9,33);
INSERT INTO INVENTORIES (PRODUCT_ID,WAREHOUSE_ID,QUANTITY) VALUES (62,9,32);
INSERT INTO INVENTORIES (PRODUCT_ID,WAREHOUSE_ID,QUANTITY) VALUES (63,9,33);
INSERT INTO INVENTORIES (PRODUCT_ID,WAREHOUSE_ID,QUANTITY) VALUES (67,9,34);
INSERT INTO INVENTORIES (PRODUCT_ID,WAREHOUSE_ID,QUANTITY) VALUES (68,9,34);
INSERT INTO INVENTORIES (PRODUCT_ID,WAREHOUSE_ID,QUANTITY) VALUES (69,9,35);
INSERT INTO INVENTORIES (PRODUCT_ID,WAREHOUSE_ID,QUANTITY) VALUES (70,9,35);
INSERT INTO INVENTORIES (PRODUCT_ID,WAREHOUSE_ID,QUANTITY) VALUES (71,9,35);
INSERT INTO INVENTORIES (PRODUCT_ID,WAREHOUSE_ID,QUANTITY) VALUES (72,9,35);
INSERT INTO INVENTORIES (PRODUCT_ID,WAREHOUSE_ID,QUANTITY) VALUES (73,9,27);
INSERT INTO INVENTORIES (PRODUCT_ID,WAREHOUSE_ID,QUANTITY) VALUES (74,9,27);
INSERT INTO INVENTORIES (PRODUCT_ID,WAREHOUSE_ID,QUANTITY) VALUES (76,9,28);
INSERT INTO INVENTORIES (PRODUCT_ID,WAREHOUSE_ID,QUANTITY) VALUES (78,9,29);
INSERT INTO INVENTORIES (PRODUCT_ID,WAREHOUSE_ID,QUANTITY) VALUES (79,9,29);
INSERT INTO INVENTORIES (PRODUCT_ID,WAREHOUSE_ID,QUANTITY) VALUES (80,9,29);
INSERT INTO INVENTORIES (PRODUCT_ID,WAREHOUSE_ID,QUANTITY) VALUES (84,9,33);
INSERT INTO INVENTORIES (PRODUCT_ID,WAREHOUSE_ID,QUANTITY) VALUES (87,9,35);
INSERT INTO INVENTORIES (PRODUCT_ID,WAREHOUSE_ID,QUANTITY) VALUES (88,9,7);
INSERT INTO INVENTORIES (PRODUCT_ID,WAREHOUSE_ID,QUANTITY) VALUES (89,9,8);
INSERT INTO INVENTORIES (PRODUCT_ID,WAREHOUSE_ID,QUANTITY) VALUES (90,9,8);
INSERT INTO INVENTORIES (PRODUCT_ID,WAREHOUSE_ID,QUANTITY) VALUES (91,9,22);
INSERT INTO INVENTORIES (PRODUCT_ID,WAREHOUSE_ID,QUANTITY) VALUES (98,9,32);
INSERT INTO INVENTORIES (PRODUCT_ID,WAREHOUSE_ID,QUANTITY) VALUES (101,9,3);
INSERT INTO INVENTORIES (PRODUCT_ID,WAREHOUSE_ID,QUANTITY) VALUES (102,9,36);
INSERT INTO INVENTORIES (PRODUCT_ID,WAREHOUSE_ID,QUANTITY) VALUES (103,9,5);
INSERT INTO INVENTORIES (PRODUCT_ID,WAREHOUSE_ID,QUANTITY) VALUES (105,9,6);
INSERT INTO INVENTORIES (PRODUCT_ID,WAREHOUSE_ID,QUANTITY) VALUES (106,9,6);
INSERT INTO INVENTORIES (PRODUCT_ID,WAREHOUSE_ID,QUANTITY) VALUES (107,9,6);
INSERT INTO INVENTORIES (PRODUCT_ID,WAREHOUSE_ID,QUANTITY) VALUES (108,9,6);
INSERT INTO INVENTORIES (PRODUCT_ID,WAREHOUSE_ID,QUANTITY) VALUES (109,9,6);
INSERT INTO INVENTORIES (PRODUCT_ID,WAREHOUSE_ID,QUANTITY) VALUES (110,9,7);
INSERT INTO INVENTORIES (PRODUCT_ID,WAREHOUSE_ID,QUANTITY) VALUES (114,9,8);
INSERT INTO INVENTORIES (PRODUCT_ID,WAREHOUSE_ID,QUANTITY) VALUES (115,9,9);
INSERT INTO INVENTORIES (PRODUCT_ID,WAREHOUSE_ID,QUANTITY) VALUES (116,9,9);
INSERT INTO INVENTORIES (PRODUCT_ID,WAREHOUSE_ID,QUANTITY) VALUES (117,9,9);
INSERT INTO INVENTORIES (PRODUCT_ID,WAREHOUSE_ID,QUANTITY) VALUES (119,9,10);
INSERT INTO INVENTORIES (PRODUCT_ID,WAREHOUSE_ID,QUANTITY) VALUES (120,9,10);
INSERT INTO INVENTORIES (PRODUCT_ID,WAREHOUSE_ID,QUANTITY) VALUES (121,9,10);
INSERT INTO INVENTORIES (PRODUCT_ID,WAREHOUSE_ID,QUANTITY) VALUES (122,9,11);
INSERT INTO INVENTORIES (PRODUCT_ID,WAREHOUSE_ID,QUANTITY) VALUES (123,9,11);
INSERT INTO INVENTORIES (PRODUCT_ID,WAREHOUSE_ID,QUANTITY) VALUES (124,9,11);
INSERT INTO INVENTORIES (PRODUCT_ID,WAREHOUSE_ID,QUANTITY) VALUES (125,9,11);
INSERT INTO INVENTORIES (PRODUCT_ID,WAREHOUSE_ID,QUANTITY) VALUES (126,9,12);
INSERT INTO INVENTORIES (PRODUCT_ID,WAREHOUSE_ID,QUANTITY) VALUES (128,9,12);
INSERT INTO INVENTORIES (PRODUCT_ID,WAREHOUSE_ID,QUANTITY) VALUES (129,9,12);
INSERT INTO INVENTORIES (PRODUCT_ID,WAREHOUSE_ID,QUANTITY) VALUES (132,9,13);
INSERT INTO INVENTORIES (PRODUCT_ID,WAREHOUSE_ID,QUANTITY) VALUES (133,9,13);
INSERT INTO INVENTORIES (PRODUCT_ID,WAREHOUSE_ID,QUANTITY) VALUES (136,9,14);
INSERT INTO INVENTORIES (PRODUCT_ID,WAREHOUSE_ID,QUANTITY) VALUES (137,9,15);
INSERT INTO INVENTORIES (PRODUCT_ID,WAREHOUSE_ID,QUANTITY) VALUES (138,9,16);
INSERT INTO INVENTORIES (PRODUCT_ID,WAREHOUSE_ID,QUANTITY) VALUES (141,9,18);
INSERT INTO INVENTORIES (PRODUCT_ID,WAREHOUSE_ID,QUANTITY) VALUES (142,9,19);
INSERT INTO INVENTORIES (PRODUCT_ID,WAREHOUSE_ID,QUANTITY) VALUES (159,9,15);
INSERT INTO INVENTORIES (PRODUCT_ID,WAREHOUSE_ID,QUANTITY) VALUES (160,9,21);
INSERT INTO INVENTORIES (PRODUCT_ID,WAREHOUSE_ID,QUANTITY) VALUES (161,9,36);
INSERT INTO INVENTORIES (PRODUCT_ID,WAREHOUSE_ID,QUANTITY) VALUES (163,9,35);
INSERT INTO INVENTORIES (PRODUCT_ID,WAREHOUSE_ID,QUANTITY) VALUES (166,9,54);
INSERT INTO INVENTORIES (PRODUCT_ID,WAREHOUSE_ID,QUANTITY) VALUES (174,9,74);
INSERT INTO INVENTORIES (PRODUCT_ID,WAREHOUSE_ID,QUANTITY) VALUES (175,9,74);
INSERT INTO INVENTORIES (PRODUCT_ID,WAREHOUSE_ID,QUANTITY) VALUES (182,9,110);
INSERT INTO INVENTORIES (PRODUCT_ID,WAREHOUSE_ID,QUANTITY) VALUES (184,9,111);
INSERT INTO INVENTORIES (PRODUCT_ID,WAREHOUSE_ID,QUANTITY) VALUES (185,9,111);
INSERT INTO INVENTORIES (PRODUCT_ID,WAREHOUSE_ID,QUANTITY) VALUES (188,9,119);
INSERT INTO INVENTORIES (PRODUCT_ID,WAREHOUSE_ID,QUANTITY) VALUES (189,9,119);
INSERT INTO INVENTORIES (PRODUCT_ID,WAREHOUSE_ID,QUANTITY) VALUES (190,9,120);
INSERT INTO INVENTORIES (PRODUCT_ID,WAREHOUSE_ID,QUANTITY) VALUES (191,9,120);
INSERT INTO INVENTORIES (PRODUCT_ID,WAREHOUSE_ID,QUANTITY) VALUES (193,9,121);
INSERT INTO INVENTORIES (PRODUCT_ID,WAREHOUSE_ID,QUANTITY) VALUES (195,9,122);
INSERT INTO INVENTORIES (PRODUCT_ID,WAREHOUSE_ID,QUANTITY) VALUES (196,9,122);
INSERT INTO INVENTORIES (PRODUCT_ID,WAREHOUSE_ID,QUANTITY) VALUES (198,9,122);
INSERT INTO INVENTORIES (PRODUCT_ID,WAREHOUSE_ID,QUANTITY) VALUES (199,9,123);
INSERT INTO INVENTORIES (PRODUCT_ID,WAREHOUSE_ID,QUANTITY) VALUES (200,9,123);
INSERT INTO INVENTORIES (PRODUCT_ID,WAREHOUSE_ID,QUANTITY) VALUES (201,9,124);
INSERT INTO INVENTORIES (PRODUCT_ID,WAREHOUSE_ID,QUANTITY) VALUES (203,9,124);
INSERT INTO INVENTORIES (PRODUCT_ID,WAREHOUSE_ID,QUANTITY) VALUES (204,9,125);
INSERT INTO INVENTORIES (PRODUCT_ID,WAREHOUSE_ID,QUANTITY) VALUES (205,9,125);
INSERT INTO INVENTORIES (PRODUCT_ID,WAREHOUSE_ID,QUANTITY) VALUES (207,9,109);
INSERT INTO INVENTORIES (PRODUCT_ID,WAREHOUSE_ID,QUANTITY) VALUES (210,9,110);
INSERT INTO INVENTORIES (PRODUCT_ID,WAREHOUSE_ID,QUANTITY) VALUES (211,9,111);
INSERT INTO INVENTORIES (PRODUCT_ID,WAREHOUSE_ID,QUANTITY) VALUES (212,9,111);
INSERT INTO INVENTORIES (PRODUCT_ID,WAREHOUSE_ID,QUANTITY) VALUES (214,9,112);
INSERT INTO INVENTORIES (PRODUCT_ID,WAREHOUSE_ID,QUANTITY) VALUES (216,9,113);
INSERT INTO INVENTORIES (PRODUCT_ID,WAREHOUSE_ID,QUANTITY) VALUES (217,9,113);
INSERT INTO INVENTORIES (PRODUCT_ID,WAREHOUSE_ID,QUANTITY) VALUES (218,9,114);
INSERT INTO INVENTORIES (PRODUCT_ID,WAREHOUSE_ID,QUANTITY) VALUES (220,9,134);
INSERT INTO INVENTORIES (PRODUCT_ID,WAREHOUSE_ID,QUANTITY) VALUES (221,9,135);
INSERT INTO INVENTORIES (PRODUCT_ID,WAREHOUSE_ID,QUANTITY) VALUES (222,9,135);
INSERT INTO INVENTORIES (PRODUCT_ID,WAREHOUSE_ID,QUANTITY) VALUES (223,9,136);
INSERT INTO INVENTORIES (PRODUCT_ID,WAREHOUSE_ID,QUANTITY) VALUES (241,9,109);
INSERT INTO INVENTORIES (PRODUCT_ID,WAREHOUSE_ID,QUANTITY) VALUES (242,9,109);
INSERT INTO INVENTORIES (PRODUCT_ID,WAREHOUSE_ID,QUANTITY) VALUES (243,9,109);
INSERT INTO INVENTORIES (PRODUCT_ID,WAREHOUSE_ID,QUANTITY) VALUES (245,9,125);
INSERT INTO INVENTORIES (PRODUCT_ID,WAREHOUSE_ID,QUANTITY) VALUES (269,9,161);
INSERT INTO INVENTORIES (PRODUCT_ID,WAREHOUSE_ID,QUANTITY) VALUES (270,9,161);
INSERT INTO INVENTORIES (PRODUCT_ID,WAREHOUSE_ID,QUANTITY) VALUES (271,9,165);
INSERT INTO INVENTORIES (PRODUCT_ID,WAREHOUSE_ID,QUANTITY) VALUES (272,9,166);
INSERT INTO INVENTORIES (PRODUCT_ID,WAREHOUSE_ID,QUANTITY) VALUES (274,9,148);
INSERT INTO INVENTORIES (PRODUCT_ID,WAREHOUSE_ID,QUANTITY) VALUES (276,9,169);
INSERT INTO INVENTORIES (PRODUCT_ID,WAREHOUSE_ID,QUANTITY) VALUES (277,9,169);
INSERT INTO INVENTORIES (PRODUCT_ID,WAREHOUSE_ID,QUANTITY) VALUES (278,9,170);
INSERT INTO INVENTORIES (PRODUCT_ID,WAREHOUSE_ID,QUANTITY) VALUES (281,9,155);
INSERT INTO INVENTORIES (PRODUCT_ID,WAREHOUSE_ID,QUANTITY) VALUES (283,9,179);
INSERT INTO INVENTORIES (PRODUCT_ID,WAREHOUSE_ID,QUANTITY) VALUES (3,1,106);
INSERT INTO INVENTORIES (PRODUCT_ID,WAREHOUSE_ID,QUANTITY) VALUES (4,1,106);
INSERT INTO INVENTORIES (PRODUCT_ID,WAREHOUSE_ID,QUANTITY) VALUES (5,1,106);
INSERT INTO INVENTORIES (PRODUCT_ID,WAREHOUSE_ID,QUANTITY) VALUES (6,1,107);
INSERT INTO INVENTORIES (PRODUCT_ID,WAREHOUSE_ID,QUANTITY) VALUES (11,1,108);
INSERT INTO INVENTORIES (PRODUCT_ID,WAREHOUSE_ID,QUANTITY) VALUES (12,1,108);
INSERT INTO INVENTORIES (PRODUCT_ID,WAREHOUSE_ID,QUANTITY) VALUES (80,1,125);
INSERT INTO INVENTORIES (PRODUCT_ID,WAREHOUSE_ID,QUANTITY) VALUES (87,1,131);
INSERT INTO INVENTORIES (PRODUCT_ID,WAREHOUSE_ID,QUANTITY) VALUES (88,1,117);
INSERT INTO INVENTORIES (PRODUCT_ID,WAREHOUSE_ID,QUANTITY) VALUES (89,1,118);
INSERT INTO INVENTORIES (PRODUCT_ID,WAREHOUSE_ID,QUANTITY) VALUES (90,1,118);
INSERT INTO INVENTORIES (PRODUCT_ID,WAREHOUSE_ID,QUANTITY) VALUES (103,1,125);
INSERT INTO INVENTORIES (PRODUCT_ID,WAREHOUSE_ID,QUANTITY) VALUES (105,1,126);
INSERT INTO INVENTORIES (PRODUCT_ID,WAREHOUSE_ID,QUANTITY) VALUES (108,1,126);
INSERT INTO INVENTORIES (PRODUCT_ID,WAREHOUSE_ID,QUANTITY) VALUES (110,1,127);
INSERT INTO INVENTORIES (PRODUCT_ID,WAREHOUSE_ID,QUANTITY) VALUES (114,1,128);
INSERT INTO INVENTORIES (PRODUCT_ID,WAREHOUSE_ID,QUANTITY) VALUES (123,1,131);
INSERT INTO INVENTORIES (PRODUCT_ID,WAREHOUSE_ID,QUANTITY) VALUES (132,1,133);
INSERT INTO INVENTORIES (PRODUCT_ID,WAREHOUSE_ID,QUANTITY) VALUES (133,1,133);
INSERT INTO INVENTORIES (PRODUCT_ID,WAREHOUSE_ID,QUANTITY) VALUES (142,1,89);
INSERT INTO INVENTORIES (PRODUCT_ID,WAREHOUSE_ID,QUANTITY) VALUES (161,1,132);
INSERT INTO INVENTORIES (PRODUCT_ID,WAREHOUSE_ID,QUANTITY) VALUES (174,1,170);
INSERT INTO INVENTORIES (PRODUCT_ID,WAREHOUSE_ID,QUANTITY) VALUES (175,1,170);
INSERT INTO INVENTORIES (PRODUCT_ID,WAREHOUSE_ID,QUANTITY) VALUES (182,1,175);
INSERT INTO INVENTORIES (PRODUCT_ID,WAREHOUSE_ID,QUANTITY) VALUES (184,1,175);
INSERT INTO INVENTORIES (PRODUCT_ID,WAREHOUSE_ID,QUANTITY) VALUES (185,1,176);
INSERT INTO INVENTORIES (PRODUCT_ID,WAREHOUSE_ID,QUANTITY) VALUES (207,1,205);
INSERT INTO INVENTORIES (PRODUCT_ID,WAREHOUSE_ID,QUANTITY) VALUES (216,1,209);
INSERT INTO INVENTORIES (PRODUCT_ID,WAREHOUSE_ID,QUANTITY) VALUES (220,1,196);
INSERT INTO INVENTORIES (PRODUCT_ID,WAREHOUSE_ID,QUANTITY) VALUES (221,1,197);
INSERT INTO INVENTORIES (PRODUCT_ID,WAREHOUSE_ID,QUANTITY) VALUES (222,1,197);
INSERT INTO INVENTORIES (PRODUCT_ID,WAREHOUSE_ID,QUANTITY) VALUES (223,1,197);
INSERT INTO INVENTORIES (PRODUCT_ID,WAREHOUSE_ID,QUANTITY) VALUES (245,1,221);
INSERT INTO INVENTORIES (PRODUCT_ID,WAREHOUSE_ID,QUANTITY) VALUES (269,1,222);
INSERT INTO INVENTORIES (PRODUCT_ID,WAREHOUSE_ID,QUANTITY) VALUES (270,1,222);
INSERT INTO INVENTORIES (PRODUCT_ID,WAREHOUSE_ID,QUANTITY) VALUES (281,1,251);
INSERT INTO INVENTORIES (PRODUCT_ID,WAREHOUSE_ID,QUANTITY) VALUES (3,2,96);
INSERT INTO INVENTORIES (PRODUCT_ID,WAREHOUSE_ID,QUANTITY) VALUES (4,2,96);
INSERT INTO INVENTORIES (PRODUCT_ID,WAREHOUSE_ID,QUANTITY) VALUES (5,2,96);
INSERT INTO INVENTORIES (PRODUCT_ID,WAREHOUSE_ID,QUANTITY) VALUES (6,2,96);
INSERT INTO INVENTORIES (PRODUCT_ID,WAREHOUSE_ID,QUANTITY) VALUES (7,2,97);
INSERT INTO INVENTORIES (PRODUCT_ID,WAREHOUSE_ID,QUANTITY) VALUES (8,2,97);
INSERT INTO INVENTORIES (PRODUCT_ID,WAREHOUSE_ID,QUANTITY) VALUES (9,2,97);
INSERT INTO INVENTORIES (PRODUCT_ID,WAREHOUSE_ID,QUANTITY) VALUES (11,2,98);
INSERT INTO INVENTORIES (PRODUCT_ID,WAREHOUSE_ID,QUANTITY) VALUES (12,2,98);
INSERT INTO INVENTORIES (PRODUCT_ID,WAREHOUSE_ID,QUANTITY) VALUES (13,2,98);
INSERT INTO INVENTORIES (PRODUCT_ID,WAREHOUSE_ID,QUANTITY) VALUES (14,2,98);
INSERT INTO INVENTORIES (PRODUCT_ID,WAREHOUSE_ID,QUANTITY) VALUES (15,2,99);
INSERT INTO INVENTORIES (PRODUCT_ID,WAREHOUSE_ID,QUANTITY) VALUES (17,2,100);
INSERT INTO INVENTORIES (PRODUCT_ID,WAREHOUSE_ID,QUANTITY) VALUES (18,2,101);
INSERT INTO INVENTORIES (PRODUCT_ID,WAREHOUSE_ID,QUANTITY) VALUES (19,2,101);
INSERT INTO INVENTORIES (PRODUCT_ID,WAREHOUSE_ID,QUANTITY) VALUES (20,2,104);
INSERT INTO INVENTORIES (PRODUCT_ID,WAREHOUSE_ID,QUANTITY) VALUES (21,2,105);
INSERT INTO INVENTORIES (PRODUCT_ID,WAREHOUSE_ID,QUANTITY) VALUES (22,2,114);
INSERT INTO INVENTORIES (PRODUCT_ID,WAREHOUSE_ID,QUANTITY) VALUES (23,2,114);
INSERT INTO INVENTORIES (PRODUCT_ID,WAREHOUSE_ID,QUANTITY) VALUES (24,2,115);
INSERT INTO INVENTORIES (PRODUCT_ID,WAREHOUSE_ID,QUANTITY) VALUES (25,2,115);
INSERT INTO INVENTORIES (PRODUCT_ID,WAREHOUSE_ID,QUANTITY) VALUES (26,2,115);
INSERT INTO INVENTORIES (PRODUCT_ID,WAREHOUSE_ID,QUANTITY) VALUES (27,2,106);
INSERT INTO INVENTORIES (PRODUCT_ID,WAREHOUSE_ID,QUANTITY) VALUES (29,2,107);
INSERT INTO INVENTORIES (PRODUCT_ID,WAREHOUSE_ID,QUANTITY) VALUES (30,2,107);
INSERT INTO INVENTORIES (PRODUCT_ID,WAREHOUSE_ID,QUANTITY) VALUES (33,2,117);
INSERT INTO INVENTORIES (PRODUCT_ID,WAREHOUSE_ID,QUANTITY) VALUES (35,2,118);
INSERT INTO INVENTORIES (PRODUCT_ID,WAREHOUSE_ID,QUANTITY) VALUES (36,2,118);
INSERT INTO INVENTORIES (PRODUCT_ID,WAREHOUSE_ID,QUANTITY) VALUES (37,2,119);
INSERT INTO INVENTORIES (PRODUCT_ID,WAREHOUSE_ID,QUANTITY) VALUES (38,2,119);
INSERT INTO INVENTORIES (PRODUCT_ID,WAREHOUSE_ID,QUANTITY) VALUES (39,2,119);
INSERT INTO INVENTORIES (PRODUCT_ID,WAREHOUSE_ID,QUANTITY) VALUES (40,2,119);
INSERT INTO INVENTORIES (PRODUCT_ID,WAREHOUSE_ID,QUANTITY) VALUES (41,2,119);
INSERT INTO INVENTORIES (PRODUCT_ID,WAREHOUSE_ID,QUANTITY) VALUES (42,2,122);
INSERT INTO INVENTORIES (PRODUCT_ID,WAREHOUSE_ID,QUANTITY) VALUES (43,2,122);
INSERT INTO INVENTORIES (PRODUCT_ID,WAREHOUSE_ID,QUANTITY) VALUES (44,2,122);
INSERT INTO INVENTORIES (PRODUCT_ID,WAREHOUSE_ID,QUANTITY) VALUES (50,2,117);
INSERT INTO INVENTORIES (PRODUCT_ID,WAREHOUSE_ID,QUANTITY) VALUES (54,2,110);
INSERT INTO INVENTORIES (PRODUCT_ID,WAREHOUSE_ID,QUANTITY) VALUES (62,2,149);
INSERT INTO INVENTORIES (PRODUCT_ID,WAREHOUSE_ID,QUANTITY) VALUES (63,2,149);
INSERT INTO INVENTORIES (PRODUCT_ID,WAREHOUSE_ID,QUANTITY) VALUES (67,2,154);
INSERT INTO INVENTORIES (PRODUCT_ID,WAREHOUSE_ID,QUANTITY) VALUES (68,2,154);
INSERT INTO INVENTORIES (PRODUCT_ID,WAREHOUSE_ID,QUANTITY) VALUES (69,2,154);
INSERT INTO INVENTORIES (PRODUCT_ID,WAREHOUSE_ID,QUANTITY) VALUES (70,2,155);
INSERT INTO INVENTORIES (PRODUCT_ID,WAREHOUSE_ID,QUANTITY) VALUES (71,2,155);
INSERT INTO INVENTORIES (PRODUCT_ID,WAREHOUSE_ID,QUANTITY) VALUES (72,2,155);
INSERT INTO INVENTORIES (PRODUCT_ID,WAREHOUSE_ID,QUANTITY) VALUES (73,2,111);
INSERT INTO INVENTORIES (PRODUCT_ID,WAREHOUSE_ID,QUANTITY) VALUES (74,2,111);
INSERT INTO INVENTORIES (PRODUCT_ID,WAREHOUSE_ID,QUANTITY) VALUES (76,2,112);
INSERT INTO INVENTORIES (PRODUCT_ID,WAREHOUSE_ID,QUANTITY) VALUES (78,2,113);
INSERT INTO INVENTORIES (PRODUCT_ID,WAREHOUSE_ID,QUANTITY) VALUES (79,2,113);
INSERT INTO INVENTORIES (PRODUCT_ID,WAREHOUSE_ID,QUANTITY) VALUES (80,2,113);
INSERT INTO INVENTORIES (PRODUCT_ID,WAREHOUSE_ID,QUANTITY) VALUES (87,2,119);
INSERT INTO INVENTORIES (PRODUCT_ID,WAREHOUSE_ID,QUANTITY) VALUES (88,2,167);
INSERT INTO INVENTORIES (PRODUCT_ID,WAREHOUSE_ID,QUANTITY) VALUES (89,2,167);
INSERT INTO INVENTORIES (PRODUCT_ID,WAREHOUSE_ID,QUANTITY) VALUES (90,2,167);
INSERT INTO INVENTORIES (PRODUCT_ID,WAREHOUSE_ID,QUANTITY) VALUES (94,2,91);
INSERT INTO INVENTORIES (PRODUCT_ID,WAREHOUSE_ID,QUANTITY) VALUES (99,2,94);
INSERT INTO INVENTORIES (PRODUCT_ID,WAREHOUSE_ID,QUANTITY) VALUES (100,2,94);
INSERT INTO INVENTORIES (PRODUCT_ID,WAREHOUSE_ID,QUANTITY) VALUES (101,2,173);
INSERT INTO INVENTORIES (PRODUCT_ID,WAREHOUSE_ID,QUANTITY) VALUES (103,2,178);
INSERT INTO INVENTORIES (PRODUCT_ID,WAREHOUSE_ID,QUANTITY) VALUES (104,2,81);
INSERT INTO INVENTORIES (PRODUCT_ID,WAREHOUSE_ID,QUANTITY) VALUES (105,2,178);
INSERT INTO INVENTORIES (PRODUCT_ID,WAREHOUSE_ID,QUANTITY) VALUES (106,2,178);
INSERT INTO INVENTORIES (PRODUCT_ID,WAREHOUSE_ID,QUANTITY) VALUES (107,2,178);
INSERT INTO INVENTORIES (PRODUCT_ID,WAREHOUSE_ID,QUANTITY) VALUES (108,2,179);
INSERT INTO INVENTORIES (PRODUCT_ID,WAREHOUSE_ID,QUANTITY) VALUES (109,2,179);
INSERT INTO INVENTORIES (PRODUCT_ID,WAREHOUSE_ID,QUANTITY) VALUES (110,2,179);
INSERT INTO INVENTORIES (PRODUCT_ID,WAREHOUSE_ID,QUANTITY) VALUES (114,2,180);
INSERT INTO INVENTORIES (PRODUCT_ID,WAREHOUSE_ID,QUANTITY) VALUES (115,2,181);
INSERT INTO INVENTORIES (PRODUCT_ID,WAREHOUSE_ID,QUANTITY) VALUES (116,2,182);
INSERT INTO INVENTORIES (PRODUCT_ID,WAREHOUSE_ID,QUANTITY) VALUES (117,2,182);
INSERT INTO INVENTORIES (PRODUCT_ID,WAREHOUSE_ID,QUANTITY) VALUES (119,2,183);
INSERT INTO INVENTORIES (PRODUCT_ID,WAREHOUSE_ID,QUANTITY) VALUES (120,2,183);
INSERT INTO INVENTORIES (PRODUCT_ID,WAREHOUSE_ID,QUANTITY) VALUES (121,2,183);
INSERT INTO INVENTORIES (PRODUCT_ID,WAREHOUSE_ID,QUANTITY) VALUES (122,2,183);
INSERT INTO INVENTORIES (PRODUCT_ID,WAREHOUSE_ID,QUANTITY) VALUES (123,2,184);
INSERT INTO INVENTORIES (PRODUCT_ID,WAREHOUSE_ID,QUANTITY) VALUES (124,2,184);
INSERT INTO INVENTORIES (PRODUCT_ID,WAREHOUSE_ID,QUANTITY) VALUES (125,2,184);
INSERT INTO INVENTORIES (PRODUCT_ID,WAREHOUSE_ID,QUANTITY) VALUES (126,2,184);
INSERT INTO INVENTORIES (PRODUCT_ID,WAREHOUSE_ID,QUANTITY) VALUES (128,2,185);
INSERT INTO INVENTORIES (PRODUCT_ID,WAREHOUSE_ID,QUANTITY) VALUES (129,2,185);
INSERT INTO INVENTORIES (PRODUCT_ID,WAREHOUSE_ID,QUANTITY) VALUES (130,2,88);
INSERT INTO INVENTORIES (PRODUCT_ID,WAREHOUSE_ID,QUANTITY) VALUES (131,2,88);
INSERT INTO INVENTORIES (PRODUCT_ID,WAREHOUSE_ID,QUANTITY) VALUES (132,2,185);
INSERT INTO INVENTORIES (PRODUCT_ID,WAREHOUSE_ID,QUANTITY) VALUES (133,2,185);
INSERT INTO INVENTORIES (PRODUCT_ID,WAREHOUSE_ID,QUANTITY) VALUES (134,2,89);
INSERT INTO INVENTORIES (PRODUCT_ID,WAREHOUSE_ID,QUANTITY) VALUES (135,2,89);
INSERT INTO INVENTORIES (PRODUCT_ID,WAREHOUSE_ID,QUANTITY) VALUES (136,2,186);
INSERT INTO INVENTORIES (PRODUCT_ID,WAREHOUSE_ID,QUANTITY) VALUES (138,2,191);
INSERT INTO INVENTORIES (PRODUCT_ID,WAREHOUSE_ID,QUANTITY) VALUES (139,2,93);
INSERT INTO INVENTORIES (PRODUCT_ID,WAREHOUSE_ID,QUANTITY) VALUES (140,2,94);
INSERT INTO INVENTORIES (PRODUCT_ID,WAREHOUSE_ID,QUANTITY) VALUES (142,2,194);
INSERT INTO INVENTORIES (PRODUCT_ID,WAREHOUSE_ID,QUANTITY) VALUES (144,2,95);
INSERT INTO INVENTORIES (PRODUCT_ID,WAREHOUSE_ID,QUANTITY) VALUES (145,2,96);
INSERT INTO INVENTORIES (PRODUCT_ID,WAREHOUSE_ID,QUANTITY) VALUES (146,2,96);
INSERT INTO INVENTORIES (PRODUCT_ID,WAREHOUSE_ID,QUANTITY) VALUES (147,2,96);
INSERT INTO INVENTORIES (PRODUCT_ID,WAREHOUSE_ID,QUANTITY) VALUES (148,2,97);
INSERT INTO INVENTORIES (PRODUCT_ID,WAREHOUSE_ID,QUANTITY) VALUES (149,2,97);
INSERT INTO INVENTORIES (PRODUCT_ID,WAREHOUSE_ID,QUANTITY) VALUES (150,2,101);
INSERT INTO INVENTORIES (PRODUCT_ID,WAREHOUSE_ID,QUANTITY) VALUES (151,2,101);
INSERT INTO INVENTORIES (PRODUCT_ID,WAREHOUSE_ID,QUANTITY) VALUES (152,2,101);
INSERT INTO INVENTORIES (PRODUCT_ID,WAREHOUSE_ID,QUANTITY) VALUES (161,2,120);
INSERT INTO INVENTORIES (PRODUCT_ID,WAREHOUSE_ID,QUANTITY) VALUES (166,2,138);
INSERT INTO INVENTORIES (PRODUCT_ID,WAREHOUSE_ID,QUANTITY) VALUES (168,2,128);
INSERT INTO INVENTORIES (PRODUCT_ID,WAREHOUSE_ID,QUANTITY) VALUES (174,2,158);
INSERT INTO INVENTORIES (PRODUCT_ID,WAREHOUSE_ID,QUANTITY) VALUES (175,2,158);
INSERT INTO INVENTORIES (PRODUCT_ID,WAREHOUSE_ID,QUANTITY) VALUES (182,2,177);
INSERT INTO INVENTORIES (PRODUCT_ID,WAREHOUSE_ID,QUANTITY) VALUES (184,2,178);
INSERT INTO INVENTORIES (PRODUCT_ID,WAREHOUSE_ID,QUANTITY) VALUES (185,2,178);
INSERT INTO INVENTORIES (PRODUCT_ID,WAREHOUSE_ID,QUANTITY) VALUES (188,2,171);
INSERT INTO INVENTORIES (PRODUCT_ID,WAREHOUSE_ID,QUANTITY) VALUES (189,2,172);
INSERT INTO INVENTORIES (PRODUCT_ID,WAREHOUSE_ID,QUANTITY) VALUES (190,2,172);
INSERT INTO INVENTORIES (PRODUCT_ID,WAREHOUSE_ID,QUANTITY) VALUES (191,2,173);
INSERT INTO INVENTORIES (PRODUCT_ID,WAREHOUSE_ID,QUANTITY) VALUES (193,2,173);
INSERT INTO INVENTORIES (PRODUCT_ID,WAREHOUSE_ID,QUANTITY) VALUES (195,2,174);
INSERT INTO INVENTORIES (PRODUCT_ID,WAREHOUSE_ID,QUANTITY) VALUES (196,2,174);
INSERT INTO INVENTORIES (PRODUCT_ID,WAREHOUSE_ID,QUANTITY) VALUES (198,2,175);
INSERT INTO INVENTORIES (PRODUCT_ID,WAREHOUSE_ID,QUANTITY) VALUES (199,2,176);
INSERT INTO INVENTORIES (PRODUCT_ID,WAREHOUSE_ID,QUANTITY) VALUES (200,2,176);
INSERT INTO INVENTORIES (PRODUCT_ID,WAREHOUSE_ID,QUANTITY) VALUES (201,2,176);
INSERT INTO INVENTORIES (PRODUCT_ID,WAREHOUSE_ID,QUANTITY) VALUES (203,2,177);
INSERT INTO INVENTORIES (PRODUCT_ID,WAREHOUSE_ID,QUANTITY) VALUES (204,2,177);
INSERT INTO INVENTORIES (PRODUCT_ID,WAREHOUSE_ID,QUANTITY) VALUES (205,2,177);
INSERT INTO INVENTORIES (PRODUCT_ID,WAREHOUSE_ID,QUANTITY) VALUES (207,2,193);
INSERT INTO INVENTORIES (PRODUCT_ID,WAREHOUSE_ID,QUANTITY) VALUES (210,2,194);
INSERT INTO INVENTORIES (PRODUCT_ID,WAREHOUSE_ID,QUANTITY) VALUES (211,2,195);
INSERT INTO INVENTORIES (PRODUCT_ID,WAREHOUSE_ID,QUANTITY) VALUES (212,2,195);
INSERT INTO INVENTORIES (PRODUCT_ID,WAREHOUSE_ID,QUANTITY) VALUES (214,2,196);
INSERT INTO INVENTORIES (PRODUCT_ID,WAREHOUSE_ID,QUANTITY) VALUES (216,2,197);
INSERT INTO INVENTORIES (PRODUCT_ID,WAREHOUSE_ID,QUANTITY) VALUES (218,2,198);
INSERT INTO INVENTORIES (PRODUCT_ID,WAREHOUSE_ID,QUANTITY) VALUES (220,2,184);
INSERT INTO INVENTORIES (PRODUCT_ID,WAREHOUSE_ID,QUANTITY) VALUES (221,2,185);
INSERT INTO INVENTORIES (PRODUCT_ID,WAREHOUSE_ID,QUANTITY) VALUES (222,2,185);
INSERT INTO INVENTORIES (PRODUCT_ID,WAREHOUSE_ID,QUANTITY) VALUES (223,2,185);
INSERT INTO INVENTORIES (PRODUCT_ID,WAREHOUSE_ID,QUANTITY) VALUES (227,2,189);
INSERT INTO INVENTORIES (PRODUCT_ID,WAREHOUSE_ID,QUANTITY) VALUES (228,2,189);
INSERT INTO INVENTORIES (PRODUCT_ID,WAREHOUSE_ID,QUANTITY) VALUES (229,2,212);
INSERT INTO INVENTORIES (PRODUCT_ID,WAREHOUSE_ID,QUANTITY) VALUES (230,2,213);
INSERT INTO INVENTORIES (PRODUCT_ID,WAREHOUSE_ID,QUANTITY) VALUES (231,2,213);
INSERT INTO INVENTORIES (PRODUCT_ID,WAREHOUSE_ID,QUANTITY) VALUES (232,2,213);
INSERT INTO INVENTORIES (PRODUCT_ID,WAREHOUSE_ID,QUANTITY) VALUES (233,2,213);
INSERT INTO INVENTORIES (PRODUCT_ID,WAREHOUSE_ID,QUANTITY) VALUES (234,2,213);
INSERT INTO INVENTORIES (PRODUCT_ID,WAREHOUSE_ID,QUANTITY) VALUES (235,2,214);
INSERT INTO INVENTORIES (PRODUCT_ID,WAREHOUSE_ID,QUANTITY) VALUES (236,2,214);
INSERT INTO INVENTORIES (PRODUCT_ID,WAREHOUSE_ID,QUANTITY) VALUES (237,2,214);
INSERT INTO INVENTORIES (PRODUCT_ID,WAREHOUSE_ID,QUANTITY) VALUES (238,2,214);
INSERT INTO INVENTORIES (PRODUCT_ID,WAREHOUSE_ID,QUANTITY) VALUES (239,2,214);
INSERT INTO INVENTORIES (PRODUCT_ID,WAREHOUSE_ID,QUANTITY) VALUES (245,2,209);
INSERT INTO INVENTORIES (PRODUCT_ID,WAREHOUSE_ID,QUANTITY) VALUES (254,2,225);
INSERT INTO INVENTORIES (PRODUCT_ID,WAREHOUSE_ID,QUANTITY) VALUES (255,2,225);
INSERT INTO INVENTORIES (PRODUCT_ID,WAREHOUSE_ID,QUANTITY) VALUES (256,2,225);
INSERT INTO INVENTORIES (PRODUCT_ID,WAREHOUSE_ID,QUANTITY) VALUES (257,2,226);
INSERT INTO INVENTORIES (PRODUCT_ID,WAREHOUSE_ID,QUANTITY) VALUES (258,2,226);
INSERT INTO INVENTORIES (PRODUCT_ID,WAREHOUSE_ID,QUANTITY) VALUES (259,2,226);
INSERT INTO INVENTORIES (PRODUCT_ID,WAREHOUSE_ID,QUANTITY) VALUES (260,2,226);
INSERT INTO INVENTORIES (PRODUCT_ID,WAREHOUSE_ID,QUANTITY) VALUES (261,2,226);
INSERT INTO INVENTORIES (PRODUCT_ID,WAREHOUSE_ID,QUANTITY) VALUES (262,2,227);
INSERT INTO INVENTORIES (PRODUCT_ID,WAREHOUSE_ID,QUANTITY) VALUES (263,2,227);
INSERT INTO INVENTORIES (PRODUCT_ID,WAREHOUSE_ID,QUANTITY) VALUES (264,2,227);
INSERT INTO INVENTORIES (PRODUCT_ID,WAREHOUSE_ID,QUANTITY) VALUES (265,2,227);
INSERT INTO INVENTORIES (PRODUCT_ID,WAREHOUSE_ID,QUANTITY) VALUES (269,2,210);
INSERT INTO INVENTORIES (PRODUCT_ID,WAREHOUSE_ID,QUANTITY) VALUES (270,2,210);
INSERT INTO INVENTORIES (PRODUCT_ID,WAREHOUSE_ID,QUANTITY) VALUES (271,2,215);
INSERT INTO INVENTORIES (PRODUCT_ID,WAREHOUSE_ID,QUANTITY) VALUES (272,2,216);
INSERT INTO INVENTORIES (PRODUCT_ID,WAREHOUSE_ID,QUANTITY) VALUES (273,2,264);
INSERT INTO INVENTORIES (PRODUCT_ID,WAREHOUSE_ID,QUANTITY) VALUES (274,2,232);
INSERT INTO INVENTORIES (PRODUCT_ID,WAREHOUSE_ID,QUANTITY) VALUES (276,2,219);
INSERT INTO INVENTORIES (PRODUCT_ID,WAREHOUSE_ID,QUANTITY) VALUES (277,2,219);
INSERT INTO INVENTORIES (PRODUCT_ID,WAREHOUSE_ID,QUANTITY) VALUES (278,2,220);
INSERT INTO INVENTORIES (PRODUCT_ID,WAREHOUSE_ID,QUANTITY) VALUES (279,2,244);
INSERT INTO INVENTORIES (PRODUCT_ID,WAREHOUSE_ID,QUANTITY) VALUES (280,2,244);
INSERT INTO INVENTORIES (PRODUCT_ID,WAREHOUSE_ID,QUANTITY) VALUES (281,2,239);
INSERT INTO INVENTORIES (PRODUCT_ID,WAREHOUSE_ID,QUANTITY) VALUES (283,2,226);
INSERT INTO INVENTORIES (PRODUCT_ID,WAREHOUSE_ID,QUANTITY) VALUES (284,2,353);
INSERT INTO INVENTORIES (PRODUCT_ID,WAREHOUSE_ID,QUANTITY) VALUES (285,2,267);
INSERT INTO INVENTORIES (PRODUCT_ID,WAREHOUSE_ID,QUANTITY) VALUES (286,2,267);
INSERT INTO INVENTORIES (PRODUCT_ID,WAREHOUSE_ID,QUANTITY) VALUES (2,3,100);
INSERT INTO INVENTORIES (PRODUCT_ID,WAREHOUSE_ID,QUANTITY) VALUES (3,3,88);
INSERT INTO INVENTORIES (PRODUCT_ID,WAREHOUSE_ID,QUANTITY) VALUES (4,3,88);
INSERT INTO INVENTORIES (PRODUCT_ID,WAREHOUSE_ID,QUANTITY) VALUES (5,3,89);
INSERT INTO INVENTORIES (PRODUCT_ID,WAREHOUSE_ID,QUANTITY) VALUES (6,3,89);
INSERT INTO INVENTORIES (PRODUCT_ID,WAREHOUSE_ID,QUANTITY) VALUES (11,3,90);
INSERT INTO INVENTORIES (PRODUCT_ID,WAREHOUSE_ID,QUANTITY) VALUES (12,3,90);
INSERT INTO INVENTORIES (PRODUCT_ID,WAREHOUSE_ID,QUANTITY) VALUES (46,3,112);
INSERT INTO INVENTORIES (PRODUCT_ID,WAREHOUSE_ID,QUANTITY) VALUES (47,3,66);
INSERT INTO INVENTORIES (PRODUCT_ID,WAREHOUSE_ID,QUANTITY) VALUES (80,3,101);
INSERT INTO INVENTORIES (PRODUCT_ID,WAREHOUSE_ID,QUANTITY) VALUES (87,3,107);
INSERT INTO INVENTORIES (PRODUCT_ID,WAREHOUSE_ID,QUANTITY) VALUES (88,3,118);
INSERT INTO INVENTORIES (PRODUCT_ID,WAREHOUSE_ID,QUANTITY) VALUES (89,3,118);
INSERT INTO INVENTORIES (PRODUCT_ID,WAREHOUSE_ID,QUANTITY) VALUES (90,3,118);
INSERT INTO INVENTORIES (PRODUCT_ID,WAREHOUSE_ID,QUANTITY) VALUES (91,3,94);
INSERT INTO INVENTORIES (PRODUCT_ID,WAREHOUSE_ID,QUANTITY) VALUES (98,3,69);
INSERT INTO INVENTORIES (PRODUCT_ID,WAREHOUSE_ID,QUANTITY) VALUES (102,3,73);
INSERT INTO INVENTORIES (PRODUCT_ID,WAREHOUSE_ID,QUANTITY) VALUES (103,3,126);
INSERT INTO INVENTORIES (PRODUCT_ID,WAREHOUSE_ID,QUANTITY) VALUES (105,3,126);
INSERT INTO INVENTORIES (PRODUCT_ID,WAREHOUSE_ID,QUANTITY) VALUES (108,3,127);
INSERT INTO INVENTORIES (PRODUCT_ID,WAREHOUSE_ID,QUANTITY) VALUES (110,3,127);
INSERT INTO INVENTORIES (PRODUCT_ID,WAREHOUSE_ID,QUANTITY) VALUES (114,3,131);
INSERT INTO INVENTORIES (PRODUCT_ID,WAREHOUSE_ID,QUANTITY) VALUES (123,3,135);
INSERT INTO INVENTORIES (PRODUCT_ID,WAREHOUSE_ID,QUANTITY) VALUES (132,3,136);
INSERT INTO INVENTORIES (PRODUCT_ID,WAREHOUSE_ID,QUANTITY) VALUES (133,3,136);
INSERT INTO INVENTORIES (PRODUCT_ID,WAREHOUSE_ID,QUANTITY) VALUES (142,3,142);
INSERT INTO INVENTORIES (PRODUCT_ID,WAREHOUSE_ID,QUANTITY) VALUES (159,3,87);
INSERT INTO INVENTORIES (PRODUCT_ID,WAREHOUSE_ID,QUANTITY) VALUES (160,3,93);
INSERT INTO INVENTORIES (PRODUCT_ID,WAREHOUSE_ID,QUANTITY) VALUES (161,3,108);
INSERT INTO INVENTORIES (PRODUCT_ID,WAREHOUSE_ID,QUANTITY) VALUES (163,3,107);
INSERT INTO INVENTORIES (PRODUCT_ID,WAREHOUSE_ID,QUANTITY) VALUES (174,3,146);
INSERT INTO INVENTORIES (PRODUCT_ID,WAREHOUSE_ID,QUANTITY) VALUES (175,3,146);
INSERT INTO INVENTORIES (PRODUCT_ID,WAREHOUSE_ID,QUANTITY) VALUES (182,3,245);
INSERT INTO INVENTORIES (PRODUCT_ID,WAREHOUSE_ID,QUANTITY) VALUES (184,3,246);
INSERT INTO INVENTORIES (PRODUCT_ID,WAREHOUSE_ID,QUANTITY) VALUES (185,3,246);
INSERT INTO INVENTORIES (PRODUCT_ID,WAREHOUSE_ID,QUANTITY) VALUES (207,3,181);
INSERT INTO INVENTORIES (PRODUCT_ID,WAREHOUSE_ID,QUANTITY) VALUES (216,3,185);
INSERT INTO INVENTORIES (PRODUCT_ID,WAREHOUSE_ID,QUANTITY) VALUES (220,3,272);
INSERT INTO INVENTORIES (PRODUCT_ID,WAREHOUSE_ID,QUANTITY) VALUES (221,3,273);
INSERT INTO INVENTORIES (PRODUCT_ID,WAREHOUSE_ID,QUANTITY) VALUES (222,3,273);
INSERT INTO INVENTORIES (PRODUCT_ID,WAREHOUSE_ID,QUANTITY) VALUES (223,3,273);
INSERT INTO INVENTORIES (PRODUCT_ID,WAREHOUSE_ID,QUANTITY) VALUES (241,3,181);
INSERT INTO INVENTORIES (PRODUCT_ID,WAREHOUSE_ID,QUANTITY) VALUES (242,3,181);
INSERT INTO INVENTORIES (PRODUCT_ID,WAREHOUSE_ID,QUANTITY) VALUES (243,3,181);
INSERT INTO INVENTORIES (PRODUCT_ID,WAREHOUSE_ID,QUANTITY) VALUES (245,3,197);
INSERT INTO INVENTORIES (PRODUCT_ID,WAREHOUSE_ID,QUANTITY) VALUES (269,3,304);
INSERT INTO INVENTORIES (PRODUCT_ID,WAREHOUSE_ID,QUANTITY) VALUES (270,3,304);
INSERT INTO INVENTORIES (PRODUCT_ID,WAREHOUSE_ID,QUANTITY) VALUES (281,3,227);
INSERT INTO INVENTORIES (PRODUCT_ID,WAREHOUSE_ID,QUANTITY) VALUES (3,4,63);
INSERT INTO INVENTORIES (PRODUCT_ID,WAREHOUSE_ID,QUANTITY) VALUES (4,4,63);
INSERT INTO INVENTORIES (PRODUCT_ID,WAREHOUSE_ID,QUANTITY) VALUES (5,4,63);
INSERT INTO INVENTORIES (PRODUCT_ID,WAREHOUSE_ID,QUANTITY) VALUES (6,4,64);
INSERT INTO INVENTORIES (PRODUCT_ID,WAREHOUSE_ID,QUANTITY) VALUES (7,4,64);
INSERT INTO INVENTORIES (PRODUCT_ID,WAREHOUSE_ID,QUANTITY) VALUES (8,4,67);
INSERT INTO INVENTORIES (PRODUCT_ID,WAREHOUSE_ID,QUANTITY) VALUES (9,4,67);
INSERT INTO INVENTORIES (PRODUCT_ID,WAREHOUSE_ID,QUANTITY) VALUES (11,4,68);
INSERT INTO INVENTORIES (PRODUCT_ID,WAREHOUSE_ID,QUANTITY) VALUES (12,4,68);
INSERT INTO INVENTORIES (PRODUCT_ID,WAREHOUSE_ID,QUANTITY) VALUES (13,4,68);
INSERT INTO INVENTORIES (PRODUCT_ID,WAREHOUSE_ID,QUANTITY) VALUES (14,4,68);
INSERT INTO INVENTORIES (PRODUCT_ID,WAREHOUSE_ID,QUANTITY) VALUES (15,4,69);
INSERT INTO INVENTORIES (PRODUCT_ID,WAREHOUSE_ID,QUANTITY) VALUES (17,4,70);
INSERT INTO INVENTORIES (PRODUCT_ID,WAREHOUSE_ID,QUANTITY) VALUES (18,4,71);
INSERT INTO INVENTORIES (PRODUCT_ID,WAREHOUSE_ID,QUANTITY) VALUES (19,4,71);
INSERT INTO INVENTORIES (PRODUCT_ID,WAREHOUSE_ID,QUANTITY) VALUES (20,4,71);
INSERT INTO INVENTORIES (PRODUCT_ID,WAREHOUSE_ID,QUANTITY) VALUES (21,4,72);
INSERT INTO INVENTORIES (PRODUCT_ID,WAREHOUSE_ID,QUANTITY) VALUES (27,4,73);
INSERT INTO INVENTORIES (PRODUCT_ID,WAREHOUSE_ID,QUANTITY) VALUES (29,4,74);
INSERT INTO INVENTORIES (PRODUCT_ID,WAREHOUSE_ID,QUANTITY) VALUES (30,4,74);
INSERT INTO INVENTORIES (PRODUCT_ID,WAREHOUSE_ID,QUANTITY) VALUES (54,4,88);
INSERT INTO INVENTORIES (PRODUCT_ID,WAREHOUSE_ID,QUANTITY) VALUES (62,4,74);
INSERT INTO INVENTORIES (PRODUCT_ID,WAREHOUSE_ID,QUANTITY) VALUES (63,4,74);
INSERT INTO INVENTORIES (PRODUCT_ID,WAREHOUSE_ID,QUANTITY) VALUES (67,4,76);
INSERT INTO INVENTORIES (PRODUCT_ID,WAREHOUSE_ID,QUANTITY) VALUES (68,4,76);
INSERT INTO INVENTORIES (PRODUCT_ID,WAREHOUSE_ID,QUANTITY) VALUES (69,4,76);
INSERT INTO INVENTORIES (PRODUCT_ID,WAREHOUSE_ID,QUANTITY) VALUES (70,4,76);
INSERT INTO INVENTORIES (PRODUCT_ID,WAREHOUSE_ID,QUANTITY) VALUES (71,4,76);
INSERT INTO INVENTORIES (PRODUCT_ID,WAREHOUSE_ID,QUANTITY) VALUES (72,4,77);
INSERT INTO INVENTORIES (PRODUCT_ID,WAREHOUSE_ID,QUANTITY) VALUES (73,4,87);
INSERT INTO INVENTORIES (PRODUCT_ID,WAREHOUSE_ID,QUANTITY) VALUES (74,4,87);
INSERT INTO INVENTORIES (PRODUCT_ID,WAREHOUSE_ID,QUANTITY) VALUES (76,4,88);
INSERT INTO INVENTORIES (PRODUCT_ID,WAREHOUSE_ID,QUANTITY) VALUES (78,4,89);
INSERT INTO INVENTORIES (PRODUCT_ID,WAREHOUSE_ID,QUANTITY) VALUES (79,4,89);
INSERT INTO INVENTORIES (PRODUCT_ID,WAREHOUSE_ID,QUANTITY) VALUES (80,4,89);
INSERT INTO INVENTORIES (PRODUCT_ID,WAREHOUSE_ID,QUANTITY) VALUES (87,4,95);
INSERT INTO INVENTORIES (PRODUCT_ID,WAREHOUSE_ID,QUANTITY) VALUES (88,4,86);
INSERT INTO INVENTORIES (PRODUCT_ID,WAREHOUSE_ID,QUANTITY) VALUES (89,4,86);
INSERT INTO INVENTORIES (PRODUCT_ID,WAREHOUSE_ID,QUANTITY) VALUES (90,4,86);
INSERT INTO INVENTORIES (PRODUCT_ID,WAREHOUSE_ID,QUANTITY) VALUES (101,4,95);
INSERT INTO INVENTORIES (PRODUCT_ID,WAREHOUSE_ID,QUANTITY) VALUES (103,4,97);
INSERT INTO INVENTORIES (PRODUCT_ID,WAREHOUSE_ID,QUANTITY) VALUES (105,4,97);
INSERT INTO INVENTORIES (PRODUCT_ID,WAREHOUSE_ID,QUANTITY) VALUES (106,4,97);
INSERT INTO INVENTORIES (PRODUCT_ID,WAREHOUSE_ID,QUANTITY) VALUES (107,4,97);
INSERT INTO INVENTORIES (PRODUCT_ID,WAREHOUSE_ID,QUANTITY) VALUES (108,4,98);
INSERT INTO INVENTORIES (PRODUCT_ID,WAREHOUSE_ID,QUANTITY) VALUES (109,4,98);
INSERT INTO INVENTORIES (PRODUCT_ID,WAREHOUSE_ID,QUANTITY) VALUES (110,4,98);
INSERT INTO INVENTORIES (PRODUCT_ID,WAREHOUSE_ID,QUANTITY) VALUES (114,4,99);
INSERT INTO INVENTORIES (PRODUCT_ID,WAREHOUSE_ID,QUANTITY) VALUES (115,4,100);
INSERT INTO INVENTORIES (PRODUCT_ID,WAREHOUSE_ID,QUANTITY) VALUES (116,4,100);
INSERT INTO INVENTORIES (PRODUCT_ID,WAREHOUSE_ID,QUANTITY) VALUES (117,4,101);
INSERT INTO INVENTORIES (PRODUCT_ID,WAREHOUSE_ID,QUANTITY) VALUES (119,4,102);
INSERT INTO INVENTORIES (PRODUCT_ID,WAREHOUSE_ID,QUANTITY) VALUES (120,4,102);
INSERT INTO INVENTORIES (PRODUCT_ID,WAREHOUSE_ID,QUANTITY) VALUES (121,4,102);
INSERT INTO INVENTORIES (PRODUCT_ID,WAREHOUSE_ID,QUANTITY) VALUES (122,4,102);
INSERT INTO INVENTORIES (PRODUCT_ID,WAREHOUSE_ID,QUANTITY) VALUES (123,4,103);
INSERT INTO INVENTORIES (PRODUCT_ID,WAREHOUSE_ID,QUANTITY) VALUES (124,4,103);
INSERT INTO INVENTORIES (PRODUCT_ID,WAREHOUSE_ID,QUANTITY) VALUES (125,4,103);
INSERT INTO INVENTORIES (PRODUCT_ID,WAREHOUSE_ID,QUANTITY) VALUES (126,4,103);
INSERT INTO INVENTORIES (PRODUCT_ID,WAREHOUSE_ID,QUANTITY) VALUES (128,4,103);
INSERT INTO INVENTORIES (PRODUCT_ID,WAREHOUSE_ID,QUANTITY) VALUES (129,4,104);
INSERT INTO INVENTORIES (PRODUCT_ID,WAREHOUSE_ID,QUANTITY) VALUES (132,4,104);
INSERT INTO INVENTORIES (PRODUCT_ID,WAREHOUSE_ID,QUANTITY) VALUES (133,4,104);
INSERT INTO INVENTORIES (PRODUCT_ID,WAREHOUSE_ID,QUANTITY) VALUES (136,4,105);
INSERT INTO INVENTORIES (PRODUCT_ID,WAREHOUSE_ID,QUANTITY) VALUES (138,4,107);
INSERT INTO INVENTORIES (PRODUCT_ID,WAREHOUSE_ID,QUANTITY) VALUES (142,4,110);
INSERT INTO INVENTORIES (PRODUCT_ID,WAREHOUSE_ID,QUANTITY) VALUES (161,4,96);
INSERT INTO INVENTORIES (PRODUCT_ID,WAREHOUSE_ID,QUANTITY) VALUES (166,4,114);
INSERT INTO INVENTORIES (PRODUCT_ID,WAREHOUSE_ID,QUANTITY) VALUES (174,4,134);
INSERT INTO INVENTORIES (PRODUCT_ID,WAREHOUSE_ID,QUANTITY) VALUES (175,4,134);
INSERT INTO INVENTORIES (PRODUCT_ID,WAREHOUSE_ID,QUANTITY) VALUES (182,4,210);
INSERT INTO INVENTORIES (PRODUCT_ID,WAREHOUSE_ID,QUANTITY) VALUES (184,4,211);
INSERT INTO INVENTORIES (PRODUCT_ID,WAREHOUSE_ID,QUANTITY) VALUES (185,4,211);
INSERT INTO INVENTORIES (PRODUCT_ID,WAREHOUSE_ID,QUANTITY) VALUES (188,4,219);
INSERT INTO INVENTORIES (PRODUCT_ID,WAREHOUSE_ID,QUANTITY) VALUES (189,4,219);
INSERT INTO INVENTORIES (PRODUCT_ID,WAREHOUSE_ID,QUANTITY) VALUES (190,4,223);
INSERT INTO INVENTORIES (PRODUCT_ID,WAREHOUSE_ID,QUANTITY) VALUES (191,4,223);
INSERT INTO INVENTORIES (PRODUCT_ID,WAREHOUSE_ID,QUANTITY) VALUES (193,4,223);
INSERT INTO INVENTORIES (PRODUCT_ID,WAREHOUSE_ID,QUANTITY) VALUES (195,4,224);
INSERT INTO INVENTORIES (PRODUCT_ID,WAREHOUSE_ID,QUANTITY) VALUES (196,4,225);
INSERT INTO INVENTORIES (PRODUCT_ID,WAREHOUSE_ID,QUANTITY) VALUES (198,4,225);
INSERT INTO INVENTORIES (PRODUCT_ID,WAREHOUSE_ID,QUANTITY) VALUES (199,4,226);
INSERT INTO INVENTORIES (PRODUCT_ID,WAREHOUSE_ID,QUANTITY) VALUES (200,4,226);
INSERT INTO INVENTORIES (PRODUCT_ID,WAREHOUSE_ID,QUANTITY) VALUES (201,4,227);
INSERT INTO INVENTORIES (PRODUCT_ID,WAREHOUSE_ID,QUANTITY) VALUES (203,4,227);
INSERT INTO INVENTORIES (PRODUCT_ID,WAREHOUSE_ID,QUANTITY) VALUES (204,4,227);
INSERT INTO INVENTORIES (PRODUCT_ID,WAREHOUSE_ID,QUANTITY) VALUES (205,4,228);
INSERT INTO INVENTORIES (PRODUCT_ID,WAREHOUSE_ID,QUANTITY) VALUES (207,4,169);
INSERT INTO INVENTORIES (PRODUCT_ID,WAREHOUSE_ID,QUANTITY) VALUES (210,4,170);
INSERT INTO INVENTORIES (PRODUCT_ID,WAREHOUSE_ID,QUANTITY) VALUES (211,4,171);
INSERT INTO INVENTORIES (PRODUCT_ID,WAREHOUSE_ID,QUANTITY) VALUES (212,4,171);
INSERT INTO INVENTORIES (PRODUCT_ID,WAREHOUSE_ID,QUANTITY) VALUES (214,4,172);
INSERT INTO INVENTORIES (PRODUCT_ID,WAREHOUSE_ID,QUANTITY) VALUES (216,4,173);
INSERT INTO INVENTORIES (PRODUCT_ID,WAREHOUSE_ID,QUANTITY) VALUES (218,4,174);
INSERT INTO INVENTORIES (PRODUCT_ID,WAREHOUSE_ID,QUANTITY) VALUES (220,4,234);
INSERT INTO INVENTORIES (PRODUCT_ID,WAREHOUSE_ID,QUANTITY) VALUES (221,4,235);
INSERT INTO INVENTORIES (PRODUCT_ID,WAREHOUSE_ID,QUANTITY) VALUES (222,4,235);
INSERT INTO INVENTORIES (PRODUCT_ID,WAREHOUSE_ID,QUANTITY) VALUES (223,4,236);
INSERT INTO INVENTORIES (PRODUCT_ID,WAREHOUSE_ID,QUANTITY) VALUES (245,4,185);
INSERT INTO INVENTORIES (PRODUCT_ID,WAREHOUSE_ID,QUANTITY) VALUES (269,4,266);
INSERT INTO INVENTORIES (PRODUCT_ID,WAREHOUSE_ID,QUANTITY) VALUES (270,4,266);
INSERT INTO INVENTORIES (PRODUCT_ID,WAREHOUSE_ID,QUANTITY) VALUES (271,4,271);
INSERT INTO INVENTORIES (PRODUCT_ID,WAREHOUSE_ID,QUANTITY) VALUES (272,4,272);
INSERT INTO INVENTORIES (PRODUCT_ID,WAREHOUSE_ID,QUANTITY) VALUES (274,4,208);
INSERT INTO INVENTORIES (PRODUCT_ID,WAREHOUSE_ID,QUANTITY) VALUES (276,4,275);
INSERT INTO INVENTORIES (PRODUCT_ID,WAREHOUSE_ID,QUANTITY) VALUES (277,4,275);
INSERT INTO INVENTORIES (PRODUCT_ID,WAREHOUSE_ID,QUANTITY) VALUES (278,4,276);
INSERT INTO INVENTORIES (PRODUCT_ID,WAREHOUSE_ID,QUANTITY) VALUES (281,4,215);
INSERT INTO INVENTORIES (PRODUCT_ID,WAREHOUSE_ID,QUANTITY) VALUES (283,4,282);
INSERT INTO INVENTORIES (PRODUCT_ID,WAREHOUSE_ID,QUANTITY) VALUES (2,5,71);
INSERT INTO INVENTORIES (PRODUCT_ID,WAREHOUSE_ID,QUANTITY) VALUES (3,5,46);
INSERT INTO INVENTORIES (PRODUCT_ID,WAREHOUSE_ID,QUANTITY) VALUES (4,5,46);
INSERT INTO INVENTORIES (PRODUCT_ID,WAREHOUSE_ID,QUANTITY) VALUES (5,5,47);
INSERT INTO INVENTORIES (PRODUCT_ID,WAREHOUSE_ID,QUANTITY) VALUES (6,5,47);
INSERT INTO INVENTORIES (PRODUCT_ID,WAREHOUSE_ID,QUANTITY) VALUES (11,5,48);
INSERT INTO INVENTORIES (PRODUCT_ID,WAREHOUSE_ID,QUANTITY) VALUES (12,5,48);
INSERT INTO INVENTORIES (PRODUCT_ID,WAREHOUSE_ID,QUANTITY) VALUES (22,5,73);
INSERT INTO INVENTORIES (PRODUCT_ID,WAREHOUSE_ID,QUANTITY) VALUES (23,5,74);
INSERT INTO INVENTORIES (PRODUCT_ID,WAREHOUSE_ID,QUANTITY) VALUES (24,5,74);
INSERT INTO INVENTORIES (PRODUCT_ID,WAREHOUSE_ID,QUANTITY) VALUES (25,5,74);
INSERT INTO INVENTORIES (PRODUCT_ID,WAREHOUSE_ID,QUANTITY) VALUES (26,5,74);
INSERT INTO INVENTORIES (PRODUCT_ID,WAREHOUSE_ID,QUANTITY) VALUES (33,5,77);
INSERT INTO INVENTORIES (PRODUCT_ID,WAREHOUSE_ID,QUANTITY) VALUES (35,5,77);
INSERT INTO INVENTORIES (PRODUCT_ID,WAREHOUSE_ID,QUANTITY) VALUES (36,5,78);
INSERT INTO INVENTORIES (PRODUCT_ID,WAREHOUSE_ID,QUANTITY) VALUES (37,5,78);
INSERT INTO INVENTORIES (PRODUCT_ID,WAREHOUSE_ID,QUANTITY) VALUES (38,5,78);
INSERT INTO INVENTORIES (PRODUCT_ID,WAREHOUSE_ID,QUANTITY) VALUES (39,5,78);
INSERT INTO INVENTORIES (PRODUCT_ID,WAREHOUSE_ID,QUANTITY) VALUES (40,5,78);
INSERT INTO INVENTORIES (PRODUCT_ID,WAREHOUSE_ID,QUANTITY) VALUES (41,5,79);
INSERT INTO INVENTORIES (PRODUCT_ID,WAREHOUSE_ID,QUANTITY) VALUES (42,5,81);
INSERT INTO INVENTORIES (PRODUCT_ID,WAREHOUSE_ID,QUANTITY) VALUES (43,5,81);
INSERT INTO INVENTORIES (PRODUCT_ID,WAREHOUSE_ID,QUANTITY) VALUES (44,5,82);
INSERT INTO INVENTORIES (PRODUCT_ID,WAREHOUSE_ID,QUANTITY) VALUES (46,5,90);
INSERT INTO INVENTORIES (PRODUCT_ID,WAREHOUSE_ID,QUANTITY) VALUES (47,5,44);
INSERT INTO INVENTORIES (PRODUCT_ID,WAREHOUSE_ID,QUANTITY) VALUES (50,5,69);
INSERT INTO INVENTORIES (PRODUCT_ID,WAREHOUSE_ID,QUANTITY) VALUES (80,5,77);
INSERT INTO INVENTORIES (PRODUCT_ID,WAREHOUSE_ID,QUANTITY) VALUES (87,5,83);
INSERT INTO INVENTORIES (PRODUCT_ID,WAREHOUSE_ID,QUANTITY) VALUES (88,5,62);
INSERT INTO INVENTORIES (PRODUCT_ID,WAREHOUSE_ID,QUANTITY) VALUES (89,5,63);
INSERT INTO INVENTORIES (PRODUCT_ID,WAREHOUSE_ID,QUANTITY) VALUES (90,5,63);
INSERT INTO INVENTORIES (PRODUCT_ID,WAREHOUSE_ID,QUANTITY) VALUES (91,5,70);
INSERT INTO INVENTORIES (PRODUCT_ID,WAREHOUSE_ID,QUANTITY) VALUES (94,5,85);
INSERT INTO INVENTORIES (PRODUCT_ID,WAREHOUSE_ID,QUANTITY) VALUES (98,5,86);
INSERT INTO INVENTORIES (PRODUCT_ID,WAREHOUSE_ID,QUANTITY) VALUES (99,5,88);
INSERT INTO INVENTORIES (PRODUCT_ID,WAREHOUSE_ID,QUANTITY) VALUES (100,5,88);
INSERT INTO INVENTORIES (PRODUCT_ID,WAREHOUSE_ID,QUANTITY) VALUES (102,5,90);
INSERT INTO INVENTORIES (PRODUCT_ID,WAREHOUSE_ID,QUANTITY) VALUES (103,5,73);
INSERT INTO INVENTORIES (PRODUCT_ID,WAREHOUSE_ID,QUANTITY) VALUES (104,5,84);
INSERT INTO INVENTORIES (PRODUCT_ID,WAREHOUSE_ID,QUANTITY) VALUES (105,5,74);
INSERT INTO INVENTORIES (PRODUCT_ID,WAREHOUSE_ID,QUANTITY) VALUES (108,5,74);
INSERT INTO INVENTORIES (PRODUCT_ID,WAREHOUSE_ID,QUANTITY) VALUES (110,5,75);
INSERT INTO INVENTORIES (PRODUCT_ID,WAREHOUSE_ID,QUANTITY) VALUES (114,5,76);
INSERT INTO INVENTORIES (PRODUCT_ID,WAREHOUSE_ID,QUANTITY) VALUES (123,5,79);
INSERT INTO INVENTORIES (PRODUCT_ID,WAREHOUSE_ID,QUANTITY) VALUES (130,5,42);
INSERT INTO INVENTORIES (PRODUCT_ID,WAREHOUSE_ID,QUANTITY) VALUES (131,5,42);
INSERT INTO INVENTORIES (PRODUCT_ID,WAREHOUSE_ID,QUANTITY) VALUES (132,5,81);
INSERT INTO INVENTORIES (PRODUCT_ID,WAREHOUSE_ID,QUANTITY) VALUES (133,5,81);
INSERT INTO INVENTORIES (PRODUCT_ID,WAREHOUSE_ID,QUANTITY) VALUES (134,5,42);
INSERT INTO INVENTORIES (PRODUCT_ID,WAREHOUSE_ID,QUANTITY) VALUES (135,5,43);
INSERT INTO INVENTORIES (PRODUCT_ID,WAREHOUSE_ID,QUANTITY) VALUES (139,5,47);
INSERT INTO INVENTORIES (PRODUCT_ID,WAREHOUSE_ID,QUANTITY) VALUES (140,5,47);
INSERT INTO INVENTORIES (PRODUCT_ID,WAREHOUSE_ID,QUANTITY) VALUES (142,5,87);
INSERT INTO INVENTORIES (PRODUCT_ID,WAREHOUSE_ID,QUANTITY) VALUES (144,5,49);
INSERT INTO INVENTORIES (PRODUCT_ID,WAREHOUSE_ID,QUANTITY) VALUES (145,5,49);
INSERT INTO INVENTORIES (PRODUCT_ID,WAREHOUSE_ID,QUANTITY) VALUES (146,5,50);
INSERT INTO INVENTORIES (PRODUCT_ID,WAREHOUSE_ID,QUANTITY) VALUES (147,5,50);
INSERT INTO INVENTORIES (PRODUCT_ID,WAREHOUSE_ID,QUANTITY) VALUES (148,5,50);
INSERT INTO INVENTORIES (PRODUCT_ID,WAREHOUSE_ID,QUANTITY) VALUES (149,5,50);
INSERT INTO INVENTORIES (PRODUCT_ID,WAREHOUSE_ID,QUANTITY) VALUES (150,5,54);
INSERT INTO INVENTORIES (PRODUCT_ID,WAREHOUSE_ID,QUANTITY) VALUES (151,5,54);
INSERT INTO INVENTORIES (PRODUCT_ID,WAREHOUSE_ID,QUANTITY) VALUES (152,5,54);
INSERT INTO INVENTORIES (PRODUCT_ID,WAREHOUSE_ID,QUANTITY) VALUES (159,5,63);
INSERT INTO INVENTORIES (PRODUCT_ID,WAREHOUSE_ID,QUANTITY) VALUES (160,5,69);
INSERT INTO INVENTORIES (PRODUCT_ID,WAREHOUSE_ID,QUANTITY) VALUES (161,5,84);
INSERT INTO INVENTORIES (PRODUCT_ID,WAREHOUSE_ID,QUANTITY) VALUES (163,5,83);
INSERT INTO INVENTORIES (PRODUCT_ID,WAREHOUSE_ID,QUANTITY) VALUES (168,5,92);
INSERT INTO INVENTORIES (PRODUCT_ID,WAREHOUSE_ID,QUANTITY) VALUES (174,5,122);
INSERT INTO INVENTORIES (PRODUCT_ID,WAREHOUSE_ID,QUANTITY) VALUES (175,5,122);
INSERT INTO INVENTORIES (PRODUCT_ID,WAREHOUSE_ID,QUANTITY) VALUES (182,5,184);
INSERT INTO INVENTORIES (PRODUCT_ID,WAREHOUSE_ID,QUANTITY) VALUES (184,5,184);
INSERT INTO INVENTORIES (PRODUCT_ID,WAREHOUSE_ID,QUANTITY) VALUES (185,5,185);
INSERT INTO INVENTORIES (PRODUCT_ID,WAREHOUSE_ID,QUANTITY) VALUES (207,5,157);
INSERT INTO INVENTORIES (PRODUCT_ID,WAREHOUSE_ID,QUANTITY) VALUES (216,5,161);
INSERT INTO INVENTORIES (PRODUCT_ID,WAREHOUSE_ID,QUANTITY) VALUES (220,5,208);
INSERT INTO INVENTORIES (PRODUCT_ID,WAREHOUSE_ID,QUANTITY) VALUES (221,5,209);
INSERT INTO INVENTORIES (PRODUCT_ID,WAREHOUSE_ID,QUANTITY) VALUES (222,5,209);
INSERT INTO INVENTORIES (PRODUCT_ID,WAREHOUSE_ID,QUANTITY) VALUES (223,5,209);
INSERT INTO INVENTORIES (PRODUCT_ID,WAREHOUSE_ID,QUANTITY) VALUES (229,5,163);
INSERT INTO INVENTORIES (PRODUCT_ID,WAREHOUSE_ID,QUANTITY) VALUES (230,5,163);
INSERT INTO INVENTORIES (PRODUCT_ID,WAREHOUSE_ID,QUANTITY) VALUES (231,5,163);
INSERT INTO INVENTORIES (PRODUCT_ID,WAREHOUSE_ID,QUANTITY) VALUES (232,5,163);
INSERT INTO INVENTORIES (PRODUCT_ID,WAREHOUSE_ID,QUANTITY) VALUES (233,5,164);
INSERT INTO INVENTORIES (PRODUCT_ID,WAREHOUSE_ID,QUANTITY) VALUES (234,5,164);
INSERT INTO INVENTORIES (PRODUCT_ID,WAREHOUSE_ID,QUANTITY) VALUES (235,5,164);
INSERT INTO INVENTORIES (PRODUCT_ID,WAREHOUSE_ID,QUANTITY) VALUES (236,5,164);
INSERT INTO INVENTORIES (PRODUCT_ID,WAREHOUSE_ID,QUANTITY) VALUES (237,5,164);
INSERT INTO INVENTORIES (PRODUCT_ID,WAREHOUSE_ID,QUANTITY) VALUES (238,5,165);
INSERT INTO INVENTORIES (PRODUCT_ID,WAREHOUSE_ID,QUANTITY) VALUES (239,5,165);
INSERT INTO INVENTORIES (PRODUCT_ID,WAREHOUSE_ID,QUANTITY) VALUES (241,5,157);
INSERT INTO INVENTORIES (PRODUCT_ID,WAREHOUSE_ID,QUANTITY) VALUES (242,5,157);
INSERT INTO INVENTORIES (PRODUCT_ID,WAREHOUSE_ID,QUANTITY) VALUES (243,5,157);
INSERT INTO INVENTORIES (PRODUCT_ID,WAREHOUSE_ID,QUANTITY) VALUES (245,5,173);
INSERT INTO INVENTORIES (PRODUCT_ID,WAREHOUSE_ID,QUANTITY) VALUES (254,5,175);
INSERT INTO INVENTORIES (PRODUCT_ID,WAREHOUSE_ID,QUANTITY) VALUES (255,5,175);
INSERT INTO INVENTORIES (PRODUCT_ID,WAREHOUSE_ID,QUANTITY) VALUES (256,5,175);
INSERT INTO INVENTORIES (PRODUCT_ID,WAREHOUSE_ID,QUANTITY) VALUES (257,5,176);
INSERT INTO INVENTORIES (PRODUCT_ID,WAREHOUSE_ID,QUANTITY) VALUES (258,5,176);
INSERT INTO INVENTORIES (PRODUCT_ID,WAREHOUSE_ID,QUANTITY) VALUES (259,5,176);
INSERT INTO INVENTORIES (PRODUCT_ID,WAREHOUSE_ID,QUANTITY) VALUES (260,5,176);
INSERT INTO INVENTORIES (PRODUCT_ID,WAREHOUSE_ID,QUANTITY) VALUES (261,5,176);
INSERT INTO INVENTORIES (PRODUCT_ID,WAREHOUSE_ID,QUANTITY) VALUES (262,5,177);
INSERT INTO INVENTORIES (PRODUCT_ID,WAREHOUSE_ID,QUANTITY) VALUES (263,5,177);
INSERT INTO INVENTORIES (PRODUCT_ID,WAREHOUSE_ID,QUANTITY) VALUES (264,5,177);
INSERT INTO INVENTORIES (PRODUCT_ID,WAREHOUSE_ID,QUANTITY) VALUES (265,5,177);
INSERT INTO INVENTORIES (PRODUCT_ID,WAREHOUSE_ID,QUANTITY) VALUES (269,5,237);
INSERT INTO INVENTORIES (PRODUCT_ID,WAREHOUSE_ID,QUANTITY) VALUES (270,5,237);
INSERT INTO INVENTORIES (PRODUCT_ID,WAREHOUSE_ID,QUANTITY) VALUES (273,5,199);
INSERT INTO INVENTORIES (PRODUCT_ID,WAREHOUSE_ID,QUANTITY) VALUES (279,5,193);
INSERT INTO INVENTORIES (PRODUCT_ID,WAREHOUSE_ID,QUANTITY) VALUES (280,5,194);
INSERT INTO INVENTORIES (PRODUCT_ID,WAREHOUSE_ID,QUANTITY) VALUES (281,5,203);
INSERT INTO INVENTORIES (PRODUCT_ID,WAREHOUSE_ID,QUANTITY) VALUES (284,5,220);
INSERT INTO INVENTORIES (PRODUCT_ID,WAREHOUSE_ID,QUANTITY) VALUES (285,5,216);
INSERT INTO INVENTORIES (PRODUCT_ID,WAREHOUSE_ID,QUANTITY) VALUES (286,5,216);
INSERT INTO INVENTORIES (PRODUCT_ID,WAREHOUSE_ID,QUANTITY) VALUES (2,6,58);
INSERT INTO INVENTORIES (PRODUCT_ID,WAREHOUSE_ID,QUANTITY) VALUES (3,6,29);
INSERT INTO INVENTORIES (PRODUCT_ID,WAREHOUSE_ID,QUANTITY) VALUES (4,6,30);
INSERT INTO INVENTORIES (PRODUCT_ID,WAREHOUSE_ID,QUANTITY) VALUES (5,6,30);
INSERT INTO INVENTORIES (PRODUCT_ID,WAREHOUSE_ID,QUANTITY) VALUES (6,6,30);
INSERT INTO INVENTORIES (PRODUCT_ID,WAREHOUSE_ID,QUANTITY) VALUES (7,6,30);
INSERT INTO INVENTORIES (PRODUCT_ID,WAREHOUSE_ID,QUANTITY) VALUES (8,6,30);
INSERT INTO INVENTORIES (PRODUCT_ID,WAREHOUSE_ID,QUANTITY) VALUES (9,6,31);
INSERT INTO INVENTORIES (PRODUCT_ID,WAREHOUSE_ID,QUANTITY) VALUES (11,6,31);
INSERT INTO INVENTORIES (PRODUCT_ID,WAREHOUSE_ID,QUANTITY) VALUES (12,6,32);
INSERT INTO INVENTORIES (PRODUCT_ID,WAREHOUSE_ID,QUANTITY) VALUES (13,6,32);
INSERT INTO INVENTORIES (PRODUCT_ID,WAREHOUSE_ID,QUANTITY) VALUES (14,6,32);
INSERT INTO INVENTORIES (PRODUCT_ID,WAREHOUSE_ID,QUANTITY) VALUES (15,6,33);
INSERT INTO INVENTORIES (PRODUCT_ID,WAREHOUSE_ID,QUANTITY) VALUES (17,6,34);
INSERT INTO INVENTORIES (PRODUCT_ID,WAREHOUSE_ID,QUANTITY) VALUES (18,6,35);
INSERT INTO INVENTORIES (PRODUCT_ID,WAREHOUSE_ID,QUANTITY) VALUES (19,6,35);
INSERT INTO INVENTORIES (PRODUCT_ID,WAREHOUSE_ID,QUANTITY) VALUES (20,6,35);
INSERT INTO INVENTORIES (PRODUCT_ID,WAREHOUSE_ID,QUANTITY) VALUES (21,6,36);
INSERT INTO INVENTORIES (PRODUCT_ID,WAREHOUSE_ID,QUANTITY) VALUES (22,6,62);
INSERT INTO INVENTORIES (PRODUCT_ID,WAREHOUSE_ID,QUANTITY) VALUES (23,6,62);
INSERT INTO INVENTORIES (PRODUCT_ID,WAREHOUSE_ID,QUANTITY) VALUES (24,6,62);
INSERT INTO INVENTORIES (PRODUCT_ID,WAREHOUSE_ID,QUANTITY) VALUES (25,6,62);
INSERT INTO INVENTORIES (PRODUCT_ID,WAREHOUSE_ID,QUANTITY) VALUES (26,6,63);
INSERT INTO INVENTORIES (PRODUCT_ID,WAREHOUSE_ID,QUANTITY) VALUES (27,6,37);
INSERT INTO INVENTORIES (PRODUCT_ID,WAREHOUSE_ID,QUANTITY) VALUES (29,6,38);
INSERT INTO INVENTORIES (PRODUCT_ID,WAREHOUSE_ID,QUANTITY) VALUES (30,6,38);
INSERT INTO INVENTORIES (PRODUCT_ID,WAREHOUSE_ID,QUANTITY) VALUES (31,6,39);
INSERT INTO INVENTORIES (PRODUCT_ID,WAREHOUSE_ID,QUANTITY) VALUES (32,6,39);
INSERT INTO INVENTORIES (PRODUCT_ID,WAREHOUSE_ID,QUANTITY) VALUES (33,6,65);
INSERT INTO INVENTORIES (PRODUCT_ID,WAREHOUSE_ID,QUANTITY) VALUES (34,6,39);
INSERT INTO INVENTORIES (PRODUCT_ID,WAREHOUSE_ID,QUANTITY) VALUES (35,6,66);
INSERT INTO INVENTORIES (PRODUCT_ID,WAREHOUSE_ID,QUANTITY) VALUES (36,6,66);
INSERT INTO INVENTORIES (PRODUCT_ID,WAREHOUSE_ID,QUANTITY) VALUES (37,6,66);
INSERT INTO INVENTORIES (PRODUCT_ID,WAREHOUSE_ID,QUANTITY) VALUES (38,6,66);
INSERT INTO INVENTORIES (PRODUCT_ID,WAREHOUSE_ID,QUANTITY) VALUES (39,6,66);
INSERT INTO INVENTORIES (PRODUCT_ID,WAREHOUSE_ID,QUANTITY) VALUES (40,6,67);
INSERT INTO INVENTORIES (PRODUCT_ID,WAREHOUSE_ID,QUANTITY) VALUES (41,6,67);
INSERT INTO INVENTORIES (PRODUCT_ID,WAREHOUSE_ID,QUANTITY) VALUES (42,6,69);
INSERT INTO INVENTORIES (PRODUCT_ID,WAREHOUSE_ID,QUANTITY) VALUES (43,6,69);
INSERT INTO INVENTORIES (PRODUCT_ID,WAREHOUSE_ID,QUANTITY) VALUES (44,6,70);
INSERT INTO INVENTORIES (PRODUCT_ID,WAREHOUSE_ID,QUANTITY) VALUES (46,6,29);
INSERT INTO INVENTORIES (PRODUCT_ID,WAREHOUSE_ID,QUANTITY) VALUES (47,6,33);
INSERT INTO INVENTORIES (PRODUCT_ID,WAREHOUSE_ID,QUANTITY) VALUES (50,6,84);
INSERT INTO INVENTORIES (PRODUCT_ID,WAREHOUSE_ID,QUANTITY) VALUES (54,6,66);
INSERT INTO INVENTORIES (PRODUCT_ID,WAREHOUSE_ID,QUANTITY) VALUES (56,6,58);
INSERT INTO INVENTORIES (PRODUCT_ID,WAREHOUSE_ID,QUANTITY) VALUES (57,6,66);
INSERT INTO INVENTORIES (PRODUCT_ID,WAREHOUSE_ID,QUANTITY) VALUES (62,6,30);
INSERT INTO INVENTORIES (PRODUCT_ID,WAREHOUSE_ID,QUANTITY) VALUES (63,6,30);
INSERT INTO INVENTORIES (PRODUCT_ID,WAREHOUSE_ID,QUANTITY) VALUES (67,6,34);
INSERT INTO INVENTORIES (PRODUCT_ID,WAREHOUSE_ID,QUANTITY) VALUES (68,6,35);
INSERT INTO INVENTORIES (PRODUCT_ID,WAREHOUSE_ID,QUANTITY) VALUES (69,6,35);
INSERT INTO INVENTORIES (PRODUCT_ID,WAREHOUSE_ID,QUANTITY) VALUES (70,6,35);
INSERT INTO INVENTORIES (PRODUCT_ID,WAREHOUSE_ID,QUANTITY) VALUES (71,6,35);
INSERT INTO INVENTORIES (PRODUCT_ID,WAREHOUSE_ID,QUANTITY) VALUES (72,6,35);
INSERT INTO INVENTORIES (PRODUCT_ID,WAREHOUSE_ID,QUANTITY) VALUES (73,6,63);
INSERT INTO INVENTORIES (PRODUCT_ID,WAREHOUSE_ID,QUANTITY) VALUES (74,6,63);
INSERT INTO INVENTORIES (PRODUCT_ID,WAREHOUSE_ID,QUANTITY) VALUES (76,6,64);
INSERT INTO INVENTORIES (PRODUCT_ID,WAREHOUSE_ID,QUANTITY) VALUES (78,6,65);
INSERT INTO INVENTORIES (PRODUCT_ID,WAREHOUSE_ID,QUANTITY) VALUES (79,6,65);
INSERT INTO INVENTORIES (PRODUCT_ID,WAREHOUSE_ID,QUANTITY) VALUES (80,6,65);
INSERT INTO INVENTORIES (PRODUCT_ID,WAREHOUSE_ID,QUANTITY) VALUES (84,6,69);
INSERT INTO INVENTORIES (PRODUCT_ID,WAREHOUSE_ID,QUANTITY) VALUES (87,6,71);
INSERT INTO INVENTORIES (PRODUCT_ID,WAREHOUSE_ID,QUANTITY) VALUES (88,6,44);
INSERT INTO INVENTORIES (PRODUCT_ID,WAREHOUSE_ID,QUANTITY) VALUES (89,6,45);
INSERT INTO INVENTORIES (PRODUCT_ID,WAREHOUSE_ID,QUANTITY) VALUES (90,6,45);
INSERT INTO INVENTORIES (PRODUCT_ID,WAREHOUSE_ID,QUANTITY) VALUES (91,6,58);
INSERT INTO INVENTORIES (PRODUCT_ID,WAREHOUSE_ID,QUANTITY) VALUES (94,6,71);
INSERT INTO INVENTORIES (PRODUCT_ID,WAREHOUSE_ID,QUANTITY) VALUES (95,6,60);
INSERT INTO INVENTORIES (PRODUCT_ID,WAREHOUSE_ID,QUANTITY) VALUES (96,6,60);
INSERT INTO INVENTORIES (PRODUCT_ID,WAREHOUSE_ID,QUANTITY) VALUES (98,6,72);
INSERT INTO INVENTORIES (PRODUCT_ID,WAREHOUSE_ID,QUANTITY) VALUES (99,6,73);
INSERT INTO INVENTORIES (PRODUCT_ID,WAREHOUSE_ID,QUANTITY) VALUES (100,6,74);
INSERT INTO INVENTORIES (PRODUCT_ID,WAREHOUSE_ID,QUANTITY) VALUES (101,6,51);
INSERT INTO INVENTORIES (PRODUCT_ID,WAREHOUSE_ID,QUANTITY) VALUES (102,6,76);
INSERT INTO INVENTORIES (PRODUCT_ID,WAREHOUSE_ID,QUANTITY) VALUES (103,6,53);
INSERT INTO INVENTORIES (PRODUCT_ID,WAREHOUSE_ID,QUANTITY) VALUES (104,6,71);
INSERT INTO INVENTORIES (PRODUCT_ID,WAREHOUSE_ID,QUANTITY) VALUES (105,6,53);
INSERT INTO INVENTORIES (PRODUCT_ID,WAREHOUSE_ID,QUANTITY) VALUES (106,6,53);
INSERT INTO INVENTORIES (PRODUCT_ID,WAREHOUSE_ID,QUANTITY) VALUES (107,6,53);
INSERT INTO INVENTORIES (PRODUCT_ID,WAREHOUSE_ID,QUANTITY) VALUES (108,6,54);
INSERT INTO INVENTORIES (PRODUCT_ID,WAREHOUSE_ID,QUANTITY) VALUES (109,6,54);
INSERT INTO INVENTORIES (PRODUCT_ID,WAREHOUSE_ID,QUANTITY) VALUES (110,6,54);
INSERT INTO INVENTORIES (PRODUCT_ID,WAREHOUSE_ID,QUANTITY) VALUES (114,6,55);
INSERT INTO INVENTORIES (PRODUCT_ID,WAREHOUSE_ID,QUANTITY) VALUES (115,6,56);
INSERT INTO INVENTORIES (PRODUCT_ID,WAREHOUSE_ID,QUANTITY) VALUES (116,6,56);
INSERT INTO INVENTORIES (PRODUCT_ID,WAREHOUSE_ID,QUANTITY) VALUES (117,6,57);
INSERT INTO INVENTORIES (PRODUCT_ID,WAREHOUSE_ID,QUANTITY) VALUES (119,6,58);
INSERT INTO INVENTORIES (PRODUCT_ID,WAREHOUSE_ID,QUANTITY) VALUES (120,6,58);
INSERT INTO INVENTORIES (PRODUCT_ID,WAREHOUSE_ID,QUANTITY) VALUES (121,6,58);
INSERT INTO INVENTORIES (PRODUCT_ID,WAREHOUSE_ID,QUANTITY) VALUES (122,6,58);
INSERT INTO INVENTORIES (PRODUCT_ID,WAREHOUSE_ID,QUANTITY) VALUES (123,6,59);
INSERT INTO INVENTORIES (PRODUCT_ID,WAREHOUSE_ID,QUANTITY) VALUES (124,6,59);
INSERT INTO INVENTORIES (PRODUCT_ID,WAREHOUSE_ID,QUANTITY) VALUES (125,6,59);
INSERT INTO INVENTORIES (PRODUCT_ID,WAREHOUSE_ID,QUANTITY) VALUES (126,6,59);
INSERT INTO INVENTORIES (PRODUCT_ID,WAREHOUSE_ID,QUANTITY) VALUES (128,6,59);
INSERT INTO INVENTORIES (PRODUCT_ID,WAREHOUSE_ID,QUANTITY) VALUES (129,6,60);
INSERT INTO INVENTORIES (PRODUCT_ID,WAREHOUSE_ID,QUANTITY) VALUES (130,6,78);
INSERT INTO INVENTORIES (PRODUCT_ID,WAREHOUSE_ID,QUANTITY) VALUES (131,6,29);
INSERT INTO INVENTORIES (PRODUCT_ID,WAREHOUSE_ID,QUANTITY) VALUES (132,6,60);
INSERT INTO INVENTORIES (PRODUCT_ID,WAREHOUSE_ID,QUANTITY) VALUES (133,6,60);
INSERT INTO INVENTORIES (PRODUCT_ID,WAREHOUSE_ID,QUANTITY) VALUES (134,6,29);
INSERT INTO INVENTORIES (PRODUCT_ID,WAREHOUSE_ID,QUANTITY) VALUES (135,6,29);
INSERT INTO INVENTORIES (PRODUCT_ID,WAREHOUSE_ID,QUANTITY) VALUES (136,6,61);
INSERT INTO INVENTORIES (PRODUCT_ID,WAREHOUSE_ID,QUANTITY) VALUES (137,6,65);
INSERT INTO INVENTORIES (PRODUCT_ID,WAREHOUSE_ID,QUANTITY) VALUES (138,6,66);
INSERT INTO INVENTORIES (PRODUCT_ID,WAREHOUSE_ID,QUANTITY) VALUES (139,6,34);
INSERT INTO INVENTORIES (PRODUCT_ID,WAREHOUSE_ID,QUANTITY) VALUES (140,6,34);
INSERT INTO INVENTORIES (PRODUCT_ID,WAREHOUSE_ID,QUANTITY) VALUES (141,6,68);
INSERT INTO INVENTORIES (PRODUCT_ID,WAREHOUSE_ID,QUANTITY) VALUES (142,6,69);
INSERT INTO INVENTORIES (PRODUCT_ID,WAREHOUSE_ID,QUANTITY) VALUES (144,6,36);
INSERT INTO INVENTORIES (PRODUCT_ID,WAREHOUSE_ID,QUANTITY) VALUES (145,6,36);
INSERT INTO INVENTORIES (PRODUCT_ID,WAREHOUSE_ID,QUANTITY) VALUES (146,6,37);
INSERT INTO INVENTORIES (PRODUCT_ID,WAREHOUSE_ID,QUANTITY) VALUES (147,6,37);
INSERT INTO INVENTORIES (PRODUCT_ID,WAREHOUSE_ID,QUANTITY) VALUES (148,6,37);
INSERT INTO INVENTORIES (PRODUCT_ID,WAREHOUSE_ID,QUANTITY) VALUES (149,6,37);
INSERT INTO INVENTORIES (PRODUCT_ID,WAREHOUSE_ID,QUANTITY) VALUES (150,6,41);
INSERT INTO INVENTORIES (PRODUCT_ID,WAREHOUSE_ID,QUANTITY) VALUES (151,6,41);
INSERT INTO INVENTORIES (PRODUCT_ID,WAREHOUSE_ID,QUANTITY) VALUES (152,6,41);
INSERT INTO INVENTORIES (PRODUCT_ID,WAREHOUSE_ID,QUANTITY) VALUES (157,6,42);
INSERT INTO INVENTORIES (PRODUCT_ID,WAREHOUSE_ID,QUANTITY) VALUES (159,6,51);
INSERT INTO INVENTORIES (PRODUCT_ID,WAREHOUSE_ID,QUANTITY) VALUES (160,6,57);
INSERT INTO INVENTORIES (PRODUCT_ID,WAREHOUSE_ID,QUANTITY) VALUES (161,6,72);
INSERT INTO INVENTORIES (PRODUCT_ID,WAREHOUSE_ID,QUANTITY) VALUES (163,6,71);
INSERT INTO INVENTORIES (PRODUCT_ID,WAREHOUSE_ID,QUANTITY) VALUES (166,6,90);
INSERT INTO INVENTORIES (PRODUCT_ID,WAREHOUSE_ID,QUANTITY) VALUES (168,6,80);
INSERT INTO INVENTORIES (PRODUCT_ID,WAREHOUSE_ID,QUANTITY) VALUES (170,6,81);
INSERT INTO INVENTORIES (PRODUCT_ID,WAREHOUSE_ID,QUANTITY) VALUES (172,6,85);
INSERT INTO INVENTORIES (PRODUCT_ID,WAREHOUSE_ID,QUANTITY) VALUES (173,6,94);
INSERT INTO INVENTORIES (PRODUCT_ID,WAREHOUSE_ID,QUANTITY) VALUES (174,6,110);
INSERT INTO INVENTORIES (PRODUCT_ID,WAREHOUSE_ID,QUANTITY) VALUES (175,6,110);
INSERT INTO INVENTORIES (PRODUCT_ID,WAREHOUSE_ID,QUANTITY) VALUES (182,6,163);
INSERT INTO INVENTORIES (PRODUCT_ID,WAREHOUSE_ID,QUANTITY) VALUES (184,6,164);
INSERT INTO INVENTORIES (PRODUCT_ID,WAREHOUSE_ID,QUANTITY) VALUES (185,6,164);
INSERT INTO INVENTORIES (PRODUCT_ID,WAREHOUSE_ID,QUANTITY) VALUES (188,6,172);
INSERT INTO INVENTORIES (PRODUCT_ID,WAREHOUSE_ID,QUANTITY) VALUES (189,6,172);
INSERT INTO INVENTORIES (PRODUCT_ID,WAREHOUSE_ID,QUANTITY) VALUES (190,6,173);
INSERT INTO INVENTORIES (PRODUCT_ID,WAREHOUSE_ID,QUANTITY) VALUES (191,6,173);
INSERT INTO INVENTORIES (PRODUCT_ID,WAREHOUSE_ID,QUANTITY) VALUES (193,6,174);
INSERT INTO INVENTORIES (PRODUCT_ID,WAREHOUSE_ID,QUANTITY) VALUES (195,6,175);
INSERT INTO INVENTORIES (PRODUCT_ID,WAREHOUSE_ID,QUANTITY) VALUES (196,6,175);
INSERT INTO INVENTORIES (PRODUCT_ID,WAREHOUSE_ID,QUANTITY) VALUES (198,6,176);
INSERT INTO INVENTORIES (PRODUCT_ID,WAREHOUSE_ID,QUANTITY) VALUES (199,6,176);
INSERT INTO INVENTORIES (PRODUCT_ID,WAREHOUSE_ID,QUANTITY) VALUES (200,6,177);
INSERT INTO INVENTORIES (PRODUCT_ID,WAREHOUSE_ID,QUANTITY) VALUES (201,6,177);
INSERT INTO INVENTORIES (PRODUCT_ID,WAREHOUSE_ID,QUANTITY) VALUES (203,6,177);
INSERT INTO INVENTORIES (PRODUCT_ID,WAREHOUSE_ID,QUANTITY) VALUES (204,6,178);
INSERT INTO INVENTORIES (PRODUCT_ID,WAREHOUSE_ID,QUANTITY) VALUES (205,6,178);
INSERT INTO INVENTORIES (PRODUCT_ID,WAREHOUSE_ID,QUANTITY) VALUES (207,6,145);
INSERT INTO INVENTORIES (PRODUCT_ID,WAREHOUSE_ID,QUANTITY) VALUES (210,6,146);
INSERT INTO INVENTORIES (PRODUCT_ID,WAREHOUSE_ID,QUANTITY) VALUES (211,6,147);
INSERT INTO INVENTORIES (PRODUCT_ID,WAREHOUSE_ID,QUANTITY) VALUES (212,6,147);
INSERT INTO INVENTORIES (PRODUCT_ID,WAREHOUSE_ID,QUANTITY) VALUES (214,6,148);
INSERT INTO INVENTORIES (PRODUCT_ID,WAREHOUSE_ID,QUANTITY) VALUES (216,6,149);
INSERT INTO INVENTORIES (PRODUCT_ID,WAREHOUSE_ID,QUANTITY) VALUES (217,6,149);
INSERT INTO INVENTORIES (PRODUCT_ID,WAREHOUSE_ID,QUANTITY) VALUES (218,6,150);
INSERT INTO INVENTORIES (PRODUCT_ID,WAREHOUSE_ID,QUANTITY) VALUES (220,6,185);
INSERT INTO INVENTORIES (PRODUCT_ID,WAREHOUSE_ID,QUANTITY) VALUES (221,6,185);
INSERT INTO INVENTORIES (PRODUCT_ID,WAREHOUSE_ID,QUANTITY) VALUES (222,6,186);
INSERT INTO INVENTORIES (PRODUCT_ID,WAREHOUSE_ID,QUANTITY) VALUES (223,6,186);
INSERT INTO INVENTORIES (PRODUCT_ID,WAREHOUSE_ID,QUANTITY) VALUES (227,6,141);
INSERT INTO INVENTORIES (PRODUCT_ID,WAREHOUSE_ID,QUANTITY) VALUES (228,6,141);
INSERT INTO INVENTORIES (PRODUCT_ID,WAREHOUSE_ID,QUANTITY) VALUES (229,6,149);
INSERT INTO INVENTORIES (PRODUCT_ID,WAREHOUSE_ID,QUANTITY) VALUES (230,6,149);
INSERT INTO INVENTORIES (PRODUCT_ID,WAREHOUSE_ID,QUANTITY) VALUES (231,6,150);
INSERT INTO INVENTORIES (PRODUCT_ID,WAREHOUSE_ID,QUANTITY) VALUES (232,6,150);
INSERT INTO INVENTORIES (PRODUCT_ID,WAREHOUSE_ID,QUANTITY) VALUES (233,6,150);
INSERT INTO INVENTORIES (PRODUCT_ID,WAREHOUSE_ID,QUANTITY) VALUES (234,6,150);
INSERT INTO INVENTORIES (PRODUCT_ID,WAREHOUSE_ID,QUANTITY) VALUES (235,6,150);
INSERT INTO INVENTORIES (PRODUCT_ID,WAREHOUSE_ID,QUANTITY) VALUES (236,6,151);
INSERT INTO INVENTORIES (PRODUCT_ID,WAREHOUSE_ID,QUANTITY) VALUES (237,6,151);
INSERT INTO INVENTORIES (PRODUCT_ID,WAREHOUSE_ID,QUANTITY) VALUES (238,6,151);
INSERT INTO INVENTORIES (PRODUCT_ID,WAREHOUSE_ID,QUANTITY) VALUES (239,6,151);
INSERT INTO INVENTORIES (PRODUCT_ID,WAREHOUSE_ID,QUANTITY) VALUES (241,6,145);
INSERT INTO INVENTORIES (PRODUCT_ID,WAREHOUSE_ID,QUANTITY) VALUES (242,6,145);
INSERT INTO INVENTORIES (PRODUCT_ID,WAREHOUSE_ID,QUANTITY) VALUES (243,6,145);
INSERT INTO INVENTORIES (PRODUCT_ID,WAREHOUSE_ID,QUANTITY) VALUES (245,6,161);
INSERT INTO INVENTORIES (PRODUCT_ID,WAREHOUSE_ID,QUANTITY) VALUES (247,6,148);
INSERT INTO INVENTORIES (PRODUCT_ID,WAREHOUSE_ID,QUANTITY) VALUES (251,6,150);
INSERT INTO INVENTORIES (PRODUCT_ID,WAREHOUSE_ID,QUANTITY) VALUES (254,6,161);
INSERT INTO INVENTORIES (PRODUCT_ID,WAREHOUSE_ID,QUANTITY) VALUES (255,6,162);
INSERT INTO INVENTORIES (PRODUCT_ID,WAREHOUSE_ID,QUANTITY) VALUES (256,6,162);
INSERT INTO INVENTORIES (PRODUCT_ID,WAREHOUSE_ID,QUANTITY) VALUES (257,6,162);
INSERT INTO INVENTORIES (PRODUCT_ID,WAREHOUSE_ID,QUANTITY) VALUES (258,6,162);
INSERT INTO INVENTORIES (PRODUCT_ID,WAREHOUSE_ID,QUANTITY) VALUES (259,6,162);
INSERT INTO INVENTORIES (PRODUCT_ID,WAREHOUSE_ID,QUANTITY) VALUES (260,6,163);
INSERT INTO INVENTORIES (PRODUCT_ID,WAREHOUSE_ID,QUANTITY) VALUES (261,6,163);
INSERT INTO INVENTORIES (PRODUCT_ID,WAREHOUSE_ID,QUANTITY) VALUES (262,6,163);
INSERT INTO INVENTORIES (PRODUCT_ID,WAREHOUSE_ID,QUANTITY) VALUES (263,6,163);
INSERT INTO INVENTORIES (PRODUCT_ID,WAREHOUSE_ID,QUANTITY) VALUES (264,6,163);
INSERT INTO INVENTORIES (PRODUCT_ID,WAREHOUSE_ID,QUANTITY) VALUES (265,6,164);
INSERT INTO INVENTORIES (PRODUCT_ID,WAREHOUSE_ID,QUANTITY) VALUES (269,6,214);
INSERT INTO INVENTORIES (PRODUCT_ID,WAREHOUSE_ID,QUANTITY) VALUES (270,6,214);
INSERT INTO INVENTORIES (PRODUCT_ID,WAREHOUSE_ID,QUANTITY) VALUES (271,6,221);
INSERT INTO INVENTORIES (PRODUCT_ID,WAREHOUSE_ID,QUANTITY) VALUES (272,6,222);
INSERT INTO INVENTORIES (PRODUCT_ID,WAREHOUSE_ID,QUANTITY) VALUES (273,6,184);
INSERT INTO INVENTORIES (PRODUCT_ID,WAREHOUSE_ID,QUANTITY) VALUES (274,6,184);
INSERT INTO INVENTORIES (PRODUCT_ID,WAREHOUSE_ID,QUANTITY) VALUES (276,6,225);
INSERT INTO INVENTORIES (PRODUCT_ID,WAREHOUSE_ID,QUANTITY) VALUES (277,6,225);
INSERT INTO INVENTORIES (PRODUCT_ID,WAREHOUSE_ID,QUANTITY) VALUES (278,6,226);
INSERT INTO INVENTORIES (PRODUCT_ID,WAREHOUSE_ID,QUANTITY) VALUES (279,6,180);
INSERT INTO INVENTORIES (PRODUCT_ID,WAREHOUSE_ID,QUANTITY) VALUES (280,6,180);
INSERT INTO INVENTORIES (PRODUCT_ID,WAREHOUSE_ID,QUANTITY) VALUES (281,6,191);
INSERT INTO INVENTORIES (PRODUCT_ID,WAREHOUSE_ID,QUANTITY) VALUES (283,6,232);
INSERT INTO INVENTORIES (PRODUCT_ID,WAREHOUSE_ID,QUANTITY) VALUES (284,6,320);
INSERT INTO INVENTORIES (PRODUCT_ID,WAREHOUSE_ID,QUANTITY) VALUES (285,6,202);
INSERT INTO INVENTORIES (PRODUCT_ID,WAREHOUSE_ID,QUANTITY) VALUES (286,6,203);
INSERT INTO INVENTORIES (PRODUCT_ID,WAREHOUSE_ID,QUANTITY) VALUES (287,6,212);
INSERT INTO INVENTORIES (PRODUCT_ID,WAREHOUSE_ID,QUANTITY) VALUES (288,6,213);
INSERT INTO INVENTORIES (PRODUCT_ID,WAREHOUSE_ID,QUANTITY) VALUES (2,7,46);
INSERT INTO INVENTORIES (PRODUCT_ID,WAREHOUSE_ID,QUANTITY) VALUES (3,7,63);
INSERT INTO INVENTORIES (PRODUCT_ID,WAREHOUSE_ID,QUANTITY) VALUES (4,7,63);
INSERT INTO INVENTORIES (PRODUCT_ID,WAREHOUSE_ID,QUANTITY) VALUES (5,7,63);
INSERT INTO INVENTORIES (PRODUCT_ID,WAREHOUSE_ID,QUANTITY) VALUES (6,7,63);
INSERT INTO INVENTORIES (PRODUCT_ID,WAREHOUSE_ID,QUANTITY) VALUES (11,7,65);
INSERT INTO INVENTORIES (PRODUCT_ID,WAREHOUSE_ID,QUANTITY) VALUES (12,7,65);
INSERT INTO INVENTORIES (PRODUCT_ID,WAREHOUSE_ID,QUANTITY) VALUES (22,7,50);
INSERT INTO INVENTORIES (PRODUCT_ID,WAREHOUSE_ID,QUANTITY) VALUES (23,7,50);
INSERT INTO INVENTORIES (PRODUCT_ID,WAREHOUSE_ID,QUANTITY) VALUES (24,7,50);
INSERT INTO INVENTORIES (PRODUCT_ID,WAREHOUSE_ID,QUANTITY) VALUES (25,7,51);
INSERT INTO INVENTORIES (PRODUCT_ID,WAREHOUSE_ID,QUANTITY) VALUES (26,7,51);
INSERT INTO INVENTORIES (PRODUCT_ID,WAREHOUSE_ID,QUANTITY) VALUES (33,7,53);
INSERT INTO INVENTORIES (PRODUCT_ID,WAREHOUSE_ID,QUANTITY) VALUES (35,7,54);
INSERT INTO INVENTORIES (PRODUCT_ID,WAREHOUSE_ID,QUANTITY) VALUES (36,7,54);
INSERT INTO INVENTORIES (PRODUCT_ID,WAREHOUSE_ID,QUANTITY) VALUES (37,7,55);
INSERT INTO INVENTORIES (PRODUCT_ID,WAREHOUSE_ID,QUANTITY) VALUES (38,7,55);
INSERT INTO INVENTORIES (PRODUCT_ID,WAREHOUSE_ID,QUANTITY) VALUES (39,7,55);
INSERT INTO INVENTORIES (PRODUCT_ID,WAREHOUSE_ID,QUANTITY) VALUES (40,7,55);
INSERT INTO INVENTORIES (PRODUCT_ID,WAREHOUSE_ID,QUANTITY) VALUES (41,7,55);
INSERT INTO INVENTORIES (PRODUCT_ID,WAREHOUSE_ID,QUANTITY) VALUES (42,7,57);
INSERT INTO INVENTORIES (PRODUCT_ID,WAREHOUSE_ID,QUANTITY) VALUES (43,7,58);
INSERT INTO INVENTORIES (PRODUCT_ID,WAREHOUSE_ID,QUANTITY) VALUES (44,7,58);
INSERT INTO INVENTORIES (PRODUCT_ID,WAREHOUSE_ID,QUANTITY) VALUES (46,7,18);
INSERT INTO INVENTORIES (PRODUCT_ID,WAREHOUSE_ID,QUANTITY) VALUES (47,7,22);
INSERT INTO INVENTORIES (PRODUCT_ID,WAREHOUSE_ID,QUANTITY) VALUES (50,7,58);
INSERT INTO INVENTORIES (PRODUCT_ID,WAREHOUSE_ID,QUANTITY) VALUES (80,7,53);
INSERT INTO INVENTORIES (PRODUCT_ID,WAREHOUSE_ID,QUANTITY) VALUES (87,7,59);
INSERT INTO INVENTORIES (PRODUCT_ID,WAREHOUSE_ID,QUANTITY) VALUES (88,7,27);
INSERT INTO INVENTORIES (PRODUCT_ID,WAREHOUSE_ID,QUANTITY) VALUES (89,7,27);
INSERT INTO INVENTORIES (PRODUCT_ID,WAREHOUSE_ID,QUANTITY) VALUES (90,7,27);
INSERT INTO INVENTORIES (PRODUCT_ID,WAREHOUSE_ID,QUANTITY) VALUES (91,7,46);
INSERT INTO INVENTORIES (PRODUCT_ID,WAREHOUSE_ID,QUANTITY) VALUES (94,7,57);
INSERT INTO INVENTORIES (PRODUCT_ID,WAREHOUSE_ID,QUANTITY) VALUES (98,7,58);
INSERT INTO INVENTORIES (PRODUCT_ID,WAREHOUSE_ID,QUANTITY) VALUES (99,7,60);
INSERT INTO INVENTORIES (PRODUCT_ID,WAREHOUSE_ID,QUANTITY) VALUES (100,7,60);
INSERT INTO INVENTORIES (PRODUCT_ID,WAREHOUSE_ID,QUANTITY) VALUES (102,7,62);
INSERT INTO INVENTORIES (PRODUCT_ID,WAREHOUSE_ID,QUANTITY) VALUES (103,7,35);
INSERT INTO INVENTORIES (PRODUCT_ID,WAREHOUSE_ID,QUANTITY) VALUES (104,7,58);
INSERT INTO INVENTORIES (PRODUCT_ID,WAREHOUSE_ID,QUANTITY) VALUES (105,7,35);
INSERT INTO INVENTORIES (PRODUCT_ID,WAREHOUSE_ID,QUANTITY) VALUES (108,7,36);
INSERT INTO INVENTORIES (PRODUCT_ID,WAREHOUSE_ID,QUANTITY) VALUES (110,7,36);
INSERT INTO INVENTORIES (PRODUCT_ID,WAREHOUSE_ID,QUANTITY) VALUES (114,7,37);
INSERT INTO INVENTORIES (PRODUCT_ID,WAREHOUSE_ID,QUANTITY) VALUES (123,7,41);
INSERT INTO INVENTORIES (PRODUCT_ID,WAREHOUSE_ID,QUANTITY) VALUES (130,7,66);
INSERT INTO INVENTORIES (PRODUCT_ID,WAREHOUSE_ID,QUANTITY) VALUES (131,7,66);
INSERT INTO INVENTORIES (PRODUCT_ID,WAREHOUSE_ID,QUANTITY) VALUES (132,7,45);
INSERT INTO INVENTORIES (PRODUCT_ID,WAREHOUSE_ID,QUANTITY) VALUES (133,7,45);
INSERT INTO INVENTORIES (PRODUCT_ID,WAREHOUSE_ID,QUANTITY) VALUES (134,7,17);
INSERT INTO INVENTORIES (PRODUCT_ID,WAREHOUSE_ID,QUANTITY) VALUES (135,7,17);
INSERT INTO INVENTORIES (PRODUCT_ID,WAREHOUSE_ID,QUANTITY) VALUES (139,7,21);
INSERT INTO INVENTORIES (PRODUCT_ID,WAREHOUSE_ID,QUANTITY) VALUES (140,7,21);
INSERT INTO INVENTORIES (PRODUCT_ID,WAREHOUSE_ID,QUANTITY) VALUES (142,7,51);
INSERT INTO INVENTORIES (PRODUCT_ID,WAREHOUSE_ID,QUANTITY) VALUES (144,7,23);
INSERT INTO INVENTORIES (PRODUCT_ID,WAREHOUSE_ID,QUANTITY) VALUES (145,7,23);
INSERT INTO INVENTORIES (PRODUCT_ID,WAREHOUSE_ID,QUANTITY) VALUES (146,7,24);
INSERT INTO INVENTORIES (PRODUCT_ID,WAREHOUSE_ID,QUANTITY) VALUES (147,7,24);
INSERT INTO INVENTORIES (PRODUCT_ID,WAREHOUSE_ID,QUANTITY) VALUES (148,7,24);
INSERT INTO INVENTORIES (PRODUCT_ID,WAREHOUSE_ID,QUANTITY) VALUES (149,7,24);
INSERT INTO INVENTORIES (PRODUCT_ID,WAREHOUSE_ID,QUANTITY) VALUES (150,7,28);
INSERT INTO INVENTORIES (PRODUCT_ID,WAREHOUSE_ID,QUANTITY) VALUES (151,7,28);
INSERT INTO INVENTORIES (PRODUCT_ID,WAREHOUSE_ID,QUANTITY) VALUES (152,7,28);
INSERT INTO INVENTORIES (PRODUCT_ID,WAREHOUSE_ID,QUANTITY) VALUES (159,7,39);
INSERT INTO INVENTORIES (PRODUCT_ID,WAREHOUSE_ID,QUANTITY) VALUES (160,7,45);
INSERT INTO INVENTORIES (PRODUCT_ID,WAREHOUSE_ID,QUANTITY) VALUES (161,7,60);
INSERT INTO INVENTORIES (PRODUCT_ID,WAREHOUSE_ID,QUANTITY) VALUES (163,7,59);
INSERT INTO INVENTORIES (PRODUCT_ID,WAREHOUSE_ID,QUANTITY) VALUES (168,7,68);
INSERT INTO INVENTORIES (PRODUCT_ID,WAREHOUSE_ID,QUANTITY) VALUES (174,7,98);
INSERT INTO INVENTORIES (PRODUCT_ID,WAREHOUSE_ID,QUANTITY) VALUES (175,7,98);
INSERT INTO INVENTORIES (PRODUCT_ID,WAREHOUSE_ID,QUANTITY) VALUES (182,7,143);
INSERT INTO INVENTORIES (PRODUCT_ID,WAREHOUSE_ID,QUANTITY) VALUES (184,7,143);
INSERT INTO INVENTORIES (PRODUCT_ID,WAREHOUSE_ID,QUANTITY) VALUES (185,7,144);
INSERT INTO INVENTORIES (PRODUCT_ID,WAREHOUSE_ID,QUANTITY) VALUES (207,7,133);
INSERT INTO INVENTORIES (PRODUCT_ID,WAREHOUSE_ID,QUANTITY) VALUES (216,7,137);
INSERT INTO INVENTORIES (PRODUCT_ID,WAREHOUSE_ID,QUANTITY) VALUES (220,7,167);
INSERT INTO INVENTORIES (PRODUCT_ID,WAREHOUSE_ID,QUANTITY) VALUES (221,7,168);
INSERT INTO INVENTORIES (PRODUCT_ID,WAREHOUSE_ID,QUANTITY) VALUES (222,7,168);
INSERT INTO INVENTORIES (PRODUCT_ID,WAREHOUSE_ID,QUANTITY) VALUES (223,7,168);
INSERT INTO INVENTORIES (PRODUCT_ID,WAREHOUSE_ID,QUANTITY) VALUES (229,7,136);
INSERT INTO INVENTORIES (PRODUCT_ID,WAREHOUSE_ID,QUANTITY) VALUES (230,7,136);
INSERT INTO INVENTORIES (PRODUCT_ID,WAREHOUSE_ID,QUANTITY) VALUES (231,7,136);
INSERT INTO INVENTORIES (PRODUCT_ID,WAREHOUSE_ID,QUANTITY) VALUES (232,7,137);
INSERT INTO INVENTORIES (PRODUCT_ID,WAREHOUSE_ID,QUANTITY) VALUES (233,7,137);
INSERT INTO INVENTORIES (PRODUCT_ID,WAREHOUSE_ID,QUANTITY) VALUES (234,7,137);
INSERT INTO INVENTORIES (PRODUCT_ID,WAREHOUSE_ID,QUANTITY) VALUES (235,7,137);
INSERT INTO INVENTORIES (PRODUCT_ID,WAREHOUSE_ID,QUANTITY) VALUES (241,7,133);
INSERT INTO INVENTORIES (PRODUCT_ID,WAREHOUSE_ID,QUANTITY) VALUES (242,7,133);
INSERT INTO INVENTORIES (PRODUCT_ID,WAREHOUSE_ID,QUANTITY) VALUES (243,7,133);
INSERT INTO INVENTORIES (PRODUCT_ID,WAREHOUSE_ID,QUANTITY) VALUES (245,7,149);
INSERT INTO INVENTORIES (PRODUCT_ID,WAREHOUSE_ID,QUANTITY) VALUES (254,7,148);
INSERT INTO INVENTORIES (PRODUCT_ID,WAREHOUSE_ID,QUANTITY) VALUES (255,7,148);
INSERT INTO INVENTORIES (PRODUCT_ID,WAREHOUSE_ID,QUANTITY) VALUES (256,7,149);
INSERT INTO INVENTORIES (PRODUCT_ID,WAREHOUSE_ID,QUANTITY) VALUES (257,7,149);
INSERT INTO INVENTORIES (PRODUCT_ID,WAREHOUSE_ID,QUANTITY) VALUES (258,7,149);
INSERT INTO INVENTORIES (PRODUCT_ID,WAREHOUSE_ID,QUANTITY) VALUES (259,7,149);
INSERT INTO INVENTORIES (PRODUCT_ID,WAREHOUSE_ID,QUANTITY) VALUES (260,7,149);
INSERT INTO INVENTORIES (PRODUCT_ID,WAREHOUSE_ID,QUANTITY) VALUES (263,7,150);
INSERT INTO INVENTORIES (PRODUCT_ID,WAREHOUSE_ID,QUANTITY) VALUES (264,7,150);
INSERT INTO INVENTORIES (PRODUCT_ID,WAREHOUSE_ID,QUANTITY) VALUES (269,7,196);
INSERT INTO INVENTORIES (PRODUCT_ID,WAREHOUSE_ID,QUANTITY) VALUES (270,7,196);
INSERT INTO INVENTORIES (PRODUCT_ID,WAREHOUSE_ID,QUANTITY) VALUES (273,7,170);
INSERT INTO INVENTORIES (PRODUCT_ID,WAREHOUSE_ID,QUANTITY) VALUES (280,7,167);
INSERT INTO INVENTORIES (PRODUCT_ID,WAREHOUSE_ID,QUANTITY) VALUES (281,7,179);
INSERT INTO INVENTORIES (PRODUCT_ID,WAREHOUSE_ID,QUANTITY) VALUES (284,7,294);
INSERT INTO INVENTORIES (PRODUCT_ID,WAREHOUSE_ID,QUANTITY) VALUES (285,7,189);
INSERT INTO INVENTORIES (PRODUCT_ID,WAREHOUSE_ID,QUANTITY) VALUES (286,7,189);
INSERT INTO INVENTORIES (PRODUCT_ID,WAREHOUSE_ID,QUANTITY) VALUES (2,8,34);
INSERT INTO INVENTORIES (PRODUCT_ID,WAREHOUSE_ID,QUANTITY) VALUES (3,8,49);
INSERT INTO INVENTORIES (PRODUCT_ID,WAREHOUSE_ID,QUANTITY) VALUES (4,8,49);
INSERT INTO INVENTORIES (PRODUCT_ID,WAREHOUSE_ID,QUANTITY) VALUES (5,8,49);
INSERT INTO INVENTORIES (PRODUCT_ID,WAREHOUSE_ID,QUANTITY) VALUES (6,8,50);
INSERT INTO INVENTORIES (PRODUCT_ID,WAREHOUSE_ID,QUANTITY) VALUES (7,8,50);
INSERT INTO INVENTORIES (PRODUCT_ID,WAREHOUSE_ID,QUANTITY) VALUES (8,8,50);
INSERT INTO INVENTORIES (PRODUCT_ID,WAREHOUSE_ID,QUANTITY) VALUES (9,8,50);
INSERT INTO INVENTORIES (PRODUCT_ID,WAREHOUSE_ID,QUANTITY) VALUES (11,8,51);
INSERT INTO INVENTORIES (PRODUCT_ID,WAREHOUSE_ID,QUANTITY) VALUES (12,8,51);
INSERT INTO INVENTORIES (PRODUCT_ID,WAREHOUSE_ID,QUANTITY) VALUES (13,8,51);
INSERT INTO INVENTORIES (PRODUCT_ID,WAREHOUSE_ID,QUANTITY) VALUES (14,8,51);
INSERT INTO INVENTORIES (PRODUCT_ID,WAREHOUSE_ID,QUANTITY) VALUES (15,8,52);
INSERT INTO INVENTORIES (PRODUCT_ID,WAREHOUSE_ID,QUANTITY) VALUES (17,8,54);
INSERT INTO INVENTORIES (PRODUCT_ID,WAREHOUSE_ID,QUANTITY) VALUES (18,8,54);
INSERT INTO INVENTORIES (PRODUCT_ID,WAREHOUSE_ID,QUANTITY) VALUES (19,8,54);
INSERT INTO INVENTORIES (PRODUCT_ID,WAREHOUSE_ID,QUANTITY) VALUES (20,8,5);
INSERT INTO INVENTORIES (PRODUCT_ID,WAREHOUSE_ID,QUANTITY) VALUES (21,8,5);
INSERT INTO INVENTORIES (PRODUCT_ID,WAREHOUSE_ID,QUANTITY) VALUES (22,8,38);
INSERT INTO INVENTORIES (PRODUCT_ID,WAREHOUSE_ID,QUANTITY) VALUES (23,8,39);
INSERT INTO INVENTORIES (PRODUCT_ID,WAREHOUSE_ID,QUANTITY) VALUES (24,8,39);
INSERT INTO INVENTORIES (PRODUCT_ID,WAREHOUSE_ID,QUANTITY) VALUES (25,8,39);
INSERT INTO INVENTORIES (PRODUCT_ID,WAREHOUSE_ID,QUANTITY) VALUES (26,8,39);
INSERT INTO INVENTORIES (PRODUCT_ID,WAREHOUSE_ID,QUANTITY) VALUES (27,8,6);
INSERT INTO INVENTORIES (PRODUCT_ID,WAREHOUSE_ID,QUANTITY) VALUES (29,8,7);
INSERT INTO INVENTORIES (PRODUCT_ID,WAREHOUSE_ID,QUANTITY) VALUES (30,8,7);
INSERT INTO INVENTORIES (PRODUCT_ID,WAREHOUSE_ID,QUANTITY) VALUES (31,8,8);
INSERT INTO INVENTORIES (PRODUCT_ID,WAREHOUSE_ID,QUANTITY) VALUES (32,8,8);
INSERT INTO INVENTORIES (PRODUCT_ID,WAREHOUSE_ID,QUANTITY) VALUES (33,8,42);
INSERT INTO INVENTORIES (PRODUCT_ID,WAREHOUSE_ID,QUANTITY) VALUES (34,8,9);
INSERT INTO INVENTORIES (PRODUCT_ID,WAREHOUSE_ID,QUANTITY) VALUES (35,8,42);
INSERT INTO INVENTORIES (PRODUCT_ID,WAREHOUSE_ID,QUANTITY) VALUES (36,8,43);
INSERT INTO INVENTORIES (PRODUCT_ID,WAREHOUSE_ID,QUANTITY) VALUES (37,8,43);
INSERT INTO INVENTORIES (PRODUCT_ID,WAREHOUSE_ID,QUANTITY) VALUES (38,8,43);
INSERT INTO INVENTORIES (PRODUCT_ID,WAREHOUSE_ID,QUANTITY) VALUES (39,8,43);
INSERT INTO INVENTORIES (PRODUCT_ID,WAREHOUSE_ID,QUANTITY) VALUES (40,8,44);
INSERT INTO INVENTORIES (PRODUCT_ID,WAREHOUSE_ID,QUANTITY) VALUES (41,8,44);
INSERT INTO INVENTORIES (PRODUCT_ID,WAREHOUSE_ID,QUANTITY) VALUES (42,8,46);
INSERT INTO INVENTORIES (PRODUCT_ID,WAREHOUSE_ID,QUANTITY) VALUES (43,8,46);
INSERT INTO INVENTORIES (PRODUCT_ID,WAREHOUSE_ID,QUANTITY) VALUES (44,8,47);
INSERT INTO INVENTORIES (PRODUCT_ID,WAREHOUSE_ID,QUANTITY) VALUES (46,8,7);
INSERT INTO INVENTORIES (PRODUCT_ID,WAREHOUSE_ID,QUANTITY) VALUES (47,8,11);
INSERT INTO INVENTORIES (PRODUCT_ID,WAREHOUSE_ID,QUANTITY) VALUES (50,8,32);
INSERT INTO INVENTORIES (PRODUCT_ID,WAREHOUSE_ID,QUANTITY) VALUES (54,8,44);
INSERT INTO INVENTORIES (PRODUCT_ID,WAREHOUSE_ID,QUANTITY) VALUES (62,8,47);
INSERT INTO INVENTORIES (PRODUCT_ID,WAREHOUSE_ID,QUANTITY) VALUES (63,8,47);
INSERT INTO INVENTORIES (PRODUCT_ID,WAREHOUSE_ID,QUANTITY) VALUES (67,8,49);
INSERT INTO INVENTORIES (PRODUCT_ID,WAREHOUSE_ID,QUANTITY) VALUES (68,8,49);
INSERT INTO INVENTORIES (PRODUCT_ID,WAREHOUSE_ID,QUANTITY) VALUES (69,8,50);
INSERT INTO INVENTORIES (PRODUCT_ID,WAREHOUSE_ID,QUANTITY) VALUES (70,8,50);
INSERT INTO INVENTORIES (PRODUCT_ID,WAREHOUSE_ID,QUANTITY) VALUES (71,8,50);
INSERT INTO INVENTORIES (PRODUCT_ID,WAREHOUSE_ID,QUANTITY) VALUES (72,8,50);
INSERT INTO INVENTORIES (PRODUCT_ID,WAREHOUSE_ID,QUANTITY) VALUES (73,8,39);
INSERT INTO INVENTORIES (PRODUCT_ID,WAREHOUSE_ID,QUANTITY) VALUES (74,8,39);
INSERT INTO INVENTORIES (PRODUCT_ID,WAREHOUSE_ID,QUANTITY) VALUES (76,8,40);
INSERT INTO INVENTORIES (PRODUCT_ID,WAREHOUSE_ID,QUANTITY) VALUES (78,8,41);
INSERT INTO INVENTORIES (PRODUCT_ID,WAREHOUSE_ID,QUANTITY) VALUES (79,8,41);
INSERT INTO INVENTORIES (PRODUCT_ID,WAREHOUSE_ID,QUANTITY) VALUES (80,8,41);
INSERT INTO INVENTORIES (PRODUCT_ID,WAREHOUSE_ID,QUANTITY) VALUES (84,8,45);
INSERT INTO INVENTORIES (PRODUCT_ID,WAREHOUSE_ID,QUANTITY) VALUES (87,8,47);
INSERT INTO INVENTORIES (PRODUCT_ID,WAREHOUSE_ID,QUANTITY) VALUES (88,8,12);
INSERT INTO INVENTORIES (PRODUCT_ID,WAREHOUSE_ID,QUANTITY) VALUES (89,8,12);
INSERT INTO INVENTORIES (PRODUCT_ID,WAREHOUSE_ID,QUANTITY) VALUES (90,8,13);
INSERT INTO INVENTORIES (PRODUCT_ID,WAREHOUSE_ID,QUANTITY) VALUES (91,8,34);
INSERT INTO INVENTORIES (PRODUCT_ID,WAREHOUSE_ID,QUANTITY) VALUES (94,8,44);
INSERT INTO INVENTORIES (PRODUCT_ID,WAREHOUSE_ID,QUANTITY) VALUES (98,8,45);
INSERT INTO INVENTORIES (PRODUCT_ID,WAREHOUSE_ID,QUANTITY) VALUES (99,8,47);
INSERT INTO INVENTORIES (PRODUCT_ID,WAREHOUSE_ID,QUANTITY) VALUES (100,8,47);
INSERT INTO INVENTORIES (PRODUCT_ID,WAREHOUSE_ID,QUANTITY) VALUES (101,8,18);
INSERT INTO INVENTORIES (PRODUCT_ID,WAREHOUSE_ID,QUANTITY) VALUES (102,8,49);
INSERT INTO INVENTORIES (PRODUCT_ID,WAREHOUSE_ID,QUANTITY) VALUES (103,8,20);
INSERT INTO INVENTORIES (PRODUCT_ID,WAREHOUSE_ID,QUANTITY) VALUES (104,8,46);
INSERT INTO INVENTORIES (PRODUCT_ID,WAREHOUSE_ID,QUANTITY) VALUES (105,8,20);
INSERT INTO INVENTORIES (PRODUCT_ID,WAREHOUSE_ID,QUANTITY) VALUES (106,8,21);
INSERT INTO INVENTORIES (PRODUCT_ID,WAREHOUSE_ID,QUANTITY) VALUES (107,8,21);
INSERT INTO INVENTORIES (PRODUCT_ID,WAREHOUSE_ID,QUANTITY) VALUES (108,8,21);
INSERT INTO INVENTORIES (PRODUCT_ID,WAREHOUSE_ID,QUANTITY) VALUES (109,8,21);
INSERT INTO INVENTORIES (PRODUCT_ID,WAREHOUSE_ID,QUANTITY) VALUES (110,8,22);
INSERT INTO INVENTORIES (PRODUCT_ID,WAREHOUSE_ID,QUANTITY) VALUES (114,8,23);
INSERT INTO INVENTORIES (PRODUCT_ID,WAREHOUSE_ID,QUANTITY) VALUES (115,8,24);
INSERT INTO INVENTORIES (PRODUCT_ID,WAREHOUSE_ID,QUANTITY) VALUES (116,8,24);
INSERT INTO INVENTORIES (PRODUCT_ID,WAREHOUSE_ID,QUANTITY) VALUES (117,8,24);
INSERT INTO INVENTORIES (PRODUCT_ID,WAREHOUSE_ID,QUANTITY) VALUES (119,8,25);
INSERT INTO INVENTORIES (PRODUCT_ID,WAREHOUSE_ID,QUANTITY) VALUES (120,8,25);
INSERT INTO INVENTORIES (PRODUCT_ID,WAREHOUSE_ID,QUANTITY) VALUES (121,8,25);
INSERT INTO INVENTORIES (PRODUCT_ID,WAREHOUSE_ID,QUANTITY) VALUES (122,8,26);
INSERT INTO INVENTORIES (PRODUCT_ID,WAREHOUSE_ID,QUANTITY) VALUES (123,8,26);
INSERT INTO INVENTORIES (PRODUCT_ID,WAREHOUSE_ID,QUANTITY) VALUES (124,8,26);
INSERT INTO INVENTORIES (PRODUCT_ID,WAREHOUSE_ID,QUANTITY) VALUES (125,8,26);
INSERT INTO INVENTORIES (PRODUCT_ID,WAREHOUSE_ID,QUANTITY) VALUES (126,8,26);
INSERT INTO INVENTORIES (PRODUCT_ID,WAREHOUSE_ID,QUANTITY) VALUES (128,8,27);
INSERT INTO INVENTORIES (PRODUCT_ID,WAREHOUSE_ID,QUANTITY) VALUES (129,8,27);
INSERT INTO INVENTORIES (PRODUCT_ID,WAREHOUSE_ID,QUANTITY) VALUES (130,8,53);
INSERT INTO INVENTORIES (PRODUCT_ID,WAREHOUSE_ID,QUANTITY) VALUES (131,8,53);
INSERT INTO INVENTORIES (PRODUCT_ID,WAREHOUSE_ID,QUANTITY) VALUES (132,8,28);
INSERT INTO INVENTORIES (PRODUCT_ID,WAREHOUSE_ID,QUANTITY) VALUES (133,8,28);
INSERT INTO INVENTORIES (PRODUCT_ID,WAREHOUSE_ID,QUANTITY) VALUES (134,8,54);
INSERT INTO INVENTORIES (PRODUCT_ID,WAREHOUSE_ID,QUANTITY) VALUES (135,8,54);
INSERT INTO INVENTORIES (PRODUCT_ID,WAREHOUSE_ID,QUANTITY) VALUES (136,8,28);
INSERT INTO INVENTORIES (PRODUCT_ID,WAREHOUSE_ID,QUANTITY) VALUES (137,8,29);
INSERT INTO INVENTORIES (PRODUCT_ID,WAREHOUSE_ID,QUANTITY) VALUES (138,8,31);
INSERT INTO INVENTORIES (PRODUCT_ID,WAREHOUSE_ID,QUANTITY) VALUES (139,8,8);
INSERT INTO INVENTORIES (PRODUCT_ID,WAREHOUSE_ID,QUANTITY) VALUES (140,8,9);
INSERT INTO INVENTORIES (PRODUCT_ID,WAREHOUSE_ID,QUANTITY) VALUES (141,8,33);
INSERT INTO INVENTORIES (PRODUCT_ID,WAREHOUSE_ID,QUANTITY) VALUES (142,8,34);
INSERT INTO INVENTORIES (PRODUCT_ID,WAREHOUSE_ID,QUANTITY) VALUES (144,8,10);
INSERT INTO INVENTORIES (PRODUCT_ID,WAREHOUSE_ID,QUANTITY) VALUES (145,8,11);
INSERT INTO INVENTORIES (PRODUCT_ID,WAREHOUSE_ID,QUANTITY) VALUES (146,8,11);
INSERT INTO INVENTORIES (PRODUCT_ID,WAREHOUSE_ID,QUANTITY) VALUES (147,8,11);
INSERT INTO INVENTORIES (PRODUCT_ID,WAREHOUSE_ID,QUANTITY) VALUES (148,8,12);
INSERT INTO INVENTORIES (PRODUCT_ID,WAREHOUSE_ID,QUANTITY) VALUES (149,8,12);
INSERT INTO INVENTORIES (PRODUCT_ID,WAREHOUSE_ID,QUANTITY) VALUES (150,8,15);
INSERT INTO INVENTORIES (PRODUCT_ID,WAREHOUSE_ID,QUANTITY) VALUES (151,8,15);
INSERT INTO INVENTORIES (PRODUCT_ID,WAREHOUSE_ID,QUANTITY) VALUES (152,8,15);
INSERT INTO INVENTORIES (PRODUCT_ID,WAREHOUSE_ID,QUANTITY) VALUES (159,8,27);
INSERT INTO INVENTORIES (PRODUCT_ID,WAREHOUSE_ID,QUANTITY) VALUES (160,8,33);
INSERT INTO INVENTORIES (PRODUCT_ID,WAREHOUSE_ID,QUANTITY) VALUES (161,8,48);
INSERT INTO INVENTORIES (PRODUCT_ID,WAREHOUSE_ID,QUANTITY) VALUES (163,8,47);
INSERT INTO INVENTORIES (PRODUCT_ID,WAREHOUSE_ID,QUANTITY) VALUES (166,8,66);
INSERT INTO INVENTORIES (PRODUCT_ID,WAREHOUSE_ID,QUANTITY) VALUES (168,8,56);
INSERT INTO INVENTORIES (PRODUCT_ID,WAREHOUSE_ID,QUANTITY) VALUES (174,8,86);
INSERT INTO INVENTORIES (PRODUCT_ID,WAREHOUSE_ID,QUANTITY) VALUES (175,8,86);
INSERT INTO INVENTORIES (PRODUCT_ID,WAREHOUSE_ID,QUANTITY) VALUES (182,8,128);
INSERT INTO INVENTORIES (PRODUCT_ID,WAREHOUSE_ID,QUANTITY) VALUES (184,8,128);
INSERT INTO INVENTORIES (PRODUCT_ID,WAREHOUSE_ID,QUANTITY) VALUES (185,8,129);
INSERT INTO INVENTORIES (PRODUCT_ID,WAREHOUSE_ID,QUANTITY) VALUES (188,8,137);
INSERT INTO INVENTORIES (PRODUCT_ID,WAREHOUSE_ID,QUANTITY) VALUES (189,8,137);
INSERT INTO INVENTORIES (PRODUCT_ID,WAREHOUSE_ID,QUANTITY) VALUES (190,8,137);
INSERT INTO INVENTORIES (PRODUCT_ID,WAREHOUSE_ID,QUANTITY) VALUES (191,8,138);
INSERT INTO INVENTORIES (PRODUCT_ID,WAREHOUSE_ID,QUANTITY) VALUES (193,8,138);
INSERT INTO INVENTORIES (PRODUCT_ID,WAREHOUSE_ID,QUANTITY) VALUES (195,8,139);
INSERT INTO INVENTORIES (PRODUCT_ID,WAREHOUSE_ID,QUANTITY) VALUES (196,8,139);
INSERT INTO INVENTORIES (PRODUCT_ID,WAREHOUSE_ID,QUANTITY) VALUES (198,8,140);
INSERT INTO INVENTORIES (PRODUCT_ID,WAREHOUSE_ID,QUANTITY) VALUES (199,8,141);
INSERT INTO INVENTORIES (PRODUCT_ID,WAREHOUSE_ID,QUANTITY) VALUES (200,8,141);
INSERT INTO INVENTORIES (PRODUCT_ID,WAREHOUSE_ID,QUANTITY) VALUES (201,8,142);
INSERT INTO INVENTORIES (PRODUCT_ID,WAREHOUSE_ID,QUANTITY) VALUES (203,8,142);
INSERT INTO INVENTORIES (PRODUCT_ID,WAREHOUSE_ID,QUANTITY) VALUES (204,8,142);
INSERT INTO INVENTORIES (PRODUCT_ID,WAREHOUSE_ID,QUANTITY) VALUES (205,8,142);
INSERT INTO INVENTORIES (PRODUCT_ID,WAREHOUSE_ID,QUANTITY) VALUES (207,8,121);



--###############################################
--select query examples
--###############################################

SELECT 
    region_id,region_name 
FROM 
    regions;
    
SELECT 
    country_name 
FROM 
    countries;   


--################################################
--ORDER BY
--################################################

SELECT
    name,
    address,
    credit_limit
FROM
    customers
ORDER BY
    name ASC;
    

SELECT
    name,
    address,
    credit_limit
FROM
    customers
ORDER BY
    name DESC;
    
    
SELECT
	first_name,
	last_name
FROM
	contacts
ORDER BY
	first_name,
	last_name DESC;


SELECT
    country_id,
    city,
    state
FROM
    locations
ORDER BY
    city,
    state;


SELECT
    order_id,
    status,
    order_date
FROM
    orders
ORDER BY
    order_date ASC NULLS FIRST;
    
    